recipient,activity_name,award_amount,award_date,decision_month,decision_quarter,ace_area,local_authority,main_discipline,strand,time_limited_priority,award_year
Window Wanderland CIC,"Community of practise, Wanderland Pilot",33522,2025-04-01,April,Q1,South West,"Bristol, City of",Combined arts,"£30,000 and below",Not Time-Limited Priority,2025
Cat and Mouse Theatre,Time Crime,27461,2025-04-01,April,Q1,South West,South Gloucestershire,Theatre,"£30,000 and below",Not Time-Limited Priority,2025
London Borough of Ealing Libraries and community Centres,Y-Our Story Visual Stories of Acton,27000,2025-04-01,April,Q1,London,Ealing,Libraries,"£30,000 and below",Universal Library Offers,2025
Exmouth Festival,Exmouth Festival 2025,38500,2025-04-01,April,Q1,South West,East Devon,Combined arts,"Above £30,000",Not Time-Limited Priority,2025
Crediton Heart Project,Crediton Heart Summer Arts Festival,15135,2025-04-01,April,Q1,South West,Mid Devon,Combined arts,"£30,000 and below",Not Time-Limited Priority,2025
Jack Boal,Catherine R&D Resubmission,21929,2025-04-01,April,Q1,London,Wandsworth,Theatre,"£30,000 and below",Not Time-Limited Priority,2025
27 Degrees Theatre Company Ltd,Checkpoint Universe R&D,18900,2025-04-01,April,Q1,London,Islington,Theatre,"£30,000 and below",Not Time-Limited Priority,2025
Libby Heaney,Shadowscapes Orleans House Gallery,23000,2025-04-01,April,Q1,London,Hackney,Visual arts,"£30,000 and below",Not Time-Limited Priority,2025
Nienke van den Hof,Are We Supposed To Know What We're Doing?,2000,2025-04-01,April,Q1,South West,"Bristol, City of",Theatre,"£30,000 and below",Not Time-Limited Priority,2025
Voloz Collective,Community Engagement during Tour & Residency,9337,2025-04-01,April,Q1,South West,Bath and North East Somerset,Theatre,"£30,000 and below",Not Time-Limited Priority,2025
Rachel Smith,Move It! Tamworth,30000,2025-04-02,April,Q1,Midlands,Tamworth,Dance,"£30,000 and below",Not Time-Limited Priority,2025
The Garage trust,Young people at risk of NEET co-creation,39664,2025-04-02,April,Q1,South East,Norwich,Theatre,"£30,000 and below",Not Time-Limited Priority,2025
Slaget Theatre,KATHARINE a community action research led R&D,29600,2025-04-02,April,Q1,South East,Tendring,Theatre,"£30,000 and below",Not Time-Limited Priority,2025
Susan Nedd,T21 Alchemy R+D,30806,2025-04-02,April,Q1,London,Brent,Theatre,"£30,000 and below",Not Time-Limited Priority,2025
Helen Clare,Menopause Cloak,15758,2025-04-02,April,Q1,North,Manchester,Visual arts,"£30,000 and below",Not Time-Limited Priority,2025
Helen Epega,Resonant Communities: Expanding Opera Through Multisensory Performance & Engagement,29800,2025-04-02,April,Q1,London,Brent,Music,"£30,000 and below",Not Time-Limited Priority,2025
James Wilton Dance Limited,International expansions and mentoring project,30000,2025-04-02,April,Q1,South East,Mid Sussex,Dance,"£30,000 and below",Not Time-Limited Priority,2025
James Nash,GUIDELINES/THE FOREST,29966,2025-04-02,April,Q1,South East,Horsham,Digital Arts,"£30,000 and below",Not Time-Limited Priority,2025
Margate Pride CIC,2025 Margate Pride Festival RESUBMISSION,30000,2025-04-02,April,Q1,South East,Thanet,Combined arts,"£30,000 and below",Not Time-Limited Priority,2025
Music Worldwide,Music Worldwide: integrating a sustainable approach to making with a local engagement programme for CYP & newly arrived communities,29520,2025-04-02,April,Q1,South East,Norwich,Combined arts,"£30,000 and below",Not Time-Limited Priority,2025
Going For Independence CIC,Bel View,15489,2025-04-02,April,Q1,North,Redcar and Cleveland,Theatre,"£30,000 and below",Not Time-Limited Priority,2025
Jordan Edge,The North East Emerging Artist Award 'The Lyre Of Elysium' Public NLPG-00783234-V2 Sculpture & Public Programme with Seaton Delaval Hall & The National Trust,8450,2025-04-02,April,Q1,North,Newcastle upon Tyne,Combined arts,"£30,000 and below",Not Time-Limited Priority,2025
Tricia Arthur-Stubbs,BRAVE Festival,30004,2025-04-02,April,Q1,North,Bradford,Combined arts,"£30,000 and below",Not Time-Limited Priority,2025
Lewys Holt,"RESUBMISSION Earth, From Memory - Research and Workshop Design",24097,2025-04-02,April,Q1,North,Leeds,Combined arts,"£30,000 and below",Not Time-Limited Priority,2025
Ricky Dukes,MAKING SHAKESPEARE ACCESSIBLE PRIMARY YEARS  Resubmission of: NLPG-00763649-V2,25526,2025-04-02,April,Q1,Midlands,Dudley,Theatre,"£30,000 and below",Not Time-Limited Priority,2025
John Hickman,Created With Care,15486,2025-04-02,April,Q1,North,North Tyneside,Theatre,"£30,000 and below",Not Time-Limited Priority,2025
TIMOTHY HARRISON,Common Grounds,21500,2025-04-02,April,Q1,North,Medway,Visual arts,"£30,000 and below",Not Time-Limited Priority,2025
Flock Theatremakers,The Girl and Dinosaur R&D - co-creation hospital project + coastal tour,23887,2025-04-02,April,Q1,South East,Brighton and Hove,Theatre,"£30,000 and below",Not Time-Limited Priority,2025
Shambik Ghose,Project Youth,3950,2025-04-02,April,Q1,North,Leeds,Dance,"£30,000 and below",Not Time-Limited Priority,2025
Byzantia Harlow,Ebbed Tide,6377,2025-04-02,April,Q1,South East,Buckinghamshire,Visual arts,"£30,000 and below",Not Time-Limited Priority,2025
Bloc Projects,"Future-Fitting Bloc Projects: sustainability, collaboration and access",62864,2025-04-02,April,Q1,North,Sheffield,Visual arts,"Above £30,000",Not Time-Limited Priority,2025
Black Shuck Festival CIC,Black Shuck Festival Arts Programme 2025,39660,2025-04-02,April,Q1,South East,East Suffolk,Combined arts,"Above £30,000",Not Time-Limited Priority,2025
Neil Brownsword,Legacy and Continuity (re-application),30000,2025-04-02,April,Q1,Midlands,Stoke-on-Trent,Visual arts,"£30,000 and below",Not Time-Limited Priority,2025
Jonathan Coote,Book tour and illustrator for project - amended goals and budget,4544,2025-04-02,April,Q1,North,Leeds,Literature,"£30,000 and below",Not Time-Limited Priority,2025
In Place of War,EarthSonic Local,76379,2025-04-02,April,Q1,North,Salford,Music,"Above £30,000",Not Time-Limited Priority,2025
Malcolm Carratt,The Hidden Man,17334,2025-04-02,April,Q1,North,Rotherham,Theatre,"£30,000 and below",Not Time-Limited Priority,2025
Duncan Whitley,"Vanishing Point: Digital Platform, Co-creation & Events Programme (resubmission)",29946,2025-04-02,April,Q1,Midlands,Coventry,Not discipline specific,"£30,000 and below",Not Time-Limited Priority,2025
CWAC Winsford,Cine Window and Crosshatch Studios collaboration,54900,2025-04-02,April,Q1,North,Cheshire West and Chester,Visual arts,"Above £30,000",Not Time-Limited Priority,2025
Ransack Theatre Company,Life Out There - Production 2025,46250,2025-04-02,April,Q1,North,Manchester,Theatre,"Above £30,000",Not Time-Limited Priority,2025
Harriet Warnock,Leave The Morning To The Morning - Research and Development,11530,2025-04-02,April,Q1,North,Liverpool,Theatre,"£30,000 and below",Not Time-Limited Priority,2025
Museums Worcestershire - County Museum,Atchin Tan - Stopping places,89975,2025-04-02,April,Q1,Midlands,Wychavon,Museums,"Above £30,000",Unlocking Collections,2025
code and culture,V-Legacy,29857,2025-04-02,April,Q1,London,Westminster,Music,"£30,000 and below",Not Time-Limited Priority,2025
Dover District Council,Inspire Arts,60288,2025-04-02,April,Q1,South East,Dover,Not discipline specific,"Above £30,000",Not Time-Limited Priority,2025
OUT OF MANY PEOPLE,ROOTED - INTRODUCING OUT OF MANY PEOPLE CIC,60000,2025-04-02,April,Q1,North,Leeds,Literature,"Above £30,000",Not Time-Limited Priority,2025
Envisage Community Dance Company,Envisage This,12895,2025-04-02,April,Q1,North,North Yorkshire,Dance,"£30,000 and below",Not Time-Limited Priority,2025
Sohaya Visions,LEATHER WOMEN,29972,2025-04-02,April,Q1,Midlands,Walsall,Theatre,"£30,000 and below",Not Time-Limited Priority,2025
Face Front Inclusive Theatre,Creative Connections 5 - Through Inclusive Theatre,100000,2025-04-02,April,Q1,London,Enfield,Theatre,"Above £30,000",Not Time-Limited Priority,2025
Hot Poets,Hot Poets Ignite 2.0,121183,2025-04-02,April,Q1,South West,Somerset,Literature,"Above £30,000 - Major Project",Not Time-Limited Priority,2025
Transition Town Totnes,Transition Tales,15679,2025-04-08,April,Q1,South West,South Hams,Combined arts,"£30,000 and below",Not Time-Limited Priority,2025
Coppice Theatre,Book Witch Strategic Libraries Tour 2025 (Resubmission),28600,2025-04-08,April,Q1,South West,Cornwall,Theatre,"£30,000 and below",Universal Library Offers,2025
Susannah Harriet C Fraser,Squishy Show,20887,2025-04-08,April,Q1,South East,Norwich,Theatre,"£30,000 and below",Not Time-Limited Priority,2025
Roger Griffith,First Born Second: Voices of the Children of the Windrush Generation,29840,2025-04-08,April,Q1,South West,South Gloucestershire,Literature,"£30,000 and below",Not Time-Limited Priority,2025
Mona Manjot Kaur Dhaliwal,Re-membering South Asian Feminist Poetics,10000,2025-04-08,April,Q1,South East,Brighton and Hove,Literature,"£30,000 and below",Not Time-Limited Priority,2025
Thomas Anderson,SEN Summer Songwriting Workshop,18995,2025-04-08,April,Q1,South East,Brighton and Hove,Music,"£30,000 and below",Not Time-Limited Priority,2025
ANTS Theatre,Eat Me,6640,2025-04-08,April,Q1,London,Norwich,Theatre,"£30,000 and below",Not Time-Limited Priority,2025
Mambo Arts,Our Voices Our Stories,30000,2025-04-08,April,Q1,South East,Luton,Literature,"£30,000 and below",Not Time-Limited Priority,2025
Elliott Reeves-Giblin,It's Your Role: The Interactive RPG Adventure,2684,2025-04-08,April,Q1,London,Isle of Wight,Theatre,"£30,000 and below",Not Time-Limited Priority,2025
Richard Chappell Dance CIC,Hot House Tour and Supporting Acts Programme Resubmission,28940,2025-04-08,April,Q1,South West,Exeter,Dance,"£30,000 and below",Not Time-Limited Priority,2025
Few Good Men Limited,"AFRIFEST EAST 2025 | Expanding East Anglia’s leading festival for African music, performance & culture",29800,2025-04-08,April,Q1,South East,Harlow,Music,"£30,000 and below",Not Time-Limited Priority,2025
formidAbility,"Diversifying and training the opera workforce: organisational development for formidAbility, leading disability-led opera company",75512,2025-04-09,April,Q1,Midlands,Birmingham,Music,"£30,000 and below",Not Time-Limited Priority,2025
Karla Quinonez Leon,"Para Ecuador, Con Amor",5000,2025-04-09,April,Q1,London,Tower Hamlets,Visual arts,"£30,000 and below",Not Time-Limited Priority,2025
University of Sussex,From Felpham to Beachy Head: a landscape and its people in poetry and song,24245,2025-04-09,April,Q1,South East,Brighton and Hove,Music,"£30,000 and below",Not Time-Limited Priority,2025
The Lost Boys,Dystopia Co-Creation,29900,2025-04-09,April,Q1,Midlands,Derby,Combined arts,"£30,000 and below",Not Time-Limited Priority,2025
Inclusive Arts Collective,The Arts Lab,33375,2025-04-09,April,Q1,London,Waltham Forest,Combined arts,"£30,000 and below",Not Time-Limited Priority,2025
ELOQUENT PRAISE AND EMPOWERMENT DANCE COMPANY,Resubmission: Black Rose,30430,2025-04-09,April,Q1,Midlands,Birmingham,Dance,"£30,000 and below",Not Time-Limited Priority,2025
2 Faced Dance Company Limited,Fish Boy Tour,29995,2025-04-09,April,Q1,Midlands,"Herefordshire, County of",Dance,"£30,000 and below",Not Time-Limited Priority,2025
Kabir Hussain,"Walnut Works bronze casting community workshops, residencies, exhibitions and talks",31361,2025-04-09,April,Q1,South East,King's Lynn and West Norfolk,Visual arts,"£30,000 and below",Not Time-Limited Priority,2025
Lindsay Waller-Wilkinson,Tees Valley Festival Volunteering Creative Community Workshops,27681,2025-04-09,April,Q1,North,Redcar and Cleveland,Combined arts,"£30,000 and below",Not Time-Limited Priority,2025
Liverpool Hope University,Unseen Beauty: Art Beyond Sight,23648,2025-04-09,April,Q1,North,Liverpool,Visual arts,"£30,000 and below",Not Time-Limited Priority,2025
Warrington Borough Council,Warrington Mela 2025,28873,2025-04-09,April,Q1,North,Warrington,Combined arts,"£30,000 and below",Not Time-Limited Priority,2025
Maria Jose Ubera Biedma,The Machine of Horizontal Dreams - Phase 2,33341,2025-04-09,April,Q1,London,Hackney,Dance,"£30,000 and below",Not Time-Limited Priority,2025
Park Theatre,The Talking Drum,29500,2025-04-09,April,Q1,London,Islington,Theatre,"£30,000 and below",Not Time-Limited Priority,2025
Unpuzzled Theatre Company C.I.C,The Living History Museum: Prince's of the Past,29995,2025-04-09,April,Q1,South East,Basildon,Theatre,"£30,000 and below",Not Time-Limited Priority,2025
Gaia House Productions,The Comfort Woman,29214,2025-04-09,April,Q1,London,Camden,Theatre,"£30,000 and below",Not Time-Limited Priority,2025
The Peace Museum,InCommon - Celebrating the unifying heritage of peace movements today,17985,2025-04-09,April,Q1,North,Bradford,Museums,"£30,000 and below",Unlocking Collections,2025
Scott Sadler,Puppet Rave,2042,2025-04-09,April,Q1,North,Rossendale,Combined arts,"£30,000 and below",Not Time-Limited Priority,2025
Joanna Manousis,Mirrors of the Third Dimension,28506,2025-04-09,April,Q1,North,Sunderland,Visual arts,"£30,000 and below",Not Time-Limited Priority,2025
The Heath Bookshop,The Heath Bookshop Literature & Music Festival 2026,30000,2025-04-09,April,Q1,Midlands,Birmingham,Combined arts,"£30,000 and below",Not Time-Limited Priority,2025
Anna Bertmark,The Detectorist: An Audio Drama,11166,2025-04-09,April,Q1,South East,Brighton and Hove,Theatre,"£30,000 and below",Not Time-Limited Priority,2025
Aaron Williamson,Outlandish - Fake Vintage Crip Land Art (Resubmission),19420,2025-04-09,April,Q1,London,Tower Hamlets,Visual arts,"£30,000 and below",Not Time-Limited Priority,2025
Wirral Libraries (Wirral Borough Council),Inspired by Nature,27454,2025-04-09,April,Q1,North,Wirral,Libraries,"£30,000 and below",Universal Library Offers,2025
Gabriel Sahhar,"When Language Fails, Bodies Talk",11000,2025-04-09,April,Q1,London,Lambeth,Visual arts,"£30,000 and below",Not Time-Limited Priority,2025
Kaleider Limited,2025 & 2026 International Tour After The Fall,129460,2025-04-16,April,Q1,South West,Exeter,Combined arts,"Above £30,000 - Over £30k Touring project",Not Time-Limited Priority,2025
Show Racism The Red Card,Tour of Our Little Hour - the musical based on the life of Walter Tull,52850,2025-04-16,April,Q1,North,North Tyneside,Theatre,"Above £30,000 - Over £30k Touring project",Not Time-Limited Priority,2025
Eye Music Trust,2025-26 TOUR: Symphony of Connections,76109,2025-04-16,April,Q1,London,Croydon,Music,"Above £30,000 - Over £30k Touring project",Not Time-Limited Priority,2025
Staffordshire Association for Black Lives Equality CIC,"Six Towns, One Stoke, One  Hundred years Carnival Celebration",100000,2025-04-16,April,Q1,Midlands,Stoke-on-Trent,Combined arts,"Above £30,000",Not Time-Limited Priority,2025
Co-operative Heritage Trust,Co-operative Heritage Trust CIO,59910,2025-04-16,April,Q1,North,Rochdale,Museums,"Above £30,000",Unlocking Collections,2025
Nikki & JD,Fireside Rural Tour,60312,2025-04-16,April,Q1,London,Hackney,Theatre,"Above £30,000 - Over £30k Touring project",Not Time-Limited Priority,2025
Barefoot Opera,2025 Community Opera: Lucia di Lammermoor,58964,2025-04-16,April,Q1,South East,Hastings,Music,"Above £30,000 - Over £30k Touring project",Not Time-Limited Priority,2025
Edward Hopkins,SALT national tour,45000,2025-04-16,April,Q1,South East,North Norfolk,Theatre,"Above £30,000 - Over £30k Touring project",Not Time-Limited Priority,2025
Decolonise,Decolonise Fest 2025,18808,2025-04-16,April,Q1,London,Lambeth,Music,"£30,000 and below",Supporting Grassroots Music,2025
Neon Dance,Last and First Men,90691,2025-04-16,April,Q1,South West,Swindon,Dance,"Above £30,000 - Over £30k Touring project",Not Time-Limited Priority,2025
Culture Community CIC,Culture Community,28661,2025-04-16,April,Q1,South East,Peterborough,Combined arts,"£30,000 and below",Not Time-Limited Priority,2025
Dash Arts Ltd,Our Public House Premiere and National Tour,116400,2025-04-16,April,Q1,London,Tower Hamlets,Theatre,"Above £30,000 - Over £30k Touring project",Not Time-Limited Priority,2025
MADE Cultural Education Partnership,MADE Core delivery,58000,2025-04-16,April,Q1,North,Manchester,Combined arts,"Above £30,000",Not Time-Limited Priority,2025
Poetry People Community Interest Company,More Pearls from the Grit,29949,2025-04-16,April,Q1,South East,East Suffolk,Theatre,"£30,000 and below",Not Time-Limited Priority,2025
Jo Townshend,CVAN London 3 - Making Change,94695,2025-04-16,April,Q1,London,Brent,Visual arts,"Above £30,000",Not Time-Limited Priority,2025
Swing Dash,Movers community grassroots music venue Nottingham,40288,2025-04-16,April,Q1,Midlands,Nottingham,Music,"Above £30,000",Supporting Grassroots Music,2025
Akeim Toussaint Buck,"(FINAL SUBMISSION) FREE: development, co-creation, performances and international development",68694,2025-04-16,April,Q1,North,Leeds,Theatre,"Above £30,000",Not Time-Limited Priority,2025
AMP Music Yorkshire,Amplify,50000,2025-04-16,April,Q1,North,York,Music,"Above £30,000",Not Time-Limited Priority,2025
Lancaster Art Fair CIC,Lancaster Art Fair 2025,15000,2025-04-16,April,Q1,North,Lancaster,Visual arts,"£30,000 and below",Not Time-Limited Priority,2025
In Bed With My Brother,PHILOSOPHY OF THE WORLD: Mid-Scale UK Tour Resubmission,79346,2025-04-16,April,Q1,South West,Exeter,Theatre,"Above £30,000 - Over £30k Touring project",Not Time-Limited Priority,2025
The Art Works Gallery CIC,ArtWorks Together 2026,68557,2025-04-16,April,Q1,North,Rotherham,Visual arts,"Above £30,000",Not Time-Limited Priority,2025
Clevedon LitFest Charity CIO 1206829,Clevedon LitFest,18000,2025-04-16,April,Q1,South West,North Somerset,Literature,"£30,000 and below",Not Time-Limited Priority,2025
Uniao da Mocidade,"'Paz, Devoção, Axé' - Peace, Devotion, Power",21653,2025-04-16,April,Q1,London,Barnet,Music,"£30,000 and below",Not Time-Limited Priority,2025
Alicia Mckenzie,Alicia's Amazing Adventure: to Find the First Black Britons,19770,2025-04-16,April,Q1,North,Salford,Theatre,"£30,000 and below",Not Time-Limited Priority,2025
Robin McManus,The Oral Blank Canvas Community Theatre Project,4000,2025-04-16,April,Q1,London,Merton,Theatre,"£30,000 and below",Not Time-Limited Priority,2025
MuMo Creative,Unlocking Voices:Bringing Silent Stories to Life,29900,2025-04-16,April,Q1,South East,Oxford,Dance,"£30,000 and below",Not Time-Limited Priority,2025
Frederick Miles Kearley-Shiers,QUEER'D,33577,2025-04-16,April,Q1,London,Lambeth,Dance,"£30,000 and below",Not Time-Limited Priority,2025
Quench Gallery,Working Class In The Arts,19500,2025-04-16,April,Q1,South East,Thanet,Visual arts,"£30,000 and below",Not Time-Limited Priority,2025
The Booking Hall CIC,The Booking Hall CIC Summer Concert Series,25128,2025-04-16,April,Q1,South East,Dover,Music,"£30,000 and below",Supporting Grassroots Music,2025
George Lloyd,Footprints Development Programme,23646,2025-04-16,April,Q1,North,Sheffield,Music,"£30,000 and below",Supporting Grassroots Music,2025
Caritas Diocese of Salford,The Long Path to True North,22000,2025-04-16,April,Q1,North,Salford,Literature,"£30,000 and below",Not Time-Limited Priority,2025
Tracks Darlington Community Interest Company,Last Train Home 2025,30000,2025-04-16,April,Q1,North,Darlington,Music,"£30,000 and below",Supporting Grassroots Music,2025
The House of Abraxas Ltd,Women and LGBTQIA+ to the Front,15235,2025-04-16,April,Q1,North,Calderdale,Music,"£30,000 and below",Supporting Grassroots Music,2025
Cornwall Community Foundation,Young & Talented Cornwall - AWEN: Celebrating and inspiring our talented young people,19150,2025-04-16,April,Q1,South West,Cornwall,Combined arts,"£30,000 and below",Not Time-Limited Priority,2025
Quest Music Services,Real Urban Music From The Streets,24220,2025-04-16,April,Q1,South East,Thurrock,Music,"£30,000 and below",Not Time-Limited Priority,2025
Thomas Eke,Places Togather 2025-27,14681,2025-04-16,April,Q1,South East,Milton Keynes,Visual arts,"£30,000 and below",Not Time-Limited Priority,2025
Voodoo Daddys,Voodoo Daddys - Grassroots Music Venue,29985,2025-04-16,April,Q1,South East,Norwich,Music,"£30,000 and below",Supporting Grassroots Music,2025
Matipo Arts CIC,River Play: Place Based Research and Development,6250,2025-04-16,April,Q1,South East,Harlow,Theatre,"£30,000 and below",Not Time-Limited Priority,2025
Darren Johnston,Aetheria (Portal: Phase 2 Beta) RESUBMISSION,30000,2025-04-16,April,Q1,London,Barnet,Digital Arts,"£30,000 and below",Not Time-Limited Priority,2025
Lucy Hamandishe,Dance To Thrive Exchange,29950,2025-04-16,April,Q1,London,Croydon,Music,"£30,000 and below",Supporting Grassroots Music,2025
Bluman Associates Limited,I am Your Mirror - Phase 2 (Resubmission),27050,2025-04-16,April,Q1,London,Islington,Digital Arts,"£30,000 and below",Not Time-Limited Priority,2025
Paul Wyatt,"Transcription, subtitling and disc creation for film screening",1977,2025-04-16,April,Q1,London,Greenwich,Visual arts,"£30,000 and below",Not Time-Limited Priority,2025
Swans Events,Sheffield Food Festival 2025 - Grassroots Music Programme Resubmission,17500,2025-04-16,April,Q1,North,Doncaster,Music,"£30,000 and below",Supporting Grassroots Music,2025
Collective Encounters,Radical Retrospectives,38646,2025-04-16,April,Q1,North,Liverpool,Theatre,"£30,000 and below",Not Time-Limited Priority,2025
Side eYe Productions LTD,Desperate Times,7250,2025-04-16,April,Q1,London,Wandsworth,Theatre,"£30,000 and below",Not Time-Limited Priority,2025
The Poetry Takeaway Ltd,The Poetry Takeaway - public spaces,28922,2025-04-16,April,Q1,London,Hillingdon,Literature,"£30,000 and below",Not Time-Limited Priority,2025
Eve Stainton,Teaching in Prison + New Solo (resubmission 3),35996,2025-04-16,April,Q1,London,Lewisham,Dance,"£30,000 and below",Not Time-Limited Priority,2025
Machina Bristronica Ltd,Machina Bristronica 2025,20264,2025-04-16,April,Q1,South West,"Bristol, City of",Music,"£30,000 and below",Supporting Grassroots Music,2025
Towns End Touring Productions,"Resubmission - Finding A Voice: a touring play with music reflecting Asian women's working lives in Britain, challenging stereotypes and fighting for their rights",30000,2025-04-16,April,Q1,North,Barnsley,Theatre,"£30,000 and below",Not Time-Limited Priority,2025
Sebastian Gardner,THE TERRIBLE THING,7200,2025-04-16,April,Q1,South East,Cherwell,Theatre,"£30,000 and below",Not Time-Limited Priority,2025
Double Telling,Run Sister Run,29317,2025-04-16,April,Q1,London,Camden,Theatre,"£30,000 and below",Not Time-Limited Priority,2025
Alice O'Hanlon,Forget Me Not,31454,2025-04-16,April,Q1,South East,Chichester,Theatre,"£30,000 and below",Not Time-Limited Priority,2025
Thom Bailey,More Ancient Texts,28034,2025-04-16,April,Q1,South East,East Suffolk,Theatre,"£30,000 and below",Not Time-Limited Priority,2025
Bridgwater Carnival,Bridgwater Carnival Music & Dance Festival,18291,2025-04-16,April,Q1,South West,Somerset,Combined arts,"£30,000 and below",Not Time-Limited Priority,2025
Pamodzi Creatives CIC,Who Inspires You?,29999,2025-04-16,April,Q1,South West,Portsmouth,Literature,"£30,000 and below",Not Time-Limited Priority,2025
Max Wallis,The Aftershock Review (RESUBMISSION - 20% CUT ACROSS FUNDING ASK)),32368,2025-04-16,April,Q1,North,Chorley,Literature,"£30,000 and below",Not Time-Limited Priority,2025
Autin Dance Theatre CIO,Community Engagement & Co-Creation Participation: Parade - The Giant Wheel 2025 Tour,31750,2025-04-17,April,Q1,Midlands,Walsall,Theatre,"£30,000 and below",Not Time-Limited Priority,2025
Nowka Bais Community Interest Company,Nowka Bais 2025 v2,29497,2025-04-17,April,Q1,Midlands,Birmingham,Combined arts,"£30,000 and below",Not Time-Limited Priority,2025
Ruth Henley,Bromsgrove Singing Projects,3645,2025-04-17,April,Q1,Midlands,Bromsgrove,Music,"£30,000 and below",Not Time-Limited Priority,2025
Darbar Events Limited,Vaisakhi 2025,6400,2025-04-17,April,Q1,Midlands,Sandwell,Combined arts,"£30,000 and below",Not Time-Limited Priority,2025
Francesca Richards,Can Yow Remember?,25120,2025-04-17,April,Q1,Midlands,Walsall,Theatre,"£30,000 and below",Not Time-Limited Priority,2025
LesFest,LesFest (Grassroots Music Festival),10348,2025-04-17,April,Q1,Midlands,East Staffordshire,Music,"£30,000 and below",Not Time-Limited Priority,2025
The Art Station,Art and Learning Programme 2025,58728,2025-04-17,April,Q1,South East,East Suffolk,Visual arts,"Above £30,000",Not Time-Limited Priority,2025
Basildon Borough Council (Towngate theatre),Towngate LIVE! - 25/26,70753,2025-04-17,April,Q1,South East,Basildon,Music,"Above £30,000",Not Time-Limited Priority,2025
Sidonie Carey-Green,Body as Data Co-Creation (resubmission),37137,2025-04-22,April,Q1,South East,Folkestone and Hythe,Dance,"£30,000 and below",Not Time-Limited Priority,2025
High Street Social Club for the Arts in Ramsgate,Co-creating an organisational strategy for Arts in Ramsgate,35812,2025-04-22,April,Q1,South East,Thanet,Combined arts,"£30,000 and below",Not Time-Limited Priority,2025
Lindon Barr,The Garden: A Hip Hop Dance Theatre Experience,27494,2025-04-22,April,Q1,London,Epping Forest,Dance,"£30,000 and below",Not Time-Limited Priority,2025
Rebecca Bartram,Expression through Silent Comedy,22452,2025-04-22,April,Q1,North,Southend-on-Sea,Theatre,"£30,000 and below",Not Time-Limited Priority,2025
Tip Tray Theatre,FOUR by Elspeth Todd - Opportunities for the development in disabled artists,26249,2025-04-23,April,Q1,North,Knowsley,Theatre,"£30,000 and below",Not Time-Limited Priority,2025
Stella Howard,Creative Pathways - 2025,33598,2025-04-23,April,Q1,London,Newham,Combined arts,"£30,000 and below",Not Time-Limited Priority,2025
Positive East,U=U Community Quilt,9360,2025-04-23,April,Q1,London,Tower Hamlets,Visual arts,"£30,000 and below",Not Time-Limited Priority,2025
Misty Dampier,Music is for Everyone,2400,2025-04-23,April,Q1,London,Newham,Music,"£30,000 and below",Not Time-Limited Priority,2025
Apollo Music Projects,Apollo Concerts for Children's Creativity and Wellbeing,10000,2025-04-23,April,Q1,London,Hackney,Music,"£30,000 and below",Not Time-Limited Priority,2025
Graham Clayton-Chance,Last Dance,17330,2025-04-23,April,Q1,North,York,Dance,"£30,000 and below",Not Time-Limited Priority,2025
We Are Explorers CIC,We Are Explorers - Bolton Pilot Projects,15989,2025-04-23,April,Q1,North,Wigan,Combined arts,"£30,000 and below",Not Time-Limited Priority,2025
Tongues on Fire,“WriteFire: Igniting South Asian storytelling” 2025-26,26070,2025-04-23,April,Q1,London,Harrow,Literature,"£30,000 and below",Not Time-Limited Priority,2025
CAMP TRANS CIC,Trans Writing Course,7943,2025-04-23,April,Q1,London,Hackney,Literature,"£30,000 and below",Not Time-Limited Priority,2025
Kara Chamberlain,Doppelganger - R&D at Canda Water Theatre,2740,2025-04-23,April,Q1,London,Southwark,Theatre,"£30,000 and below",Not Time-Limited Priority,2025
St Margaret's Church,Rainham Piano Festival,9000,2025-04-23,April,Q1,South East,Medway,Music,"£30,000 and below",Not Time-Limited Priority,2025
Wenjie Li,Grrrls and Zines: Queer and Feminist Spirits Across Borders,36800,2025-04-23,April,Q1,South East,Lewisham,Visual arts,"£30,000 and below",Not Time-Limited Priority,2025
Sinead Campbell,Bradford Roots (RESUBMISSION),32561,2025-04-23,April,Q1,North,Bradford,Music,"£30,000 and below",Not Time-Limited Priority,2025
Henry Maynard,Horned God,29500,2025-04-23,April,Q1,South East,Huntingdonshire,Theatre,"£30,000 and below",Not Time-Limited Priority,2025
Katie-anna Whiting,When The Tide Comes- resubmission 5,30157,2025-04-23,April,Q1,South East,Breckland,Theatre,"£30,000 and below",Not Time-Limited Priority,2025
Ella Fraser,Video Killed,18217,2025-04-23,April,Q1,North,Wigan,Theatre,"£30,000 and below",Not Time-Limited Priority,2025
LS-TEN,Northern Inspire,8290,2025-04-23,April,Q1,North,Leeds,Combined arts,"£30,000 and below",Not Time-Limited Priority,2025
New Gen Ealing CIC Ltd,New Gen Festival 2025,30000,2025-04-23,April,Q1,London,Ealing,Combined arts,"£30,000 and below",Not Time-Limited Priority,2025
Hand Of Ltd,North Tyneside Sound Walk,13000,2025-04-23,April,Q1,North,Newcastle upon Tyne,Combined arts,"£30,000 and below",Not Time-Limited Priority,2025
Read Now Write Now,Nature Novels: Summer Writing Project for Children Liverpool City Region,23420,2025-04-23,April,Q1,North,Wirral,Literature,"£30,000 and below",Universal Library Offers,2025
frank prazer,Black Country Multicultural Festival 2025,15000,2025-04-23,April,Q1,South East,Luton,Combined arts,"£30,000 and below",Not Time-Limited Priority,2025
Cayr Charity,Young People Digital Arts Engagement Week 2nd resubmission,8441,2025-04-23,April,Q1,London,Westminster,Combined arts,"£30,000 and below",Not Time-Limited Priority,2025
Stephanie Papadopoulos,Indigo Carnival Project,20000,2025-04-23,April,Q1,London,Barnet,Combined arts,"£30,000 and below",Not Time-Limited Priority,2025
Taitusi Saukuru,Bula 2025,29700,2025-04-24,April,Q1,South West,South Gloucestershire,Combined arts,"£30,000 and below",Not Time-Limited Priority,2025
Southwell Music Festival Ltd,Southwell Music Festival 2025,25000,2025-04-24,April,Q1,Midlands,Newark and Sherwood,Music,"£30,000 and below",Not Time-Limited Priority,2025
West Lindsey District Council,Go With The Flow,30000,2025-04-24,April,Q1,Midlands,West Lindsey,Combined arts,"£30,000 and below",Not Time-Limited Priority,2025
"poets, prattlers, and pandemonialists",Midlands Fringe,8955,2025-04-24,April,Q1,Midlands,Wolverhampton,Literature,"£30,000 and below",Not Time-Limited Priority,2025
RYAN SINCLAIR,1 man Comedy x Spoken Word Show,29993,2025-04-24,April,Q1,Midlands,Birmingham,Theatre,"£30,000 and below",Not Time-Limited Priority,2025
Fraser McGruer Film and Photography,Echoes of Change,26917,2025-04-24,April,Q1,Midlands,South Kesteven,Visual arts,"£30,000 and below",Not Time-Limited Priority,2025
Cassandra Catchpole,FAF 2025 & Beyond,29988,2025-04-24,April,Q1,South East,Tendring,Combined arts,"£30,000 and below",Not Time-Limited Priority,2025
Floating Shed,Rebels and Patriots,28622,2025-04-24,April,Q1,South West,Somerset,Theatre,"£30,000 and below",Not Time-Limited Priority,2025
Mosaic Arts Collective Ltd,Follow the Light - Script Development,31155,2025-04-25,April,Q1,South West,Portsmouth,Theatre,"£30,000 and below",Not Time-Limited Priority,2025
Gainsborough's House,Katherine Jones RA artist at Gainsborough's House,30000,2025-04-29,April,Q1,South East,Babergh,Visual arts,"£30,000 and below",Not Time-Limited Priority,2025
caroline fortune,Mamma’s scrapbook; A sensory storytelling project,33446,2025-04-29,April,Q1,South East,Brighton and Hove,Combined arts,"£30,000 and below",Not Time-Limited Priority,2025
Cliftonville Cultural Space,ARK on the move,29982,2025-04-29,April,Q1,South East,Thanet,Combined arts,"£30,000 and below",Not Time-Limited Priority,2025
Aspire2,Whitley Carnival 2025: Creativity at the heart of our community,24100,2025-04-29,April,Q1,South East,Reading,Combined arts,"£30,000 and below",Not Time-Limited Priority,2025
METIS,Transit,32656,2025-04-30,April,Q1,South East,Cambridge,Theatre,"£30,000 and below",Not Time-Limited Priority,2025
Hastings Commons,Commoning the Programme 2,29968,2025-04-30,April,Q1,South East,Hastings,Digital Arts,"£30,000 and below",Not Time-Limited Priority,2025
X-Plosion Cultural Arts,X-plosion Cultural Arts Project,14269,2025-04-30,April,Q1,North,Bradford,Combined arts,"£30,000 and below",Not Time-Limited Priority,2025
Taran Harris,A Concord of Sweet Sounds,2000,2025-04-30,April,Q1,North,Sefton,Music,"£30,000 and below",Not Time-Limited Priority,2025
Zinzi Akilah Abeana Minott,"The Dr will see you now, monsters Don’t Get to Be Artists",39610,2025-04-30,April,Q1,London,Southwark,Visual arts,"£30,000 and below",Not Time-Limited Priority,2025
Faye Stoeser,"Ekleido developing, producing and touring double bill alongside R&D",29990,2025-04-30,April,Q1,South East,Elmbridge,Dance,"£30,000 and below",Not Time-Limited Priority,2025
Concrete Youth,Blueprint,35926,2025-04-30,April,Q1,North,"Kingston upon Hull, City of",Theatre,"£30,000 and below",Not Time-Limited Priority,2025
Peter Clements,Unidentified Anomalous Phenomena - R&D for a theatre show RESUBMISSION,15785,2025-04-30,April,Q1,London,Wandsworth,Theatre,"£30,000 and below",Not Time-Limited Priority,2025
Jala Wahid,Hasanlu Lovers,7470,2025-04-30,April,Q1,London,Lewisham,Visual arts,"£30,000 and below",Not Time-Limited Priority,2025
Golowan Festival Community Interest Company,Penzance Youth Music Project,10000,2025-04-30,April,Q1,South West,Cornwall,Music,"£30,000 and below",Not Time-Limited Priority,2025
Cian Binchy,"A Small Enclosed Room with Alfie Murphy, performance, outreach and leadership programme in priority areas",28953,2025-04-30,April,Q1,London,Hackney,Theatre,"£30,000 and below",Not Time-Limited Priority,2025
Viscera,Sound Playground,16505,2025-04-30,April,Q1,South East,South Cambridgeshire,Visual arts,"£30,000 and below",Not Time-Limited Priority,2025
Maryann Wright Productions,Echolocation,19380,2025-04-30,April,Q1,London,Lambeth,Theatre,"£30,000 and below",Not Time-Limited Priority,2025
The Bee Friendly Trust,Samphire Hoe Summer Solstice,5600,2025-04-30,April,Q1,London,Westminster,Combined arts,"£30,000 and below",Not Time-Limited Priority,2025
Lowri Mathias,leglock R&D,4088,2025-04-30,April,Q1,London,Merton,Theatre,"£30,000 and below",Not Time-Limited Priority,2025
Purple String Productions,Page to Stage: Lightening Writes,19280,2025-04-30,April,Q1,London,Islington,Theatre,"£30,000 and below",Not Time-Limited Priority,2025
Switchflicker Productions,Closer to My Dreams 2025 Tour,17000,2025-04-30,April,Q1,North,Manchester,Dance,"£30,000 and below",Not Time-Limited Priority,2025
Miranda Prag,An Attempt to Lose Time: Workshop Development & 2025 Tour - 2nd Resubmission,8832,2025-04-30,April,Q1,North,Lancaster,Theatre,"£30,000 and below",Not Time-Limited Priority,2025
Beggars Belief Collective,SCRUMPTIOUS! National Tour,19914,2025-04-30,April,Q1,North,Blackburn with Darwen,Theatre,"£30,000 and below",Not Time-Limited Priority,2025
Fol Espoir,Second Hand Rose - R&D,30000,2025-04-30,April,Q1,South West,Darlington,Theatre,"£30,000 and below",Not Time-Limited Priority,2025
Landworkers' Alliance,Land Skills Fair 2025,30000,2025-04-30,April,Q1,South West,Cornwall,Combined arts,"£30,000 and below",Not Time-Limited Priority,2025
Studio KIND.,"Building, shaping, strengthening: 18-month public programme for artist-led Studio KIND. in Barnstaple, North Devon",75653,2025-04-30,April,Q1,South West,North Devon,Visual arts,"Above £30,000",Not Time-Limited Priority,2025
Play to the Crowd,Hat Fair 2025,60000,2025-04-30,April,Q1,South West,Winchester,Combined arts,"Above £30,000",Not Time-Limited Priority,2025
Friends Without Borders,Friends Without Borders Storytellers Festival,5340,2025-04-30,April,Q1,South West,Portsmouth,Literature,"£30,000 and below",Not Time-Limited Priority,2025
Coventry Biennial Ltd,Coventry Biennial 2025,98000,2025-04-30,April,Q1,Midlands,Coventry,Visual arts,"Above £30,000",Not Time-Limited Priority,2025
Little Lost Robot,In Common,83190,2025-04-30,April,Q1,South West,Bath and North East Somerset,Combined arts,"Above £30,000",Not Time-Limited Priority,2025
Jenny Moore,Resubmission (NLPG-00728129-V2 & NLPG-00700656-V2): Developing & Presenting Wild Mix; A New & Acclaimed Choral Musical,63805,2025-04-30,April,Q1,London,Waltham Forest,Theatre,"Above £30,000",Not Time-Limited Priority,2025
Communal Clay,Communal Clay South East London Programme,24763,2025-04-30,April,Q1,London,Lambeth,Visual arts,"£30,000 and below",Not Time-Limited Priority,2025
Double Elephant CIC,Young Printmakers: Diversifying engagement and strengthening the South West printmaking sector,24000,2025-04-30,April,Q1,South West,Exeter,Visual arts,"£30,000 and below",Not Time-Limited Priority,2025
Portsmouth Cultural Education Partnership CIC,Under One Banner,50000,2025-04-30,April,Q1,South West,Portsmouth,Combined arts,"Above £30,000",Not Time-Limited Priority,2025
Chandenie Gobardhan,"CAITNOR: Mentorship, Production, Premiere",59268,2025-04-30,April,Q1,London,Haringey,Dance,"Above £30,000",Not Time-Limited Priority,2025
Khushwant Singh Literary Festival,Khushwant Singh Literary Festival,15000,2025-04-30,April,Q1,London,Barnet,Literature,"£30,000 and below",Not Time-Limited Priority,2025
Stuff and Nonsense Theatre Company,"The Enormous Turnip. - remount, repairs and preparation for touring",35455,2025-04-30,April,Q1,South West,Dorset,Theatre,"Above £30,000",Not Time-Limited Priority,2025
People and Stories,Pompey Elvis,32240,2025-04-30,April,Q1,South West,Portsmouth,Theatre,"£30,000 and below",Not Time-Limited Priority,2025
Thomas Fournil,"Lost Harmonies: music on the brink of extinction, decolonising heritage and expanding cultural opportunities in England.",50289,2025-04-30,April,Q1,London,Islington,Music,"Above £30,000",Not Time-Limited Priority,2025
The Wardrobe Theatre,"Dynamic Co-Production Collaboration between The Wardrobe Theatre, Bristol, and Front Room, North Somerset in 2025-2027",56644,2025-04-30,April,Q1,South West,"Bristol, City of",Theatre,"Above £30,000",Not Time-Limited Priority,2025
Pasha Kincaid,Butterfly Adventures,29950,2025-05-01,May,Q1,Midlands,Charnwood,Not discipline specific,"£30,000 and below",Not Time-Limited Priority,2025
Things That Go On Things,Light Night Wigan 2025,92000,2025-05-01,May,Q1,North,Manchester,Combined arts,"Above £30,000",Not Time-Limited Priority,2025
Hartlepool Wintertide Festival CIC,Wintertide Festival 2025 and year-round,98000,2025-05-01,May,Q1,North,Hartlepool,Combined arts,"Above £30,000",Not Time-Limited Priority,2025
South Tyneside Council Culture,This Is South Tyneside festival Parade Weekend 2025,70000,2025-05-01,May,Q1,North,South Tyneside,Combined arts,"Above £30,000",Not Time-Limited Priority,2025
Manchester Carnival Together CIC,Manchester Caribbean Carnival 2025 (MCC25),52900,2025-05-01,May,Q1,North,Manchester,Combined arts,"Above £30,000",Not Time-Limited Priority,2025
Bad Betty Press Limited,Bad Betty 2025 Core Programme,30000,2025-05-01,May,Q1,Midlands,Nottingham,Literature,"£30,000 and below",Not Time-Limited Priority,2025
West Midlands Readers' Network,Reaching More Reading Communities - 2025-2026,28737,2025-05-01,May,Q1,Midlands,Birmingham,Literature,"£30,000 and below",Universal Library Offers,2025
Smashed Avocado Productions,Spare Goose R&D,30600,2025-05-01,May,Q1,London,Birmingham,Theatre,"£30,000 and below",Not Time-Limited Priority,2025
Worthing Festival C.I.C,Worthing Festival,69190,2025-05-02,May,Q1,South East,Worthing,Combined arts,"Above £30,000",Not Time-Limited Priority,2025
Half a String,Tiny Planet,85900,2025-05-02,May,Q1,South East,Canterbury,Theatre,"Above £30,000",Not Time-Limited Priority,2025
Sama Arts Network  Ltd,SONGS OF THE MYSTICS - THE QAWWALI TRADITION,30000,2025-05-06,May,Q1,London,Islington,Music,"£30,000 and below",Not Time-Limited Priority,2025
Christine Hankin,Ealing Flute Festival,2025,2025-05-06,May,Q1,London,Ealing,Music,"£30,000 and below",Not Time-Limited Priority,2025
Chinwe Odukwe,Ije Uwa,19831,2025-05-06,May,Q1,London,Harrow,Visual arts,"£30,000 and below",Not Time-Limited Priority,2025
Ya Gao,The Lotus: A Xie Yi Performance of Diaspora Identity,17452,2025-05-06,May,Q1,London,Lambeth,Theatre,"£30,000 and below",Not Time-Limited Priority,2025
The Vandens Karta Ensemble,The Magdalena Confessions: Inclusive Theatre with BSL & Community Engagement at Playhouse East,9330,2025-05-06,May,Q1,London,Islington,Theatre,"£30,000 and below",Not Time-Limited Priority,2025
Odd Eyes Theatre,Project Elevate,28358,2025-05-06,May,Q1,London,Hackney,Theatre,"£30,000 and below",Not Time-Limited Priority,2025
Harlow Playhouse,Mrs Dalloway Tour 2026,29809,2025-05-07,May,Q1,South East,Harlow,Theatre,"£30,000 and below",Not Time-Limited Priority,2025
Clodagh Chapman,Sink R&D - Third Resubmission,28291,2025-05-07,May,Q1,North,Trafford,Theatre,"£30,000 and below",Not Time-Limited Priority,2025
Gilbert White & The Oates Collections,"70 objects, 70 stories",12640,2025-05-07,May,Q1,South West,East Hampshire,Museums,"£30,000 and below",Unlocking Collections,2025
Barrington Farm Trust,Have I Got Ewes For You,28950,2025-05-07,May,Q1,South East,North Norfolk,Music,"£30,000 and below",Not Time-Limited Priority,2025
New Note Orchestra,Roots Through Music,33950,2025-05-07,May,Q1,South East,Brighton and Hove,Music,"£30,000 and below",Not Time-Limited Priority,2025
Orchestra of the Swan,Words & Music,30000,2025-05-07,May,Q1,Midlands,Warwick,Theatre,"£30,000 and below",Not Time-Limited Priority,2025
Cloudburst Productions,Manchester Anthem Workshop and Access Activity,23288,2025-05-07,May,Q1,North,Cheshire East,Theatre,"£30,000 and below",Not Time-Limited Priority,2025
Philip Pearson,CAN YOU HEAR...THE WONDER GARDEN,19960,2025-05-07,May,Q1,Midlands,Gedling,Theatre,"£30,000 and below",Not Time-Limited Priority,2025
Lewis Bray,Cartoonopolis 10th Anniversary RESUBMISSION,35926,2025-05-07,May,Q1,North,Wirral,Theatre,"£30,000 and below",Not Time-Limited Priority,2025
Fizz Sinclair,TSLAD Show R&D & Outreach Development,26327,2025-05-07,May,Q1,London,Ealing,Theatre,"£30,000 and below",Not Time-Limited Priority,2025
Pelumi Adedayo-Bamidele,Intervention R&D round 2,15525,2025-05-07,May,Q1,South East,Gravesham,Theatre,"£30,000 and below",Not Time-Limited Priority,2025
Yasmeen Audisho Ghrawi,From the Daughter of a Dictator 25/6 Tour,18427,2025-05-07,May,Q1,London,Haringey,Theatre,"£30,000 and below",Not Time-Limited Priority,2025
The Gate Theatre Company Ltd,The Woven Voices Prize for Playwriting in Association with the Gate,29950,2025-05-07,May,Q1,London,Islington,Theatre,"£30,000 and below",Not Time-Limited Priority,2025
BEAF Arts Company Ltd,You're Not Alone International Exhibition and Engagement Programme supporting Neuro-diverse women artists,29500,2025-05-07,May,Q1,South West,"Bournemouth, Christchurch and Poole",Visual arts,"£30,000 and below",Not Time-Limited Priority,2025
Hannah Woodliffe,No Time to Waste: A Tour of Place-Based Community Outreach & Co-Creation,29999,2025-05-07,May,Q1,South West,Forest of Dean,Dance,"£30,000 and below",Not Time-Limited Priority,2025
Abigail Conway,Home Sweet Home 2.0,19480,2025-05-07,May,Q1,South East,Arun,Theatre,"£30,000 and below",Not Time-Limited Priority,2025
Ralph Dartford,The Wrong'uns,8102,2025-05-07,May,Q1,North,Bradford,Literature,"£30,000 and below",Not Time-Limited Priority,2025
POW! Thanet,Decade of Dissent Mural,17000,2025-05-07,May,Q1,South East,Thanet,Visual arts,"£30,000 and below",Not Time-Limited Priority,2025
John Harper,"Awake, Gay and Writing a Play",1000,2025-05-07,May,Q1,South East,Rother,Theatre,"£30,000 and below",Not Time-Limited Priority,2025
Insecta Collective CIC,Arts & Biodiversity in the Community (A-B-C),2000,2025-05-07,May,Q1,South West,Leicester,Visual arts,"£30,000 and below",Not Time-Limited Priority,2025
Diggers and Enthusiasts,"Trouble, Struggle, Bubble & Squeak (community co-creation & national tour) RESUBMISSION",19998,2025-05-07,May,Q1,South East,Lewes,Theatre,"£30,000 and below",Not Time-Limited Priority,2025
Purfleet-on-Thames Community Forum,Purfleet-On-Thames Community Play,15000,2025-05-07,May,Q1,South East,Thurrock,Theatre,"£30,000 and below",Not Time-Limited Priority,2025
Naylah Ahmed,News Story,19882,2025-05-07,May,Q1,Midlands,Birmingham,Theatre,"£30,000 and below",Not Time-Limited Priority,2025
Selwin Hulme-Teague,"Research, development and work-in-progress performances of ""Waiting""",11186,2025-05-07,May,Q1,South West,West Devon,Theatre,"£30,000 and below",Not Time-Limited Priority,2025
Tyler Holland,'A Sudden Inversion of Gravity' - Binaural Sound Research and Development Project,16500,2025-05-07,May,Q1,London,Shropshire,Theatre,"£30,000 and below",Not Time-Limited Priority,2025
Topsy Balogun,Voice of Our Culture,22250,2025-05-07,May,Q1,South East,Basildon,Literature,"£30,000 and below",Not Time-Limited Priority,2025
Heather Davis,Menopause - Development,29557,2025-05-07,May,Q1,South East,Maldon,Theatre,"£30,000 and below",Not Time-Limited Priority,2025
Carnaval del Pueblo Asociación,Inclusive Carnaval del Pueblo 2025,33000,2025-05-07,May,Q1,London,Croydon,Combined arts,"£30,000 and below",Not Time-Limited Priority,2025
Upfest,Weston Wallz 2025,30000,2025-05-07,May,Q1,South West,"Bristol, City of",Visual arts,"£30,000 and below",Not Time-Limited Priority,2025
Ryedale Festival,Ryedale Festival 2025,30000,2025-05-07,May,Q1,North,North Yorkshire,Music,"£30,000 and below",Not Time-Limited Priority,2025
Morven Robinson,Live Storytelling Schools Tour 2025,29998,2025-05-07,May,Q1,North,Wakefield,Literature,"£30,000 and below",Not Time-Limited Priority,2025
Urban Angels,Pablo Fanque Play - Research and Development,27465,2025-05-07,May,Q1,North,Kirklees,Theatre,"£30,000 and below",Not Time-Limited Priority,2025
Rumana Yasmin,What's in My Suitcase?,29332,2025-05-07,May,Q1,North,Middlesbrough,Combined arts,"£30,000 and below",Not Time-Limited Priority,2025
Catherine Brown,Maid-of-the-Wave Research and Development,3366,2025-05-07,May,Q1,South East,Brighton and Hove,Theatre,"£30,000 and below",Not Time-Limited Priority,2025
Ioney Smallhorne,Weather Wonders/Be Hurricane,25365,2025-05-07,May,Q1,Midlands,Nottingham,Literature,"£30,000 and below",Not Time-Limited Priority,2025
Moonstruck Astronaut Community Theatre Company,Telford Tall Tales,35785,2025-05-07,May,Q1,Midlands,Telford and Wrekin,Theatre,"£30,000 and below",Not Time-Limited Priority,2025
pink suits CIC,Queer Cxntry National Tour,39985,2025-05-08,May,Q1,South East,Thanet,Music,"Above £30,000",Supporting Grassroots Music,2025
Michael Howard-Williams,Deaf Jam x Deaf Rave x Waterbear,7470,2025-05-12,May,Q1,South East,Brighton and Hove,Music,"£30,000 and below",Supporting Grassroots Music,2025
Zoo Co Creative LTD,Perfect Show For Rachel Tour,161988,2025-05-13,May,Q1,London,Croydon,Theatre,"Above £30,000 - Over £30k Touring project",Not Time-Limited Priority,2025
Florence Peake,Tour of new work Your Meaning Not Your Materiality,117478,2025-05-13,May,Q1,London,Haringey,Visual arts,"Above £30,000 - Over £30k Touring project",Not Time-Limited Priority,2025
Freedom Festival Arts Trust,Freedom On Tour,99905,2025-05-13,May,Q1,North,"Kingston upon Hull, City of",Combined arts,"Above £30,000 - Over £30k Touring project",Not Time-Limited Priority,2025
Peut-Être Theatre,Sleep: national tour,122822,2025-05-13,May,Q1,London,Westminster,Theatre,"Above £30,000 - Over £30k Touring project",Not Time-Limited Priority,2025
Landmark Theatres,East Anglia Touring Consortium,193938,2025-05-13,May,Q1,South West,North Devon,Theatre,"Above £30,000 - Over £30k Touring project",Not Time-Limited Priority,2025
Diasporas Now,Diasporas Now: Macrocosmic Futures (Touring Programme),46945,2025-05-13,May,Q1,London,Richmond upon Thames,Combined arts,"Above £30,000 - Over £30k Touring project",Not Time-Limited Priority,2025
Little Angel Theatre,A Squash and a Squeeze National Tour,49723,2025-05-13,May,Q1,London,Islington,Theatre,"Above £30,000 - Over £30k Touring project",Not Time-Limited Priority,2025
Mad Friday Productions,Children of the Night - Tour,81454,2025-05-13,May,Q1,North,Doncaster,Theatre,"Above £30,000 - Over £30k Touring project",Not Time-Limited Priority,2025
Evangeline Henderson,Grimm East Coast Tour,94463,2025-05-13,May,Q1,North,North East Lincolnshire,Theatre,"Above £30,000 - Over £30k Touring project",Not Time-Limited Priority,2025
Obsidian Foundation,The Obsidian Retreat full model,60514,2025-05-13,May,Q1,London,Croydon,Literature,"Above £30,000",Not Time-Limited Priority,2025
Le Navet Bete,Olympus: A Mythical Comedy Tour across 18 UK venues,99441,2025-05-13,May,Q1,South West,Exeter,Theatre,"Above £30,000 - Over £30k Touring project",Not Time-Limited Priority,2025
Ukon Careers,Barking & Dagenham Carnival 2025: Together We Grow - a Greener Future,69900,2025-05-13,May,Q1,London,Barking and Dagenham,Combined arts,"Above £30,000",Not Time-Limited Priority,2025
Ling Tan,Hackney's Low Carbon Chinatown (HLCC),29995,2025-05-13,May,Q1,London,Tower Hamlets,Combined arts,"£30,000 and below",Not Time-Limited Priority,2025
Annelise Bianchini,Steinberg V. Steinberg,29470,2025-05-13,May,Q1,London,Camden,Theatre,"£30,000 and below",Not Time-Limited Priority,2025
Hold The Drama 1209959,Bradford: Social and Mental Wellbeing Music and Physical Theatre Education Tour,14050,2025-05-13,May,Q1,South East,Lambeth,Theatre,"£30,000 and below",Not Time-Limited Priority,2025
Ushaw College,Folly in the Meadow,30000,2025-05-13,May,Q1,North,County Durham,Visual arts,"£30,000 and below",Not Time-Limited Priority,2025
Helikon Theatre Company Ltd.,MEND - R&D,16113,2025-05-13,May,Q1,South East,Dacorum,Theatre,"£30,000 and below",Not Time-Limited Priority,2025
Connor Sansby,Where The Land Forgets Itself 2025,32392,2025-05-13,May,Q1,South East,Thanet,Literature,"£30,000 and below",Not Time-Limited Priority,2025
Brighton Youth Centre,B.fest 2025,29802,2025-05-13,May,Q1,South East,Brighton and Hove,Combined arts,"£30,000 and below",Not Time-Limited Priority,2025
Michelle Joseph,CRACKER (C=Creative R=Role Play A=Acting C=Collaborative K= Knowledge E=Enjoyable R=Recognition),3500,2025-05-14,May,Q1,London,Lambeth,Combined arts,"£30,000 and below",Not Time-Limited Priority,2025
Portsmouth Libraries Conan Doyle Collection,Sherlock's Home - Portsmouth then and now,17969,2025-05-14,May,Q1,South West,Portsmouth,Libraries,"£30,000 and below",Universal Library Offers,2025
Vicki Bennett,Exhibition and collaboration research,3906,2025-05-14,May,Q1,London,Hounslow,Visual arts,"£30,000 and below",Not Time-Limited Priority,2025
Claire Beerjeraz,"Rooted: Creatively Unearthing Home, Safety, and Identity for Change and Healing.",16034,2025-05-14,May,Q1,North,Liverpool,Theatre,"£30,000 and below",Not Time-Limited Priority,2025
Litcraft: Bringing the Text to Life,Litcraft in Cumbrian Libraries,15498,2025-05-14,May,Q1,North,Lancaster,Literature,"£30,000 and below",Not Time-Limited Priority,2025
Matthew Wilkinson,Carriage - Resound Theatre - Mini Tour,26210,2025-05-14,May,Q1,North,Sheffield,Theatre,"£30,000 and below",Not Time-Limited Priority,2025
Debbie Patel,RESUB Colours of a woman's love development and engagement,19692,2025-05-14,May,Q1,South East,Milton Keynes,Dance,"£30,000 and below",Not Time-Limited Priority,2025
archipelago arts collective,Shirley: An Awakening R&D,31000,2025-05-14,May,Q1,North,Sheffield,Theatre,"£30,000 and below",Not Time-Limited Priority,2025
Ricky Balshaw,Resubmission: Co-created Play and Workshops with Telford Schools,35342,2025-05-14,May,Q1,Midlands,Telford and Wrekin,Theatre,"£30,000 and below",Not Time-Limited Priority,2025
Paul Francis Saunders,Tell it as it is,3600,2025-05-14,May,Q1,South East,Hastings,Theatre,"£30,000 and below",Not Time-Limited Priority,2025
The Listening Project LTD,The Listening Project presents... Acid Brass,15198,2025-05-14,May,Q1,London,Hackney,Music,"£30,000 and below",Not Time-Limited Priority,2025
The Ashdown Forest Foundation,Centenary of Winnie-the-Pooh,28930,2025-05-14,May,Q1,South East,Wealden,Combined arts,"£30,000 and below",Not Time-Limited Priority,2025
Graeme Phillips MBE,The Maids at Unity theatre,33464,2025-05-14,May,Q1,North,Sefton,Theatre,"£30,000 and below",Not Time-Limited Priority,2025
Sonia Bhamra,365 Days of Maya - R&D,28291,2025-05-14,May,Q1,Midlands,Sandwell,Visual arts,"£30,000 and below",Not Time-Limited Priority,2025
Doug Deans,Mother - Dad,29939,2025-05-14,May,Q1,Midlands,Newark and Sherwood,Theatre,"£30,000 and below",Not Time-Limited Priority,2025
Donald A John,Colourism and Young People – Meaning and Impact for the Next Generation,29953,2025-05-14,May,Q1,South West,Southampton,Visual arts,"£30,000 and below",Not Time-Limited Priority,2025
Hong Kong Arts UK,Hong Kong Stories • UK Stages 2025,5000,2025-05-14,May,Q1,London,Sutton,Theatre,"£30,000 and below",Not Time-Limited Priority,2025
Selina Helliwell,Ember & the Vixens 2025,2339,2025-05-14,May,Q1,North,Bury,Combined arts,"£30,000 and below",Not Time-Limited Priority,2025
Jack Kelly,SPLAT! Tour,30559,2025-05-14,May,Q1,South East,Huntingdonshire,Theatre,"£30,000 and below",Not Time-Limited Priority,2025
Adam Kammerling,Seder Tour Remount,29935,2025-05-14,May,Q1,London,Hackney,Combined arts,"£30,000 and below",Not Time-Limited Priority,2025
First Light Events Limited,En Masse Community & Arts Programme 2025,26855,2025-05-14,May,Q1,London,"Bristol, City of",Music,"£30,000 and below",Not Time-Limited Priority,2025
Little Cog,RADICAL REVELATIONS - LEARNING DISABLED ARTIST LEADERSHIP IN THE NORTH,97070,2025-05-14,May,Q1,North,Redcar and Cleveland,Combined arts,"Above £30,000",Not Time-Limited Priority,2025
Daniel Eglinton,DAN EGG MANBOX SOLO SHOW R&D,18789,2025-05-14,May,Q1,London,Plymouth,Theatre,"£30,000 and below",Not Time-Limited Priority,2025
Nadia Nadarajah,Flarewave Festival 2025,68258,2025-05-14,May,Q1,South East,Lewes,Combined arts,"Above £30,000",Not Time-Limited Priority,2025
Shooting Fish Theatre Company,Bristol Literacy Project,18465,2025-05-14,May,Q1,South West,"Bristol, City of",Theatre,"£30,000 and below",Not Time-Limited Priority,2025
Ben Haggarty,Bodies on the Beach - Resubmission,19995,2025-05-14,May,Q1,Midlands,"Herefordshire, County of",Literature,"£30,000 and below",Not Time-Limited Priority,2025
Roei Greenberg,Parallel Conditions,11307,2025-05-14,May,Q1,London,Tower Hamlets,Visual arts,"£30,000 and below",Not Time-Limited Priority,2025
Create & Connect Community Interest Company,Create & Connect,18000,2025-05-14,May,Q1,North,South Tyneside,Music,"£30,000 and below",Not Time-Limited Priority,2025
Alira Arts,Artist Development Programme 5th submission,18800,2025-05-14,May,Q1,London,Westminster,Not discipline specific,"£30,000 and below",Not Time-Limited Priority,2025
Stand and Be Counted Theatre Company,Sanctuary Birthday Celebrations Programme,109000,2025-05-14,May,Q1,North,Oldham,Combined arts,"Above £30,000",Not Time-Limited Priority,2025
Alexandra Zawadzki,The Second Act,50764,2025-05-14,May,Q1,North,Blackburn with Darwen,Visual arts,"Above £30,000",Not Time-Limited Priority,2025
seam collective,Warped and Wasted,45676,2025-05-14,May,Q1,South West,"Bristol, City of",Visual arts,"Above £30,000",Not Time-Limited Priority,2025
Sensoria Festival,Sensoria comes of age: collaborations and co-creations,38000,2025-05-14,May,Q1,North,Sheffield,Combined arts,"Above £30,000",Not Time-Limited Priority,2025
Leeds City Council,Light Night Leeds 2025,125000,2025-05-14,May,Q1,North,Leeds,Combined arts,"Above £30,000 - Over £100k application",Not Time-Limited Priority,2025
Your Next Move,Investing in our Future,53644,2025-05-14,May,Q1,South West,Gloucester,Dance,"Above £30,000",Not Time-Limited Priority,2025
Sole Purpose,The Marian Hotel,10160,2025-05-14,May,Q1,North,Northern Ireland,Theatre,"£30,000 and below",Not Time-Limited Priority,2025
Art Riot Collective,Art Riot Collective: advocacy and support in the creative ecology for neurodiverse and disabled artists; building a pathway to Elevate.,123909,2025-05-14,May,Q1,Midlands,Coventry,Visual arts,"Above £30,000",Not Time-Limited Priority,2025
Reading Repertory Theatre,Disabled-Led Theatre: A Christmas Carol,125000,2025-05-14,May,Q1,South East,Reading,Theatre,"Above £30,000",Not Time-Limited Priority,2025
Cantonese Reading Playground CIC,Cantonese Children Festival,30000,2025-05-14,May,Q1,London,City of London,Combined arts,"£30,000 and below",Not Time-Limited Priority,2025
Fit The Mould Productions CIC,Residential Performing Arts Camps,16607,2025-05-14,May,Q1,South East,Elmbridge,Theatre,"£30,000 and below",Not Time-Limited Priority,2025
Zwiebelfish CIC,Bellwethers,40000,2025-05-14,May,Q1,North,Westmorland and Furness,Combined arts,"Above £30,000",Not Time-Limited Priority,2025
Circus Hub,Lost Performers Club -Circus Development Programme,94166,2025-05-14,May,Q1,Midlands,Nottingham,Combined arts,"Above £30,000",Not Time-Limited Priority,2025
Caldmore Village Festival Ltd,Karma Arts,29990,2025-05-14,May,Q1,Midlands,Walsall,Combined arts,"£30,000 and below",Not Time-Limited Priority,2025
artsintheeast ltd,TWISTER,29525,2025-05-15,May,Q1,London,Newham,Music,"£30,000 and below",Supporting Grassroots Music,2025
Anna Southwell,Lama Tajmaena - Bring us together - لة تجمعنا,28310,2025-05-15,May,Q1,South West,North Somerset,Music,"£30,000 and below",Supporting Grassroots Music,2025
Red Lotus Events CIC,Music training Academy: Rangeelu Gujarat 2025,30000,2025-05-15,May,Q1,London,Brent,Music,"£30,000 and below",Supporting Grassroots Music,2025
Pete Eastwood,IN THE TOWN WHERE I WAS BORN (Confessional 10th Anniversary Music & Arts Festival),28250,2025-05-15,May,Q1,North,Blackburn with Darwen,Music,"£30,000 and below",Supporting Grassroots Music,2025
Harmony Associates,Cumberlandia 2025,5000,2025-05-15,May,Q1,North,Cumberland,Music,"£30,000 and below",Supporting Grassroots Music,2025
Goose Music Ltd,Grassroots electronic music nightclub 'The Model',16527,2025-05-15,May,Q1,Midlands,Nottingham,Music,"£30,000 and below",Supporting Grassroots Music,2025
Quarry Sound Liverpool CIC,Quarry in transition,21155,2025-05-15,May,Q1,North,Liverpool,Music,"£30,000 and below",Supporting Grassroots Music,2025
The Depo Venue,Depo Grassroots Music Room Two - April 2025,29997,2025-05-15,May,Q1,South West,Plymouth,Music,"£30,000 and below",Supporting Grassroots Music,2025
Broadstairs Folk Week,2025 BFW Pierremont Park,28000,2025-05-15,May,Q1,South East,Thanet,Music,"£30,000 and below",Supporting Grassroots Music,2025
Nrthrn Baby,DOTS,28500,2025-05-15,May,Q1,North,Stockton-on-Tees,Music,"£30,000 and below",Supporting Grassroots Music,2025
Samuel Martin,BV tour and digital wrap around,26147,2025-05-20,May,Q1,South West,"Bristol, City of",Theatre,"£30,000 and below",Not Time-Limited Priority,2025
Folio Theatre,YAC Creative Mentoring Programme 2025-26,17787,2025-05-20,May,Q1,South West,Wiltshire,Theatre,"£30,000 and below",Not Time-Limited Priority,2025
Bristol Legacy Foundation,"The Bristol Legacy Foundation | De-colonising public art & commemorating African Heritage Communities in Bristol - Phase 1: Feasibility, partnerships & audience engagement",30000,2025-05-20,May,Q1,South West,"Bristol, City of",Visual arts,"£30,000 and below",Not Time-Limited Priority,2025
Rachel Coleman,VILLAGERS R&D,10621,2025-05-20,May,Q1,Midlands,South Hams,Dance,"£30,000 and below",Not Time-Limited Priority,2025
Poonamallee Productions,Cobweb R&D,5407,2025-05-20,May,Q1,South West,"Bristol, City of",Theatre,"£30,000 and below",Not Time-Limited Priority,2025
Rong Xie,Mountains and Seas - Song of Today,30000,2025-05-21,May,Q1,South East,Mole Valley,Combined arts,"£30,000 and below",Not Time-Limited Priority,2025
Humira Imtiaz,The Kids Are Halal R&D: Phase 1,30372,2025-05-21,May,Q1,North,South Tyneside,Digital Arts,"£30,000 and below",Not Time-Limited Priority,2025
LegalAliens Theatre,Migration V: The Flowers of Srebrenica - War and displacement across time and continents_REVISED,29993,2025-05-21,May,Q1,London,Haringey,Theatre,"£30,000 and below",Not Time-Limited Priority,2025
Pan Nation Steel Orchestra,Pan Nation Steel Orchestra's NHC  2025,30000,2025-05-21,May,Q1,London,Haringey,Music,"£30,000 and below",Not Time-Limited Priority,2025
Showponies Ltd,Palestinian Circus School tour 2025,18167,2025-05-21,May,Q1,London,Haringey,Theatre,"£30,000 and below",Not Time-Limited Priority,2025
Furzedown Community Network,Furzedown LitFest 2025,28214,2025-05-21,May,Q1,London,Wandsworth,Literature,"£30,000 and below",Not Time-Limited Priority,2025
Jane Susan Woodrow,"My Voices, My Life and Me: the Mental Health Monologues v.4",29798,2025-05-21,May,Q1,South East,Cambridge,Theatre,"£30,000 and below",Not Time-Limited Priority,2025
Emma Boor,Book Bonding Part 2,29993,2025-05-21,May,Q1,South East,Vale of White Horse,Theatre,"£30,000 and below",Not Time-Limited Priority,2025
New Margate CIC,Soul Of Margate,12000,2025-05-21,May,Q1,South East,Thanet,Combined arts,"£30,000 and below",Not Time-Limited Priority,2025
Hardeep Singh Sahota,Rhythms Beyond Borders,29400,2025-05-21,May,Q1,North,Kirklees,Music,"£30,000 and below",Not Time-Limited Priority,2025
Freud Museum London,House-Keeper,15550,2025-05-21,May,Q1,London,Camden,Museums,"£30,000 and below",Unlocking Collections,2025
Yas Clarke,The Thicket UK Touring,23097,2025-05-21,May,Q1,South West,"Bristol, City of",Music,"£30,000 and below",Not Time-Limited Priority,2025
Alex Bulmer,Disabled-Led Dramaturgy for The Great Tragedy,37808,2025-05-21,May,Q1,South East,Dacorum,Theatre,"£30,000 and below",Not Time-Limited Priority,2025
Mellissa Monsoon,The Memorial of Microbes,32009,2025-05-21,May,Q1,South East,Thanet,Visual arts,"£30,000 and below",Not Time-Limited Priority,2025
Rachel Dean,The Mountain Witch - Speedwell Dance: wider CYP touring & company development 2,29999,2025-05-21,May,Q1,North,Leeds,Dance,"£30,000 and below",Not Time-Limited Priority,2025
Lancashire Mining Museum,Mining our Creativity,29320,2025-05-21,May,Q1,North,Wigan,Museums,"£30,000 and below",Not Time-Limited Priority,2025
Matthew Denham,Handling Futures,9984,2025-05-21,May,Q1,North,Newcastle upon Tyne,Visual arts,"£30,000 and below",Not Time-Limited Priority,2025
The Margate Bookie,Margate Bookie Community Festival 2025,29723,2025-05-21,May,Q1,South East,Thanet,Literature,"£30,000 and below",Not Time-Limited Priority,2025
Queer Britain Museum Ltd,Voices of the marginalised: Co-curating LGBTQ+ representation in new Galleries at Queer Britain,29868,2025-05-21,May,Q1,London,Camden,Museums,"£30,000 and below",Unlocking Collections,2025
Trans Pride Hastings,Trans Pride Hastings 2025,12450,2025-05-21,May,Q1,South East,Hastings,Combined arts,"£30,000 and below",Not Time-Limited Priority,2025
Liv Wynter,Homeless Queer R&D Outreach Project,28653,2025-05-21,May,Q1,London,Haringey,Combined arts,"£30,000 and below",Not Time-Limited Priority,2025
Bradford Museums & Galleries,Jameel Prize 7 Exhibition,120000,2025-05-22,May,Q1,North,Bradford,Visual arts,"Above £30,000 - Major Project",Not Time-Limited Priority,2025
National Art Collections Fund,Empowering Curators - Curatorial Fellowships,200000,2025-05-22,May,Q1,London,Camden,Museums,"Above £30,000 - Major Project",Unlocking Collections,2025
The Play House,Facilitator training: train to work,29000,2025-05-23,May,Q1,Midlands,Birmingham,Theatre,"£30,000 and below",Not Time-Limited Priority,2025
Susan Buckley,Celebrating Lincolnshire Through Time,1000,2025-05-23,May,Q1,Midlands,East Lindsey,Visual arts,"£30,000 and below",Not Time-Limited Priority,2025
Linden Dance Company CIC,RESUBMISSION: Tackling Loneliness: Community Co-creation & School Engagement Project,29980,2025-05-23,May,Q1,Midlands,Birmingham,Dance,"£30,000 and below",Not Time-Limited Priority,2025
Emily Webster,Inheritance Tax - R&D - Developing a BSL & English play,45985,2025-05-23,May,Q1,Midlands,North East Derbyshire,Theatre,"£30,000 and below",Not Time-Limited Priority,2025
Georgia Kelly,Blindspot Nights x 'See It First' Festival,10691,2025-05-23,May,Q1,Midlands,Coventry,Theatre,"£30,000 and below",Not Time-Limited Priority,2025
Young Hustlers C.I.C,Young Hustlers 2025: AROUND THE WORLD,68480,2025-05-27,May,Q1,Midlands,Rushcliffe,Not discipline specific,"Above £30,000",Not Time-Limited Priority,2025
Birmingham Hippodrome Theatre Trust Ltd,Birmingham Weekender 2025,99500,2025-05-27,May,Q1,Midlands,Birmingham,Combined arts,"Above £30,000",Not Time-Limited Priority,2025
Canal & River Trust (West & East Midlands),Smethwick Imaginarium,93900,2025-05-27,May,Q1,Midlands,Birmingham,Combined arts,"Above £30,000",Not Time-Limited Priority,2025
The King Stone Company,The King Stone - Midlands Previews & Cross-Community Participation,54426,2025-05-27,May,Q1,Midlands,Nottingham,Theatre,"Above £30,000",Not Time-Limited Priority,2025
Avery Hill Publishing,Touring Authors Programme,6000,2025-05-28,May,Q1,London,Waltham Forest,Literature,"£30,000 and below",Not Time-Limited Priority,2025
Pompey Darkroom,Life's Like That,55652,2025-05-28,May,Q1,South West,Portsmouth,Visual arts,"Above £30,000",Not Time-Limited Priority,2025
Holly Delefortrie,Dyslexic Theatre Making (2nd Resubmission),20590,2025-05-28,May,Q1,South East,West Suffolk,Theatre,"£30,000 and below",Not Time-Limited Priority,2025
Joseph Fort,Samuel Coleridge-Taylor Mini-Festival,10810,2025-05-28,May,Q1,London,Southend-on-Sea,Music,"£30,000 and below",Not Time-Limited Priority,2025
Sophie Ross,Adulting/Friendship,22720,2025-05-28,May,Q1,South West,Test Valley,Theatre,"£30,000 and below",Not Time-Limited Priority,2025
Troubadour Stageworks,School engagement in Hard-To-Reach Places,13623,2025-05-28,May,Q1,South West,Wiltshire,Theatre,"£30,000 and below",Not Time-Limited Priority,2025
City Arts Portsmouth,Portsmouth Open Studios Event 2025,30000,2025-05-28,May,Q1,South West,Portsmouth,Combined arts,"£30,000 and below",Not Time-Limited Priority,2025
Daniela Sbrisny,Blueprints of Light and Care,13836,2025-05-28,May,Q1,London,Lewisham,Visual arts,"£30,000 and below",Not Time-Limited Priority,2025
Francesca Ter-Berg,Resubmission: Precious Collections and Conversations,19209,2025-05-28,May,Q1,South East,Thanet,Music,"£30,000 and below",Not Time-Limited Priority,2025
Katy Lee,SUITCASE,8531,2025-05-28,May,Q1,South West,North Devon,Combined arts,"£30,000 and below",Not Time-Limited Priority,2025
Jack Mosedale,Gay Play - R&D and Sharing,3508,2025-05-28,May,Q1,London,Lambeth,Theatre,"£30,000 and below",Not Time-Limited Priority,2025
Ampersand Projects,We Forest Folk 2025,29700,2025-05-28,May,Q1,Midlands,Birmingham,Combined arts,"£30,000 and below",Not Time-Limited Priority,2025
Tommy Gwatkin,Hip Hip Hooray Cabaret,35396,2025-05-28,May,Q1,South East,Crawley,Theatre,"£30,000 and below",Not Time-Limited Priority,2025
Michael John Heatley,Suitcases - Production and Tour,24643,2025-05-28,May,Q1,North,County Durham,Dance,"£30,000 and below",Not Time-Limited Priority,2025
Rebekah Entwistle,Still a Creole,29700,2025-05-28,May,Q1,North,Blackburn with Darwen,Music,"£30,000 and below",Not Time-Limited Priority,2025
Frauke Requardt,THIRD SUBMISSION - Anatomy of Survival Creation & Premiere,15933,2025-05-28,May,Q1,London,Lewisham,Dance,"£30,000 and below",Not Time-Limited Priority,2025
Joseph Kendon,Brighton Jazz Festival 2025 - Scaling Up!,29990,2025-05-28,May,Q1,South East,Brighton and Hove,Music,"£30,000 and below",Not Time-Limited Priority,2025
Joshua Toko,Welcome to Paradise live show development + showcase,4665,2025-05-28,May,Q1,London,Tower Hamlets,Music,"£30,000 and below",Not Time-Limited Priority,2025
Rachel Bellman,Pretty Poison R&D,24440,2025-05-28,May,Q1,London,Bromley,Theatre,"£30,000 and below",Not Time-Limited Priority,2025
Chew Valley Performing Arts,Autumn Fringe Festival 2025,26847,2025-05-28,May,Q1,South West,North Somerset,Combined arts,"£30,000 and below",Not Time-Limited Priority,2025
Huddersfield Literature Festival,Huddersfield Literature Festival 20th Anniversary Advance Activities,4000,2025-05-28,May,Q1,North,Kirklees,Literature,"£30,000 and below",Not Time-Limited Priority,2025
Brave Words CIC,Mutton Community Youth Engagement & Venue Performances (Third Submission),29760,2025-05-28,May,Q1,North,Leeds,Theatre,"£30,000 and below",Not Time-Limited Priority,2025
Coddiwomple Theatre,My Song Our Story,14835,2025-05-28,May,Q1,South East,Reigate and Banstead,Theatre,"£30,000 and below",Not Time-Limited Priority,2025
Olivia Cordell,Bog Body: A One-Woman Show,4679,2025-05-28,May,Q1,London,Lewisham,Theatre,"£30,000 and below",Not Time-Limited Priority,2025
ARTS TRUST Productions,Festivals 2025 (resubmission),30000,2025-05-28,May,Q1,South East,Tendring,Combined arts,"£30,000 and below",Not Time-Limited Priority,2025
Dior Wallace,Passion Fruit Re-Development UK Tour 4th Resubmission,28768,2025-05-28,May,Q1,London,Hammersmith and Fulham,Theatre,"£30,000 and below",Not Time-Limited Priority,2025
F*Choir CIC,"F*Choir’s Evolution: weekly programme, open sessions, development work, single recording & mini-tour",34156,2025-05-28,May,Q1,London,Newham,Music,"£30,000 and below",Not Time-Limited Priority,2025
Agnieszka Lokaj,Female Resilience,17934,2025-05-28,May,Q1,London,Richmond upon Thames,Visual arts,"£30,000 and below",Not Time-Limited Priority,2025
Natasha Stanic Mann,Reproducing - R&D,9575,2025-05-28,May,Q1,London,Brent,Theatre,"£30,000 and below",Not Time-Limited Priority,2025
Steven Vevers-Webb,Extraction Stories Vol.2,30000,2025-05-28,May,Q1,South East,Medway,Combined arts,"£30,000 and below",Not Time-Limited Priority,2025
Eleanor Webster,The Birth of Taliesin R&D,6006,2025-05-28,May,Q1,North,Manchester,Theatre,"£30,000 and below",Not Time-Limited Priority,2025
London Borough of Hackney,Hackney Carnival 25+,29900,2025-05-29,May,Q1,London,Hackney,Combined arts,"£30,000 and below",Not Time-Limited Priority,2025
Armonico Consort Limited,The Armed Man music and composition project,30000,2025-05-29,May,Q1,Midlands,Warwick,Music,"£30,000 and below",Not Time-Limited Priority,2025
English Symphony Orchestra,Creating a New Future: Eternal Echoes,29350,2025-05-29,May,Q1,Midlands,Worcester,Music,"£30,000 and below",Not Time-Limited Priority,2025
Ian Henery,Pre-Production - B.ham Chinese Community Play,30150,2025-05-29,May,Q1,Midlands,Walsall,Theatre,"£30,000 and below",Not Time-Limited Priority,2025
Autin Dance Theatre CIO,WOW! Fest – Walsall Outdoor Wonders Community Festival,31500,2025-05-29,May,Q1,Midlands,Walsall,Dance,"£30,000 and below",Not Time-Limited Priority,2025
Lincoln Book Festival,Lincoln Book Festival 2025 (Re-Submission),25693,2025-05-29,May,Q1,Midlands,Lincoln,Literature,"£30,000 and below",Universal Library Offers,2025
Yukiko Masui,RONiN: Creation and Initial Tour,95214,2025-05-29,May,Q1,London,Lewisham,Dance,"Above £30,000",Not Time-Limited Priority,2025
Brent Museum and Archives,From The Ruins: British Empire Re-examined,41558,2025-05-29,May,Q1,London,Brent,Museums,"Above £30,000",Unlocking Collections,2025
Ludic Rooms Ltd,NAIAD - Immersive Tech and Access for Outdoor Arts,29990,2025-05-29,May,Q1,Midlands,Coventry,Combined arts,"£30,000 and below",Not Time-Limited Priority,2025
Reallynice,See Saw (Final Production) (Resubmission),42707,2025-05-30,May,Q1,South East,Welwyn Hatfield,Theatre,"Above £30,000",Not Time-Limited Priority,2025
tristan shorr,MAS(S) Final Project,56224,2025-05-30,May,Q1,South East,Adur,Visual arts,"Above £30,000",Not Time-Limited Priority,2025
Cumbria Arts & Culture Network,See It To Be It:  Boosting Creative Careers in Cumbria,175000,2025-05-30,May,Q1,North,Cumberland,Not discipline specific,"Above £30,000 - Place Partnership project",Not Time-Limited Priority,2025
Dens and Signals,"Myth Monster - production, delivery and building future impact",49167,2025-05-30,May,Q1,South East,Hastings,Combined arts,"Above £30,000",Not Time-Limited Priority,2025
Whiddon Autumn Festival,Whiddon Autumn Festival 2025,5000,2025-06-03,June,Q1,South West,West Devon,Music,"£30,000 and below",Not Time-Limited Priority,2025
Graham Fudger,Not Just Us,6140,2025-06-03,June,Q1,Midlands,North Northamptonshire,Digital Arts,"£30,000 and below",Not Time-Limited Priority,2025
That White Room,That Saturday Club One,19950,2025-06-03,June,Q1,South West,Gloucester,Visual arts,"£30,000 and below",Not Time-Limited Priority,2025
Budleigh Music Festival,Music live and local,14988,2025-06-03,June,Q1,South West,East Devon,Music,"£30,000 and below",Not Time-Limited Priority,2025
Kings Heath Action for Refugees,Finding Pride Phase 2,10660,2025-06-03,June,Q1,Midlands,Birmingham,Visual arts,"£30,000 and below",Not Time-Limited Priority,2025
MÓTUS,Connecting Communities Project,27500,2025-06-03,June,Q1,South East,Milton Keynes,Dance,"£30,000 and below",Not Time-Limited Priority,2025
The Paper Cinema,Journeys 3,30000,2025-06-03,June,Q1,South West,Dorset,Theatre,"£30,000 and below",Not Time-Limited Priority,2025
Claire MENEAR,The Cornish Clay Trail,10800,2025-06-03,June,Q1,South West,Cornwall,Visual arts,"£30,000 and below",Not Time-Limited Priority,2025
Jenna Unwin,The Great Peterborough Cringe Exchange - Resubmission,14996,2025-06-03,June,Q1,South East,South Cambridgeshire,Theatre,"£30,000 and below",Not Time-Limited Priority,2025
Aisha Ziaullah,62 Gladstone Street: PLATFORMA FESTIVAL PETERBOROUGH,34233,2025-06-03,June,Q1,South East,Peterborough,Theatre,"£30,000 and below",Not Time-Limited Priority,2025
tom hall,In and Out of Bounds,29996,2025-06-03,June,Q1,South West,New Forest,Visual arts,"£30,000 and below",Not Time-Limited Priority,2025
Knock The Door Down,Migration Quest Exhibition (resubmission-6),31045,2025-06-04,June,Q1,London,Tower Hamlets,Visual arts,"£30,000 and below",Not Time-Limited Priority,2025
Callum Hughes,Callum Hughes 3rd Solo Show Development Resubmission,18394,2025-06-04,June,Q1,London,Bromley,Theatre,"£30,000 and below",Not Time-Limited Priority,2025
Thread and Press CIC,I am ME,7780,2025-06-04,June,Q1,North,East Riding of Yorkshire,Visual arts,"£30,000 and below",Not Time-Limited Priority,2025
Broken Grey Wires Arts CIC,"Grief exhibition at The Williamson Gallery, Wirral",25560,2025-06-04,June,Q1,North,Wigan,Visual arts,"£30,000 and below",Not Time-Limited Priority,2025
Cayr Charity,Pink Stitch Exhibition,24505,2025-06-04,June,Q1,London,Westminster,Combined arts,"£30,000 and below",Not Time-Limited Priority,2025
Eclectic Music,Now That’s What I Call an Orchestra!,8710,2025-06-04,June,Q1,North,"Kingston upon Hull, City of",Music,"£30,000 and below",Not Time-Limited Priority,2025
XTRAX,XTRAX International Showcase Programme 2025,27000,2025-06-04,June,Q1,North,Manchester,Combined arts,"£30,000 and below",Not Time-Limited Priority,2025
Thrive Dance,(Resubmission) Community Grief Gatherings and Grief Performance R&D,31473,2025-06-04,June,Q1,London,Haringey,Dance,"£30,000 and below",Not Time-Limited Priority,2025
Brighton Early Music Festival,"My Voice: singing opportunities for communities of all ages to increase wellbeing, develop skills & gain inspiration to continue their creative learning",19580,2025-06-04,June,Q1,South East,Brighton and Hove,Music,"£30,000 and below",Not Time-Limited Priority,2025
Layla Legard,AXE,30710,2025-06-04,June,Q1,North,Leeds,Music,"£30,000 and below",Not Time-Limited Priority,2025
Artisan Creative,Project Harvest 2025-26,29995,2025-06-04,June,Q1,Midlands,Derbyshire Dales,Theatre,"£30,000 and below",Not Time-Limited Priority,2025
Liam Francis,"Re-submission - Final creation phase & touring of a Body of Rumours by Liam Francis, including place-based professional development opportunities for dance communities",28305,2025-06-04,June,Q1,South East,Lewes,Dance,"£30,000 and below",Not Time-Limited Priority,2025
Riwa Saab,"Development of ""How I Grew A Moustache""",14184,2025-06-04,June,Q1,London,Newham,Theatre,"£30,000 and below",Not Time-Limited Priority,2025
lynsey wells,North East Lincolnshire Cabaret Development Project,14680,2025-06-04,June,Q1,North,North East Lincolnshire,Theatre,"£30,000 and below",Not Time-Limited Priority,2025
Tickertape Parade,All Change 2025,40440,2025-06-04,June,Q1,Midlands,Birmingham,Theatre,"£30,000 and below",Not Time-Limited Priority,2025
Ruby Crepin,DOTTIE R&D,4947,2025-06-04,June,Q1,London,Hackney,Theatre,"£30,000 and below",Not Time-Limited Priority,2025
African Village,Under The Moonlight,30000,2025-06-04,June,Q1,Midlands,Leicester,Literature,"£30,000 and below",Not Time-Limited Priority,2025
Irene Taylor Trust,Celebrating 30 years of the Irene Taylor Trust,28356,2025-06-04,June,Q1,London,Tower Hamlets,Music,"£30,000 and below",Not Time-Limited Priority,2025
Charlotte Jolly,Roly Poly an interactive musical performance offer for 0-2 yrs: touring and testing new work to reach wider audiences,29377,2025-06-04,June,Q1,South East,East Suffolk,Not discipline specific,"£30,000 and below",Not Time-Limited Priority,2025
Ethan Dean-Richards,The Good Landlord,30000,2025-06-04,June,Q1,Midlands,Sandwell,Theatre,"£30,000 and below",Not Time-Limited Priority,2025
Arts Fresco,Arts Fresco 2025,18500,2025-06-04,June,Q1,Midlands,Harborough,Combined arts,"£30,000 and below",Not Time-Limited Priority,2025
Sunderland Music Arts and Culture Trust,Sunderland Year of Music 25/26,95000,2025-06-04,June,Q1,North,Sunderland,Music,"Above £30,000",Not Time-Limited Priority,2025
Miranda Lewis,The Pigeon and the Peacock School Tour,15573,2025-06-04,June,Q1,London,Haringey,Theatre,"£30,000 and below",Not Time-Limited Priority,2025
Displace Yourself Theatre,A World Without Death 2025,99156,2025-06-04,June,Q1,North,Bradford,Combined arts,"Above £30,000",Not Time-Limited Priority,2025
Ragtag Arts & Community Scrapstore,Ragtag Parade,54243,2025-06-04,June,Q1,North,Westmorland and Furness,Combined arts,"Above £30,000",Not Time-Limited Priority,2025
North East Lincolnshire Council,Festival of the Sea 2025,47000,2025-06-04,June,Q1,North,North East Lincolnshire,Combined arts,"Above £30,000",Not Time-Limited Priority,2025
Made By Mortals,Bringing Lived Experience to Life: Temporary Accommodation.,77231,2025-06-04,June,Q1,North,Tameside,Theatre,"Above £30,000",Not Time-Limited Priority,2025
Linda Brogan,My Mum is White: exorcising half-caste ghosts,64959,2025-06-04,June,Q1,North,Manchester,Combined arts,"Above £30,000",Not Time-Limited Priority,2025
China Plate,Touring Together,499688,2025-06-05,June,Q1,Midlands,Birmingham,Theatre,"Above £30,000 - Over £30k Touring project",Not Time-Limited Priority,2025
Dante Or Die,I Do: Site-based theatre tour training programme for marginalised emerging artists,148940,2025-06-05,June,Q1,London,Westminster,Theatre,"Above £30,000 - Over £30k Touring project",Not Time-Limited Priority,2025
Jazz re:freshed,JRF OUTERNATIONAL 2025-2027,258083,2025-06-05,June,Q1,London,Lewisham,Music,"Above £30,000 - Over £30k Touring project",Not Time-Limited Priority,2025
Motionhouse,Reaching Hidden Audiences,99421,2025-06-05,June,Q1,Midlands,Warwick,Dance,"Above £30,000 - Over £30k Touring project",Not Time-Limited Priority,2025
Theatre in the Mill,Bussing Out: National Tour,126928,2025-06-05,June,Q1,North,Bradford,Combined arts,"Above £30,000 - Over £30k Touring project",Not Time-Limited Priority,2025
Laura Wyatt O'Keeffe,Holy Show Regional Tour 2025 - queer drag comedy w updated engagement plan,48561,2025-06-05,June,Q1,South East,Thanet,Combined arts,"Above £30,000 - Over £30k Touring project",Not Time-Limited Priority,2025
Embracing Arts,Chrimblesense - Expanded Tour,109541,2025-06-05,June,Q1,South East,Swale,Theatre,"Above £30,000 - Over £30k Touring project",Not Time-Limited Priority,2025
Paul Andrew Burston,Polari Prize 15th Birthday Showcase,64000,2025-06-10,June,Q1,London,Lambeth,Literature,"Above £30,000",Not Time-Limited Priority,2025
Theatre Royal Bath,The Secret Gardens,83593,2025-06-10,June,Q1,South West,Bath and North East Somerset,Theatre,"Above £30,000",Not Time-Limited Priority,2025
Arts Taunton,Taunton Together,36350,2025-06-10,June,Q1,South West,Somerset,Combined arts,"Above £30,000",Not Time-Limited Priority,2025
Jamie Hale,Researching Romeo R&D 25-27,82324,2025-06-10,June,Q1,London,Lewisham,Theatre,"Above £30,000",Not Time-Limited Priority,2025
Louise Wildish,You and Me,33430,2025-06-10,June,Q1,Midlands,Rushcliffe,Theatre,"£30,000 and below",Not Time-Limited Priority,2025
Sterts,Rooted,67597,2025-06-10,June,Q1,South West,Cornwall,Not discipline specific,"Above £30,000",Not Time-Limited Priority,2025
Kaiya McCoy,Piloting ‘The Manikii Method’ Artist Development Programme,17500,2025-06-10,June,Q1,Midlands,Birmingham,Music,"£30,000 and below",Not Time-Limited Priority,2025
One Love syndicate,One love pods,11700,2025-06-10,June,Q1,London,Brent,Music,"£30,000 and below",Not Time-Limited Priority,2025
Willy Hudson Ltd,Membership Subscription Cancellation Department - Development,10588,2025-06-10,June,Q1,London,Camden,Theatre,"£30,000 and below",Not Time-Limited Priority,2025
Caroline Muraldo,The Wild West,11550,2025-06-10,June,Q1,London,Hackney,Combined arts,"£30,000 and below",Not Time-Limited Priority,2025
Muhammed Mustafa Ahmed Chaudhry,Sounds of an Empire - Qawwali Theatre Project,29483,2025-06-10,June,Q1,Midlands,Solihull,Theatre,"£30,000 and below",Not Time-Limited Priority,2025
Avatara Ayuso,Resubmission: R&D New Ballet Anna Pavlova,19915,2025-06-10,June,Q1,Midlands,Warwick,Dance,"£30,000 and below",Not Time-Limited Priority,2025
Vanessa Oakes,Songs for Survivors of the 21st Century (Phase 2) 2nd resubmission,18920,2025-06-10,June,Q1,Midlands,Coventry,Music,"£30,000 and below",Not Time-Limited Priority,2025
Gavin Harrington-Odedra,Community artistic research project,25255,2025-06-10,June,Q1,London,Croydon,Theatre,"£30,000 and below",Not Time-Limited Priority,2025
Brian Chikwava,Endless Flight,19413,2025-06-10,June,Q1,London,Croydon,Literature,"£30,000 and below",Not Time-Limited Priority,2025
Switchflicker Productions,Family Catwalk Extravaganza - Tour 2025,11000,2025-06-11,June,Q1,North,Manchester,Theatre,"£30,000 and below",Not Time-Limited Priority,2025
Elevator Arts CIC,Gather & Tell,25031,2025-06-11,June,Q1,South East,Southend-on-Sea,Theatre,"£30,000 and below",Not Time-Limited Priority,2025
Stories That Hit Home,Motherhood,27135,2025-06-11,June,Q1,South East,Oxford,Theatre,"£30,000 and below",Not Time-Limited Priority,2025
Vision and Will Productions Limited,Faggamuffin Bloc Party: Queering Carnival Culture & Supporting LGBTQ+ Afro-Caribbean Artists,30580,2025-06-11,June,Q1,London,Tower Hamlets,Combined arts,"£30,000 and below",Not Time-Limited Priority,2025
Dark Horse Theatre,You Are Entering My Villain Era,12000,2025-06-11,June,Q1,North,Kirklees,Theatre,"£30,000 and below",Not Time-Limited Priority,2025
Greenham Women Everywhere CIC,Keskesow (conversations): A Cornish-Language Community Exhibition,24870,2025-06-11,June,Q1,South West,Cornwall,Visual arts,"£30,000 and below",Not Time-Limited Priority,2025
Xena White,The Forest of Dean: Lore of Water and Stone,6260,2025-06-11,June,Q1,South West,Forest of Dean,Combined arts,"£30,000 and below",Not Time-Limited Priority,2025
Tenderbooks,RESUBMISSION 5: Open Narratives,30000,2025-06-11,June,Q1,London,Westminster,Combined arts,"£30,000 and below",Not Time-Limited Priority,2025
Eyglo Asta Thorgeirsdottir,Building NETWORKS: Sharing Global Majority stories of collaborative care,29996,2025-06-11,June,Q1,London,Haringey,Theatre,"£30,000 and below",Not Time-Limited Priority,2025
Emily Motto,New views through Abstraction,4785,2025-06-11,June,Q1,London,Greenwich,Visual arts,"£30,000 and below",Not Time-Limited Priority,2025
Curious Arts Ltd,"National response to rising hostility towards LGBTQIA+ Cultural Activity - Including an action research approach to LGBTQIA+ family programmes, developing national best practice and Curious Festival 2026 planning (10 year Anniversary)",99500,2025-06-11,June,Q1,North,Hartlepool,Combined arts,"Above £30,000",Not Time-Limited Priority,2025
Lucia Scazzocchio,Surge and Signal,26851,2025-06-11,June,Q1,South East,Hastings,Visual arts,"£30,000 and below",Not Time-Limited Priority,2025
Lisa Moro,Shop Keeper,10000,2025-06-11,June,Q1,South West,"Bournemouth, Christchurch and Poole",Visual arts,"£30,000 and below",Not Time-Limited Priority,2025
Emmanuel McDonald,Roots of Community with Dendê: Building Cultural Connections Through Carnival Arts,29305,2025-06-11,June,Q1,South East,Hastings,Combined arts,"£30,000 and below",Not Time-Limited Priority,2025
Kash Patel,2025 Diwali,30000,2025-06-11,June,Q1,North,Middlesbrough,Combined arts,"£30,000 and below",Not Time-Limited Priority,2025
Dogwood Productions CIC,Honestly (Resubmission),13514,2025-06-11,June,Q1,North,North Yorkshire,Theatre,"£30,000 and below",Not Time-Limited Priority,2025
Muncaster Visitor Management Limited,Expanding Muncaster As A Music Venue,39600,2025-06-11,June,Q1,North,Cumberland,Music,"Above £30,000",Not Time-Limited Priority,2025
Pyramid of Arts,Studio Pyramid,52681,2025-06-11,June,Q1,North,Leeds,Visual arts,"Above £30,000",Not Time-Limited Priority,2025
Jason Wilsher-Mills,Jason and the Underground Mining Adventures,144593,2025-06-11,June,Q1,Midlands,North Kesteven,Visual arts,"Above £30,000 - Over £100k application",Not Time-Limited Priority,2025
Elvi Piper,Bring It Back 2025 - Production,53882,2025-06-11,June,Q1,North,Leeds,Combined arts,"Above £30,000",Not Time-Limited Priority,2025
Derby City Council,Derby Feste 2025,47000,2025-06-11,June,Q1,Midlands,Derby,Combined arts,"Above £30,000",Not Time-Limited Priority,2025
Phoebe Hares,MadStillNess: Mad Hatter Tea Party Sober Cabaret,6360,2025-06-11,June,Q1,South West,"Bristol, City of",Combined arts,"£30,000 and below",Not Time-Limited Priority,2025
Komola Collective,Cultivating Komola: The ITCH R&D Phase,20083,2025-06-11,June,Q1,London,Redbridge,Theatre,"£30,000 and below",Not Time-Limited Priority,2025
Photography Oxford,Photo Oxford Festival 2025,29798,2025-06-11,June,Q1,South East,Oxford,Visual arts,"£30,000 and below",Not Time-Limited Priority,2025
Kauser Mukhtar,Bilingual show ‘Khooghi’ & Open Mic project in partnership with Bradford 2025 UK City of Culture,26710,2025-06-11,June,Q1,North,Bradford,Theatre,"£30,000 and below",Not Time-Limited Priority,2025
Sam Slatcher,The Railway Children 2025,10697,2025-06-11,June,Q1,North,County Durham,Music,"£30,000 and below",Not Time-Limited Priority,2025
Kebba Suso,The Gambian Griot Legacy,23180,2025-06-11,June,Q1,South East,Central Bedfordshire,Music,"£30,000 and below",Not Time-Limited Priority,2025
Music In Devon Initiative CIC,Exeter Street Arts Festival 25,29500,2025-06-11,June,Q1,South West,Exeter,Combined arts,"£30,000 and below",Not Time-Limited Priority,2025
Lancaster BID,Light Up Lancaster 2025,99000,2025-06-11,June,Q1,North,Lancaster,Combined arts,"Above £30,000",Not Time-Limited Priority,2025
Cricklewood Town Team,Long Road Music Festival,40000,2025-06-13,June,Q1,London,Brent,Music,"Above £30,000",Supporting Grassroots Music,2025
Made It Happen Ltd,Jam Jar: The New School; diversifying & developing Bristol’s promoter ecology via a 360 accelerator programme,30000,2025-06-13,June,Q1,South West,"Bristol, City of",Music,"£30,000 and below",Supporting Grassroots Music,2025
Krafthaus Arts CIC,Grassroots R10 relaunch,35046,2025-06-13,June,Q1,Midlands,Leicester,Music,"Above £30,000",Supporting Grassroots Music,2025
videoclub,Dreamy Place: Capturing the Castle,42580,2025-06-13,June,Q1,South East,Adur,Digital Arts,"Above £30,000",Not Time-Limited Priority,2025
Vanessa Sinclair,The Development Journey,29941,2025-06-13,June,Q1,Midlands,Birmingham,Music,"£30,000 and below",Supporting Grassroots Music,2025
The Amelia Scott,Unlocking our town's radical history - resubmission 2,79703,2025-06-13,June,Q1,South East,Tunbridge Wells,Museums,"Above £30,000",Unlocking Collections,2025
Hockley Hustle,Hockley Hustle 2025: Multi-disciplinary Arts Festival and Community Engagement,99897,2025-06-13,June,Q1,Midlands,Rushcliffe,Combined arts,"Above £30,000",Not Time-Limited Priority,2025
Printers Playhouse,Music Engagement Project,30000,2025-06-13,June,Q1,South East,Eastbourne,Music,"£30,000 and below",Supporting Grassroots Music,2025
Gareth Butterworth,Manchester Psych Fest Grassroots 2025,24800,2025-06-13,June,Q1,North,Trafford,Music,"£30,000 and below",Supporting Grassroots Music,2025
Strings Bar & Venue,IW Grassroots Music Development,30000,2025-06-13,June,Q1,South West,Isle of Wight,Music,"£30,000 and below",Supporting Grassroots Music,2025
Robyn Sellman,Krautpunk Tour 2025 V2,4426,2025-06-13,June,Q1,London,Lewisham,Music,"£30,000 and below",Supporting Grassroots Music,2025
Oram Awards CIC,Oram Grassroots Tour,30632,2025-06-13,June,Q1,Midlands,Amber Valley,Music,"£30,000 and below",Supporting Grassroots Music,2025
Loco Klub,Grove x Loco Klub Present: Diaspora,16615,2025-06-13,June,Q1,South West,"Bristol, City of",Music,"£30,000 and below",Supporting Grassroots Music,2025
Beat Routes,Sound Waves,30000,2025-06-18,June,Q1,South East,Slough,Visual arts,"£30,000 and below",Not Time-Limited Priority,2025
zaiba jabbar,Hervisions,32000,2025-06-18,June,Q1,London,Haringey,Combined arts,"£30,000 and below",Not Time-Limited Priority,2025
Reflect Productions GY CIC,Matt- The Tour (Resubmission x4),29382,2025-06-18,June,Q1,South East,Great Yarmouth,Theatre,"£30,000 and below",Not Time-Limited Priority,2025
Olga Kaleta's Period Drama,Period Drama Development and Tour 2025/2026,33872,2025-06-18,June,Q1,South West,"Bristol, City of",Theatre,"£30,000 and below",Not Time-Limited Priority,2025
Olivia Wallis Jackson,(Resubmission 2) - Stasiland: Broadening the Creative Scope,8812,2025-06-18,June,Q1,South West,Test Valley,Dance,"£30,000 and below",Not Time-Limited Priority,2025
Jill Eastland,You Never Asked My Name,8665,2025-06-18,June,Q1,South East,Cambridge,Visual arts,"£30,000 and below",Not Time-Limited Priority,2025
John Chisham,2nd Resubmission: Petty Men,20962,2025-06-18,June,Q1,South East,Cambridge,Theatre,"£30,000 and below",Not Time-Limited Priority,2025
AFRICAN CULTURAL DEVELOPMENT (ACD ARTS),Pan-African CYP drum & dance programmes + collective & professional performances in PP areas during Black History Month,29900,2025-06-18,June,Q1,London,Hackney,Music,"£30,000 and below",Not Time-Limited Priority,2025
Croydonites Festival of New Theatre,Croydonites Festival 2025,30000,2025-06-18,June,Q1,London,Croydon,Theatre,"£30,000 and below",Not Time-Limited Priority,2025
Omnibus,DRUM UK Tour 2025 (2),14721,2025-06-18,June,Q1,London,Lambeth,Combined arts,"£30,000 and below",Not Time-Limited Priority,2025
York Dance Space,"Everybody Dance Festival (Immerse, Engage and Inspire)",32850,2025-06-18,June,Q1,North,York,Dance,"£30,000 and below",Not Time-Limited Priority,2025
Hannah Goudie-Hunter,Bearly There,22900,2025-06-18,June,Q1,North,County Durham,Theatre,"£30,000 and below",Not Time-Limited Priority,2025
Open City,Open House Festival 2025: Emerging Curators [RESUBMISSION],9300,2025-06-18,June,Q1,London,Greenwich,Visual arts,"£30,000 and below",Not Time-Limited Priority,2025
Free Range,Free Range Autumn 2025,30000,2025-06-18,June,Q1,South East,Canterbury,Music,"£30,000 and below",Not Time-Limited Priority,2025
Cottingley Community Centre,Cottingley Summer Bash,3000,2025-06-18,June,Q1,North,Bradford,Combined arts,"£30,000 and below",Not Time-Limited Priority,2025
Dominic Ogden,Hard Copy Studios: Visual For Loud People,4650,2025-06-18,June,Q1,North,Cheshire West and Chester,Visual arts,"£30,000 and below",Not Time-Limited Priority,2025
OAK Initiative UK CIC,Bradford African Festival of Arts (BAFA),29994,2025-06-18,June,Q1,North,Bradford,Combined arts,"£30,000 and below",Not Time-Limited Priority,2025
Montez Press,MONTEZ PRESS: JAWFILLER X THE HERMAPHRODITE READER,20470,2025-06-18,June,Q1,London,Kensington and Chelsea,Literature,"£30,000 and below",Not Time-Limited Priority,2025
The Social Society,Inclusive Arts Festival - Resubmission,25215,2025-06-18,June,Q1,South East,Brighton and Hove,Combined arts,"£30,000 and below",Not Time-Limited Priority,2025
Uturnships CIC,Afro Food Festival 2025 NEW,27167,2025-06-18,June,Q1,South East,Thurrock,Combined arts,"£30,000 and below",Not Time-Limited Priority,2025
Hope On Prescription CIC,Writing for Wellbeing,22289,2025-06-18,June,Q1,South East,Dartford,Literature,"£30,000 and below",Not Time-Limited Priority,2025
SILT,Colour and Light Youth Programme,8749,2025-06-18,June,Q1,South West,Wiltshire,Visual arts,"£30,000 and below",Not Time-Limited Priority,2025
Reena Dennhardt,The Undying,25000,2025-06-18,June,Q1,South East,King's Lynn and West Norfolk,Theatre,"£30,000 and below",Not Time-Limited Priority,2025
Knowsley Borough Council,Knowsley Place Partnership Bid,650000,2025-06-18,June,Q1,North,Knowsley,Not discipline specific,"Above £30,000 - Place Partnership project",Not Time-Limited Priority,2025
Catherine Traveller,Catherine Traveller,16845,2025-06-18,June,Q1,North,Kirklees,Theatre,"£30,000 and below",Not Time-Limited Priority,2025
Lougborough Community Centre (Max Roach),Windrush Children's Festival,25600,2025-06-18,June,Q1,London,Lambeth,Combined arts,"£30,000 and below",Not Time-Limited Priority,2025
Geoffrey Chambers,Chorus,26750,2025-06-18,June,Q1,South East,Thanet,Combined arts,"£30,000 and below",Not Time-Limited Priority,2025
Imaginarium Creations CIC,Imaginarium Children’s Book Festival,13815,2025-06-19,June,Q1,Midlands,Blaby,Literature,"£30,000 and below",Not Time-Limited Priority,2025
Worcestershire Acute Hospitals Charity,WELCOME,29980,2025-06-19,June,Q1,Midlands,Worcester,Visual arts,"£30,000 and below",Not Time-Limited Priority,2025
Libraries & Communities - Staffordshire County Council,Staffordshire Libraries Young Writers & Readers Programme 2025 - 27,29751,2025-06-19,June,Q1,Midlands,Stafford,Libraries,"£30,000 and below",Universal Library Offers,2025
Lucie Labadie,Back to the Bone - Community Festival - Resubmission,29949,2025-06-19,June,Q1,Midlands,Stoke-on-Trent,Combined arts,"£30,000 and below",Not Time-Limited Priority,2025
Coventry City Council,Cov ConneX Kingston - Youth Stage,29501,2025-06-19,June,Q1,Midlands,Coventry,Music,"£30,000 and below",Not Time-Limited Priority,2025
alison penn,Move in your own way,30769,2025-06-24,June,Q1,Midlands,Solihull,Dance,"£30,000 and below",Not Time-Limited Priority,2025
In Focus Education & Development,Develop Skills Learn and Reflect (DSLR): work place transferable skills  through photography and creative interventions Phase 2,99504,2025-06-24,June,Q1,South West,Southampton,Combined arts,"Above £30,000",Not Time-Limited Priority,2025
Spalding Gentlemens Society,SGS Discovered,27700,2025-06-24,June,Q1,Midlands,South Holland,Museums,"£30,000 and below",Unlocking Collections,2025
Warrior Collective CIC,"Behind the lens, beyond the sport RESUBMISSION",29895,2025-06-24,June,Q1,Midlands,Swansea,Visual arts,"£30,000 and below",Not Time-Limited Priority,2025
Neelum Aftab,Mystic Art Workshops,15882,2025-06-24,June,Q1,Midlands,Nottingham,Combined arts,"£30,000 and below",Not Time-Limited Priority,2025
Jessica Hicks,Front Room Xmas Project 2025,20678,2025-06-24,June,Q1,South West,North Somerset,Theatre,"£30,000 and below",Not Time-Limited Priority,2025
Naomi Elizabeth Alvarado,My Uncle is Not Pablo Escobar Remount 2025,69164,2025-06-24,June,Q1,London,Lambeth,Theatre,"Above £30,000",Not Time-Limited Priority,2025
Jeanette Bird-Bradley,RESUBMISSION: Focus Groups And Artistic Development Of New Ghost Story Show About MS,32941,2025-06-24,June,Q1,Midlands,Nottingham,Theatre,"£30,000 and below",Not Time-Limited Priority,2025
Reaction Theatre Makers,FEAST 25,30000,2025-06-24,June,Q1,Midlands,Malvern Hills,Theatre,"£30,000 and below",Not Time-Limited Priority,2025
Mangrove Carnival Arts,Mangrove Programme 2025,61346,2025-06-24,June,Q1,London,Kensington and Chelsea,Combined arts,"Above £30,000",Not Time-Limited Priority,2025
Buzzcut Productions,Bark Bark,9831,2025-06-24,June,Q1,South West,Dorset,Theatre,"£30,000 and below",Not Time-Limited Priority,2025
Elisabeth Ho,Prayers for a Hungry Ghost - Premiere of new ESEA Ensemble Piece,38182,2025-06-24,June,Q1,London,Newham,Theatre,"Above £30,000",Not Time-Limited Priority,2025
Coda Music and Arts Trust,Nurturing Creativity,45650,2025-06-24,June,Q1,South West,"Bournemouth, Christchurch and Poole",Combined arts,"Above £30,000",Not Time-Limited Priority,2025
New Elements,Magic Swindon,0,2025-06-24,June,Q1,South West,Swindon,Combined arts,"Above £30,000 - Place Partnership project",Not Time-Limited Priority,2025
Sound Communities,Young Leaders,78300,2025-06-24,June,Q1,South West,Torbay,Not discipline specific,"Above £30,000",Not Time-Limited Priority,2025
Sahla Trew,Worlds at War,15000,2025-06-25,June,Q1,London,Croydon,Combined arts,"£30,000 and below",Not Time-Limited Priority,2025
Simon Porter,Bugs Production Premiere & Tour,70698,2025-06-25,June,Q1,South East,Windsor and Maidenhead,Literature,"Above £30,000",Not Time-Limited Priority,2025
Mulgrave Mixed Media,x,11500,2025-06-25,June,Q1,North,Gateshead,Literature,"£30,000 and below",Not Time-Limited Priority,2025
Earthlings CIC,Little Artlings Explorers,53665,2025-06-25,June,Q1,South East,Dover,Combined arts,"Above £30,000",Not Time-Limited Priority,2025
Funnelwick Limb CIC,Twelve Yuletide Yarns - a joyous festival show for 1500+ young people in low engagement areas,52000,2025-06-25,June,Q1,South East,Tendring,Literature,"Above £30,000",Not Time-Limited Priority,2025
Martha Pailing,"Chat Sh*t, Get Hit - Submission 2",20803,2025-06-25,June,Q1,North,Wyre,Theatre,"£30,000 and below",Not Time-Limited Priority,2025
Nicholas McKerrow,Just Nick; A Disability-Led Arts Project (resubmission),26900,2025-06-25,June,Q1,London,Wandsworth,Dance,"£30,000 and below",Not Time-Limited Priority,2025
Kavitha Balasingham,Love Island: new collaborative approaches to exhibition making in Sri Lankan diaspora communities,8538,2025-06-25,June,Q1,London,Tower Hamlets,Visual arts,"£30,000 and below",Not Time-Limited Priority,2025
Murmuration Arts Production CIC,Illustrated Lullaby - Crawley,27293,2025-06-25,June,Q1,South East,Brighton and Hove,Combined arts,"£30,000 and below",Not Time-Limited Priority,2025
East London Music Group,Guilty and Proud,16705,2025-06-25,June,Q1,London,Redbridge,Music,"£30,000 and below",Not Time-Limited Priority,2025
Soothsayers,Soothsayers - Fly Higher,25063,2025-06-25,June,Q1,London,Lambeth,Music,"£30,000 and below",Not Time-Limited Priority,2025
MADE IN FOLKESTONE LIMITED t/a SD PROJECTS,Intersections 2.0,29500,2025-06-25,June,Q1,South East,Folkestone and Hythe,Combined arts,"£30,000 and below",Not Time-Limited Priority,2025
Hocus Pocus Theatre CIC,Big Dream (Re-submission),30000,2025-06-25,June,Q1,South East,Great Yarmouth,Theatre,"£30,000 and below",Not Time-Limited Priority,2025
Charles Linehan,OUTSIDER ARTISTS IN DANCE,21800,2025-06-25,June,Q1,South East,Brighton and Hove,Dance,"£30,000 and below",Not Time-Limited Priority,2025
Agustina Ramos Ekongo,Creative British Black History Month 25 - Library Archives,10000,2025-06-25,June,Q1,North,Warrington,Visual arts,"£30,000 and below",Not Time-Limited Priority,2025
Katie Mooney,You're Not In The West End Now,12613,2025-06-25,June,Q1,South East,Thanet,Theatre,"£30,000 and below",Not Time-Limited Priority,2025
Evie Longstaff,Entropy,6267,2025-06-25,June,Q1,South East,Brighton and Hove,Dance,"£30,000 and below",Not Time-Limited Priority,2025
East End Development Trust,CULTIVATE - nurturing the East End Arts Action Group,27560,2025-06-25,June,Q1,South West,Plymouth,Not discipline specific,"£30,000 and below",Not Time-Limited Priority,2025
Polite Rebellion,2nd Resubmission: Iconic Fatigue,49234,2025-06-26,June,Q1,North,Leeds,Visual arts,"Above £30,000",Not Time-Limited Priority,2025
509ArtsLtd,Life Class Bradford 2025,45000,2025-06-26,June,Q1,North,Bradford,Theatre,"Above £30,000",Not Time-Limited Priority,2025
Preston City Mela,Mela 2025 Showcasing Cultural Diversity,49753,2025-06-26,June,Q1,North,Preston,Combined arts,"Above £30,000",Not Time-Limited Priority,2025
Liam O'Shea,No Bounds Festival 2025: Grit and Graft,58975,2025-06-26,June,Q1,North,Sheffield,Combined arts,"Above £30,000",Not Time-Limited Priority,2025
St Helens Council Library Service,Liverpool City Region Libraries Shared Reading Project,86737,2025-06-26,June,Q1,North,St. Helens,Libraries,"Above £30,000",Universal Library Offers,2025
The Cooke E-Learning Foundation (trading as E2),Beats to Performance: Powering Up Grassroots Talent,35000,2025-06-26,June,Q1,Midlands,Leicester,Music,"Above £30,000",Not Time-Limited Priority,2025
Buxworth Primary School,Teaching for Creativity,93837,2025-06-26,June,Q1,Midlands,High Peak,Visual arts,"Above £30,000",Not Time-Limited Priority,2025
Wonder Arts Limited,Wonder Arts In Towns,60000,2025-06-26,June,Q1,North,St. Helens,Theatre,"Above £30,000",Not Time-Limited Priority,2025
Mahogany Opera Group,Snappy Opera Festival 2026,59720,2025-06-26,June,Q1,North,Cumberland,Music,"Above £30,000",Not Time-Limited Priority,2025
Creative Start CIC,Making A Comeback,40949,2025-06-26,June,Q1,North,North East Lincolnshire,Visual arts,"Above £30,000",Not Time-Limited Priority,2025
LCC Lancashire Textile Industry Collection,Cottoning On - Storage solutions for Lancashire Textile Industry Collection,72000,2025-06-26,June,Q1,North,Preston,Museums,"Above £30,000",Unlocking Collections,2025
Colour The Clouds,Theatre supporting Autistic Young People - further development,63720,2025-06-26,June,Q1,North,Blackburn with Darwen,Theatre,"Above £30,000",Not Time-Limited Priority,2025
Tees Valley Combined Authority,Sonic Futures,150000,2025-06-26,June,Q1,North,Darlington,Music,"Above £30,000 - Over £100k application",Not Time-Limited Priority,2025
Lichfield Garrick Theatre,Creative Burntwood - Place Partnerships Fund,298176,2025-06-27,June,Q1,Midlands,Lichfield,Combined arts,"Above £30,000 - Place Partnership project",Not Time-Limited Priority,2025
Tees Valley Combined Authority,The Engine Room,1300000,2025-07-01,July,Q2,North,Darlington,Not discipline specific,"Above £30,000 - Place Partnership project",Not Time-Limited Priority,2025
Paracarnival,Paracarnival 2025,24080,2025-07-01,July,Q2,London,Tower Hamlets,Combined arts,"£30,000 and below",Not Time-Limited Priority,2025
Metronomes Steel Orchestra,Metronomes Carnival Programme 2025,27539,2025-07-01,July,Q2,London,Kensington and Chelsea,Combined arts,"£30,000 and below",Not Time-Limited Priority,2025
Dima Karout,Conflicted Landscapes,29900,2025-07-01,July,Q2,London,Southwark,Combined arts,"£30,000 and below",Not Time-Limited Priority,2025
Jacob Krefeld,R&D for Penguin Snare,9997,2025-07-01,July,Q2,London,Camden,Theatre,"£30,000 and below",Not Time-Limited Priority,2025
Creativism C.I.C.,Portobello Stories,21683,2025-07-02,July,Q2,London,Kensington and Chelsea,Visual arts,"£30,000 and below",Not Time-Limited Priority,2025
Mathilda Parker-Craig,DOOMSCROLL TILL I DIE,21724,2025-07-02,July,Q2,London,Kingston upon Thames,Theatre,"£30,000 and below",Not Time-Limited Priority,2025
Pakistan Week,Pakistan week 25,30000,2025-07-02,July,Q2,Midlands,Birmingham,Combined arts,"£30,000 and below",Not Time-Limited Priority,2025
Read Now Write Now,The Write Time Creative Writing Project for Adults in Wigan,18764,2025-07-02,July,Q2,North,Wirral,Literature,"£30,000 and below",Universal Library Offers,2025
WELLSPRING MUSIC CIC,Six Twenty Five Two,16155,2025-07-02,July,Q2,Midlands,Nottingham,Music,"£30,000 and below",Not Time-Limited Priority,2025
Melissa Davies,Heaf,16038,2025-07-02,July,Q2,North,Westmorland and Furness,Literature,"£30,000 and below",Not Time-Limited Priority,2025
Joanne Rush,Imagining Lost Histories,7398,2025-07-02,July,Q2,South West,Croydon,Visual arts,"£30,000 and below",Not Time-Limited Priority,2025
Electric Medway CIC,Festival 25: Aurora featuring Forest Keep,30000,2025-07-02,July,Q2,South East,Medway,Digital Arts,"£30,000 and below",Not Time-Limited Priority,2025
Phoenix Singers Leek,Stoke-on-Trent Centenary: Celebrating ‘The Queen's Shoulders’,9687,2025-07-02,July,Q2,Midlands,Staffordshire Moorlands,Music,"£30,000 and below",Not Time-Limited Priority,2025
Taunton Theatre Association Ltd,The Nutcracker 2025,27708,2025-07-02,July,Q2,South West,Somerset,Theatre,"£30,000 and below",Not Time-Limited Priority,2025
BÉZNĂ Theatre,"The First Year R&D: co-creation with academics, communities and artists",33183,2025-07-02,July,Q2,Midlands,West Lindsey,Theatre,"£30,000 and below",Not Time-Limited Priority,2025
Flagz Mas Band,Legacy Reloaded,29175,2025-07-02,July,Q2,Midlands,Wolverhampton,Combined arts,"£30,000 and below",Not Time-Limited Priority,2025
Hilary Lloyd,Hilary Lloyd | Dennis Potter,14000,2025-07-02,July,Q2,London,Tower Hamlets,Visual arts,"£30,000 and below",Not Time-Limited Priority,2025
Young Creatives Nottingham,Building a Young Creatives Network in Nottingham,22150,2025-07-02,July,Q2,Midlands,Nottingham,Combined arts,"£30,000 and below",Not Time-Limited Priority,2025
CMC.CIC,"Cleaner Shores, Brighter Futures",5000,2025-07-02,July,Q2,North,Lancaster,Visual arts,"£30,000 and below",Not Time-Limited Priority,2025
Jennifer Irons,Bad Immigrant Development and Tour,35509,2025-07-02,July,Q2,South East,Worthing,Dance,"£30,000 and below",Not Time-Limited Priority,2025
Jazz Promotion Network,JPN Grassroots Jazz Promoter Development Project,39877,2025-07-02,July,Q2,South West,"Bristol, City of",Music,"Above £30,000",Supporting Grassroots Music,2025
Soundcastle,Growing People's Music,32100,2025-07-02,July,Q2,South East,Hastings,Music,"£30,000 and below",Not Time-Limited Priority,2025
Ally Ashworth,I Am Born,14484,2025-07-02,July,Q2,South West,Portsmouth,Visual arts,"£30,000 and below",Not Time-Limited Priority,2025
Bar Groisman,COILED UP Final Creation & Preview Tour - Resubmission,29849,2025-07-02,July,Q2,South East,Cambridge,Dance,"£30,000 and below",Not Time-Limited Priority,2025
Abi Bash,TWO CHAIRS PROJECT: Workshops with amputees resulting in exhibitions at Nottingham Mobility Centre (City Hospital) and Surface Gallery,8810,2025-07-02,July,Q2,Midlands,Nottingham,Visual arts,"£30,000 and below",Not Time-Limited Priority,2025
Art Voyage Biennial CIC,"Echoes of Migration: a public art & storytelling project, embedding migrant creativity into Lewisham’s everyday landscape",29970,2025-07-02,July,Q2,London,Lewisham,Visual arts,"£30,000 and below",Not Time-Limited Priority,2025
Off Licence Magazine,Offie Mag UK Tour (Clubnights + Community Radio),14000,2025-07-02,July,Q2,South East,Brighton and Hove,Music,"£30,000 and below",Supporting Grassroots Music,2025
Alice corrigan,90 + 5 Phase 2,33254,2025-07-02,July,Q2,North,Wigan,Theatre,"£30,000 and below",Not Time-Limited Priority,2025
Innit for Young People,Innit Studio Theatre,30000,2025-07-02,July,Q2,North,Salford,Theatre,"£30,000 and below",Not Time-Limited Priority,2025
The Cheltenham Trust,We Are Creators,27238,2025-07-02,July,Q2,South West,Cheltenham,Visual arts,"£30,000 and below",Not Time-Limited Priority,2025
Soumik Datta Arts,Slow tour to India and SE Asia 2025/6,98500,2025-07-03,July,Q2,South West,Stroud,Music,"Above £30,000 - Over £30k Touring project",Not Time-Limited Priority,2025
A&E Comedy Limited,Enter the Dragons 2025,42166,2025-07-03,July,Q2,South East,Brighton and Hove,Theatre,"Above £30,000 - Over £30k Touring project",Not Time-Limited Priority,2025
Sandy Hill Arts,SHA Grassroots Music,29415,2025-07-03,July,Q2,South West,Dorset,Music,"£30,000 and below",Supporting Grassroots Music,2025
Sholto Biscoe-Taylor,QueerScore,21742,2025-07-03,July,Q2,London,Tower Hamlets,Music,"£30,000 and below",Supporting Grassroots Music,2025
Invisible Flock Co,Microtonal Tour,54802,2025-07-03,July,Q2,North,Barnsley,Music,"Above £30,000 - Over £30k Touring project",Not Time-Limited Priority,2025
Mixtape Madness Ltd,Mixtape Madness Live,24100,2025-07-03,July,Q2,London,Enfield,Music,"£30,000 and below",Supporting Grassroots Music,2025
Marsm,UK-wide Arab music tour 2026,85852,2025-07-03,July,Q2,London,Islington,Music,"Above £30,000 - Over £30k Touring project",Not Time-Limited Priority,2025
The Mehfil Space CIC,The Mehfil Space Project,27930,2025-07-03,July,Q2,South East,Brighton and Hove,Music,"£30,000 and below",Supporting Grassroots Music,2025
Soup Kitchen,SOUP 15th Birthday,17170,2025-07-03,July,Q2,North,Manchester,Music,"£30,000 and below",Supporting Grassroots Music,2025
The Beerhouse,Dewsbury: Live Music Community 25/26,7350,2025-07-03,July,Q2,North,Kirklees,Music,"£30,000 and below",Supporting Grassroots Music,2025
Oldridge & Hobbs Ltd,THE UK BEATBOX CHAMPIONSHIPS 20th ANNIVERSARY FESTIVAL OF VOCAL ARTS,20014,2025-07-03,July,Q2,South West,Gloucester,Music,"£30,000 and below",Supporting Grassroots Music,2025
Music Venue Trust,Grassroots Independent Music Networking Day (GIMND),27443,2025-07-03,July,Q2,London,Hackney,Music,"£30,000 and below",Supporting Grassroots Music,2025
The Hustle,Future Hustlers: Nottingham Artist Development Programme,29650,2025-07-03,July,Q2,Midlands,Rushcliffe,Music,"£30,000 and below",Supporting Grassroots Music,2025
High Tide Twickenham CIC,High Tide Festival - Emerging Artists and Management 2025,22932,2025-07-03,July,Q2,London,Richmond upon Thames,Music,"£30,000 and below",Supporting Grassroots Music,2025
Katie Guicciardi,FOX,21819,2025-07-08,July,Q2,London,Enfield,Theatre,"£30,000 and below",Not Time-Limited Priority,2025
Amici Dance Theatre Company,Our Time 2025 - Amici Dance Theatre Company,23000,2025-07-08,July,Q2,London,Hammersmith and Fulham,Dance,"£30,000 and below",Not Time-Limited Priority,2025
Bounce Theatre,Snowed In,30000,2025-07-08,July,Q2,London,Wandsworth,Combined arts,"£30,000 and below",Not Time-Limited Priority,2025
Carrie Harrison,Memory of Joy,9941,2025-07-08,July,Q2,London,Camden,Visual arts,"£30,000 and below",Not Time-Limited Priority,2025
Belen Yanez,Welcome Tour,27709,2025-07-09,July,Q2,South East,Oxford,Visual arts,"£30,000 and below",Not Time-Limited Priority,2025
Mangled Yarn,A Community Christmas Carol 2025,9994,2025-07-09,July,Q2,South East,Shropshire,Theatre,"£30,000 and below",Not Time-Limited Priority,2025
Black Creative Trailblazers CIC,Black Creative Trailblazers 2025,28943,2025-07-09,July,Q2,North,Manchester,Combined arts,"£30,000 and below",Not Time-Limited Priority,2025
Dickson Mbi Company,Tellus - Final Creation & Initial Tour,78525,2025-07-09,July,Q2,London,Barking and Dagenham,Dance,"Above £30,000",Not Time-Limited Priority,2025
Hugh Malyon,R&Ding & Rethinking Residency (R&R) with Community,38901,2025-07-09,July,Q2,South West,Torbay,Combined arts,"£30,000 and below",Not Time-Limited Priority,2025
Joshua Lewis,"Lose the Path, Find Your Way Theatres, Libraries and Schools Tour in the Midlands, South-East and Hampshire Resubmission",29250,2025-07-09,July,Q2,South East,Central Bedfordshire,Theatre,"£30,000 and below",Not Time-Limited Priority,2025
Lucy Mager,Neurodivergent Arts Collective,28733,2025-07-09,July,Q2,North,North East Lincolnshire,Visual arts,"£30,000 and below",Not Time-Limited Priority,2025
Amy Townsend-Lowcock,"Enter, TRAGIC MULATTA",20008,2025-07-09,July,Q2,North,Manchester,Visual arts,"£30,000 and below",Not Time-Limited Priority,2025
CHUKWUBUIKEM DANIELS NDUBUISI,TRASH TO ART,4000,2025-07-09,July,Q2,Midlands,Leicester,Visual arts,"£30,000 and below",Not Time-Limited Priority,2025
Nonsuch Theatre,OUTLAWED: Building a Touring Model for Nonsuch Studios,30000,2025-07-09,July,Q2,Midlands,Nottingham,Theatre,"£30,000 and below",Not Time-Limited Priority,2025
Eric Longa Ltd,Cabrolé!,31413,2025-07-09,July,Q2,London,Islington,Theatre,"£30,000 and below",Not Time-Limited Priority,2025
Hamza Ali,Bottled,22187,2025-07-09,July,Q2,Midlands,Charnwood,Theatre,"£30,000 and below",Not Time-Limited Priority,2025
Louise Orwin,BOYSBOYSBOYS -  R&D,21402,2025-07-09,July,Q2,South East,Wealden,Theatre,"£30,000 and below",Not Time-Limited Priority,2025
Intercultured Festival CIC,Intercultured Festival 2025 - Take 2,30000,2025-07-09,July,Q2,North,Bradford,Combined arts,"£30,000 and below",Not Time-Limited Priority,2025
The Boom Dang Foundation,Upskill Upbeat Barrow 2,25474,2025-07-09,July,Q2,North,Westmorland and Furness,Music,"£30,000 and below",Not Time-Limited Priority,2025
Hannah Berry,UK Comics Creator Survey 2025,30278,2025-07-09,July,Q2,South East,Brighton and Hove,Literature,"£30,000 and below",Not Time-Limited Priority,2025
Avital Rosenberg,Hit Fix Cabaret R&D,23561,2025-07-09,July,Q2,North,Sheffield,Theatre,"£30,000 and below",Not Time-Limited Priority,2025
KD Culture,"‘Dancin’ on Extreme!’: Keneish Dance delivers entry-level CYP workshops, early-career CPD, & public sharings in atypical venues during Black History Month",29122,2025-07-09,July,Q2,Midlands,Birmingham,Dance,"£30,000 and below",Not Time-Limited Priority,2025
The-Big-Reveal,Intergalactic Emergency,26000,2025-07-09,July,Q2,South East,Dover,Combined arts,"£30,000 and below",Not Time-Limited Priority,2025
LW Arts CIC,WHOOSH! - an Interactive Creative Performance Project for young children & families living with SEND,29680,2025-07-09,July,Q2,Midlands,Rushcliffe,Theatre,"£30,000 and below",Not Time-Limited Priority,2025
Olufemi Iloyi,Slough Mental Health 2.0,19421,2025-07-09,July,Q2,South East,Slough,Literature,"£30,000 and below",Not Time-Limited Priority,2025
Tapestry of Black Britons CIC,Tapestry of Black Britons,30000,2025-07-09,July,Q2,London,Bromley,Visual arts,"£30,000 and below",Not Time-Limited Priority,2025
Richie Bow-Grace,Rich Tea Biscuits R & D,21000,2025-07-09,July,Q2,North,Newcastle upon Tyne,Theatre,"£30,000 and below",Not Time-Limited Priority,2025
Rebecca Skinner,The New Mrs Davidson,13621,2025-07-09,July,Q2,North,Cumberland,Museums,"£30,000 and below",Unlocking Collections,2025
Squidsoup Ltd,Squidsoup Gloucester,18131,2025-07-09,July,Q2,South West,Cheltenham,Visual arts,"£30,000 and below",Not Time-Limited Priority,2025
Wizard Theatre Ltd,Power of Creativity - Schools Workshops in Brent,29901,2025-07-09,July,Q2,South East,Vale of White Horse,Theatre,"£30,000 and below",Not Time-Limited Priority,2025
Christopher Reyes,MAHARLIKA UK - THE 4TH WAVE : DEVELOPING A DIGITAL PLATFORM & ITS CREATIVE PROGRAMME TO BRING WIDER CREATIVE ACTIVITIES & CULTURAL ENGAGEMENT TO UK-FILIPINO COMMUNITIES.,63027,2025-07-09,July,Q2,London,Newham,Combined arts,"Above £30,000",Not Time-Limited Priority,2025
GILLIAN ALLARD,Touchstone,14120,2025-07-09,July,Q2,South East,Mid Suffolk,Visual arts,"£30,000 and below",Not Time-Limited Priority,2025
Bradford Opera Festival,Bradford Opera Festival 2025,29902,2025-07-09,July,Q2,North,Bradford,Music,"£30,000 and below",Not Time-Limited Priority,2025
Lexden Primary School with hearing impaired unit,Essex Vibrations,29334,2025-07-09,July,Q2,South East,Colchester,Music,"£30,000 and below",Not Time-Limited Priority,2025
PROFORMA ARTS LTD,Compass Residencies,27515,2025-07-09,July,Q2,North,North Norfolk,Visual arts,"£30,000 and below",Not Time-Limited Priority,2025
Lily Green,Planet Laboratory,21900,2025-07-09,July,Q2,South East,East Suffolk,Combined arts,"£30,000 and below",Not Time-Limited Priority,2025
Tower Hamlets Schools Library Services,Tower Hamlets Poetry Slam and Writing Competition 2026,45808,2025-07-09,July,Q2,London,Tower Hamlets,Literature,"Above £30,000",Not Time-Limited Priority,2025
In My Shoes Theatre Group,Resubmission - ‘Welcome Home’ by In My Shoes Theatre Company,14962,2025-07-09,July,Q2,North,Oldham,Theatre,"£30,000 and below",Not Time-Limited Priority,2025
Paul Baker,"Two CITIES - WORKSHOPS, R&D, SHARINGS AND FILMING - RESUBMISSION 10",19306,2025-07-09,July,Q2,London,Southwark,Theatre,"£30,000 and below",Not Time-Limited Priority,2025
Elimu Carnival Club,KAVENGE KOUTURE 25: A GREEN MAS,30000,2025-07-09,July,Q2,London,Westminster,Combined arts,"£30,000 and below",Not Time-Limited Priority,2025
Arts for Recovery in the Community,Horizons: developing an inclusive arts and mental health practice,53290,2025-07-10,July,Q2,North,Stockport,Visual arts,"Above £30,000",Not Time-Limited Priority,2025
The Herd Theatre,"RESUBMISSION // NURTURING, CELEBRATING & INTERROGATING EARLY CHILDHOOD: Innovative co-created local offer for toddlers & babies, high profile national tour of baby show & ambitious baby brain research.",70605,2025-07-10,July,Q2,North,"Kingston upon Hull, City of",Theatre,"Above £30,000",Not Time-Limited Priority,2025
Karma Dance (Mental Health & Trauma) CIC,Resubmission Diminished 2,38895,2025-07-10,July,Q2,North,Leeds,Dance,"Above £30,000",Not Time-Limited Priority,2025
will hughes,Sawdust Pilot Project,38794,2025-07-10,July,Q2,North,Stockton-on-Tees,Visual arts,"Above £30,000",Not Time-Limited Priority,2025
Fozia Ismail,House of Weaving Songs 01,59603,2025-07-10,July,Q2,South West,"Bristol, City of",Combined arts,"Above £30,000",Not Time-Limited Priority,2025
Grace Denton,Making Time - a community for neurodivergent creative development,34763,2025-07-10,July,Q2,North,Gateshead,Visual arts,"Above £30,000",Not Time-Limited Priority,2025
Underground Lights,Ignite,49862,2025-07-10,July,Q2,Midlands,Coventry,Theatre,"Above £30,000",Not Time-Limited Priority,2025
Malandra Jacks,Census redevelopment and local community performances,33079,2025-07-10,July,Q2,North,Oldham,Theatre,"Above £30,000",Not Time-Limited Priority,2025
Dingy Butterflies CIC,Weaving for Wellbeing,40300,2025-07-10,July,Q2,North,Gateshead,Combined arts,"Above £30,000",Not Time-Limited Priority,2025
BrightSparks,Growing BrightSparks Arts in Mental Health CIO,102300,2025-07-10,July,Q2,Midlands,Leicester,Not discipline specific,"Above £30,000",Not Time-Limited Priority,2025
John Rwothomach,"Away From Home (Kubulaya) Phase Two, Test and Development",43725,2025-07-10,July,Q2,North,Sheffield,Theatre,"Above £30,000",Not Time-Limited Priority,2025
Leigh Building Preservation Trust,Creative Spaces,70000,2025-07-10,July,Q2,North,Wigan,Visual arts,"Above £30,000",Not Time-Limited Priority,2025
Diverse Artists network,"Organisational Development: Retaining the Artist & Expanding Opportunities s for Underrepresented Artists in the South West.""",52519,2025-07-10,July,Q2,South West,"Bristol, City of",Combined arts,"Above £30,000",Not Time-Limited Priority,2025
1DegreeEast,South East Producer Hubs - resubmission,66874,2025-07-11,July,Q2,South East,East Suffolk,Theatre,"Above £30,000",Not Time-Limited Priority,2025
Folkestone Fringe,Hands of Clay and Flint,49650,2025-07-11,July,Q2,South East,Folkestone and Hythe,Visual arts,"Above £30,000",Not Time-Limited Priority,2025
Avalon Rathgeb,London Tap Dance Festival 2025,11976,2025-07-15,July,Q2,London,Southwark,Dance,"£30,000 and below",Not Time-Limited Priority,2025
THE DOT COLLECTIVE,Footprints in the Sand,21290,2025-07-15,July,Q2,London,Southwark,Theatre,"£30,000 and below",Not Time-Limited Priority,2025
Thomas Moors,Laryngectomy Vocal Tract organ,14448,2025-07-15,July,Q2,London,Kensington and Chelsea,Music,"£30,000 and below",Not Time-Limited Priority,2025
Thomas John Price,Lightbulbs,10958,2025-07-15,July,Q2,London,Lewisham,Theatre,"£30,000 and below",Not Time-Limited Priority,2025
Michael Bontatibus,Ritual (Resubmission),19980,2025-07-15,July,Q2,London,Hackney,Theatre,"£30,000 and below",Not Time-Limited Priority,2025
East Bridge Chorale,Verdi Requiem Major Concert,5585,2025-07-16,July,Q2,South East,Dover,Music,"£30,000 and below",Not Time-Limited Priority,2025
Andrew Walker,Wrapped In Cold Hard Comfort,33193,2025-07-16,July,Q2,North,Leeds,Visual arts,"£30,000 and below",Not Time-Limited Priority,2025
Fertile Ground Dance Ltd,Fertile Ground Festival,13574,2025-07-16,July,Q2,North,Newcastle upon Tyne,Dance,"£30,000 and below",Not Time-Limited Priority,2025
Edie Bailey,As the Crows Fly,5666,2025-07-16,July,Q2,London,Southwark,Music,"£30,000 and below",Not Time-Limited Priority,2025
Spark the Noise (formerly Girls Rock London),Summer Youth Camp,15000,2025-07-16,July,Q2,London,Haringey,Music,"£30,000 and below",Not Time-Limited Priority,2025
All In Productions,My First Panto RAP-unzel,34557,2025-07-16,July,Q2,South East,Norwich,Theatre,"£30,000 and below",Not Time-Limited Priority,2025
Daniel Mason-Kyle,Scratch Cafe and Huw Wackman Presents Unstoppable DJ Battle & Community Event,14567,2025-07-16,July,Q2,South West,"Bristol, City of",Music,"£30,000 and below",Not Time-Limited Priority,2025
Kayleigh Price,Resubmission - Women are Neurodiverse Too,19237,2025-07-16,July,Q2,North,Salford,Dance,"£30,000 and below",Not Time-Limited Priority,2025
Peoplescape Theatre,Using theatre and workshop to engage in reading and creative writing,29978,2025-07-16,July,Q2,North,Manchester,Combined arts,"£30,000 and below",Universal Library Offers,2025
Menagerie,Albatross Tour - 2026,29576,2025-07-16,July,Q2,South East,Cambridge,Theatre,"£30,000 and below",Not Time-Limited Priority,2025
Alastair Michael,Jurassic R&D 2025,24708,2025-07-16,July,Q2,North,Manchester,Theatre,"£30,000 and below",Not Time-Limited Priority,2025
AYA NAKAMURA,Akutagawa,16495,2025-07-16,July,Q2,London,Lewisham,Theatre,"£30,000 and below",Not Time-Limited Priority,2025
Drew Demetry,Mother Tongue: An Interdisciplinary Festival and Cultural Programme of Diasporic Queer SWANA Expression,36752,2025-07-16,July,Q2,London,Waltham Forest,Combined arts,"£30,000 and below",Not Time-Limited Priority,2025
Libita Clayton,Lizards Mirror,27150,2025-07-16,July,Q2,South West,Cornwall,Visual arts,"£30,000 and below",Not Time-Limited Priority,2025
Pui Ka Cheng,DRIFT - Resubmission,29850,2025-07-16,July,Q2,North,Warrington,Theatre,"£30,000 and below",Not Time-Limited Priority,2025
Georgia Arben,Many Windows Resubmission,11426,2025-07-16,July,Q2,South East,Worthing,Visual arts,"£30,000 and below",Not Time-Limited Priority,2025
Declan Wiffen,The Undesirables: writing the self through place for Swale's LGBTQ+ community,7719,2025-07-16,July,Q2,South East,Swale,Literature,"£30,000 and below",Not Time-Limited Priority,2025
Susan Betts,A New Perspective,29081,2025-07-16,July,Q2,North,Northumberland,Theatre,"£30,000 and below",Not Time-Limited Priority,2025
ARTS TRUST Productions,St Osyth Summer Sounds 25,30000,2025-07-16,July,Q2,South East,Tendring,Combined arts,"£30,000 and below",Not Time-Limited Priority,2025
Hannah Horton,It's Okay version 2,25140,2025-07-16,July,Q2,South East,South Cambridgeshire,Music,"£30,000 and below",Not Time-Limited Priority,2025
Madeleine Carrie Levy,Alternative Accessibility,32479,2025-07-17,July,Q2,Midlands,Derby,Theatre,"£30,000 and below",Not Time-Limited Priority,2025
Bexstar,The 90s Project,35225,2025-07-17,July,Q2,Midlands,Derby,Theatre,"£30,000 and below",Not Time-Limited Priority,2025
Yuki Hasegawa,Ayana's Mural,14050,2025-07-17,July,Q2,Midlands,Leicester,Visual arts,"£30,000 and below",Not Time-Limited Priority,2025
Bella Milroy,Languages of Intimacy,54706,2025-07-17,July,Q2,Midlands,Chesterfield,Visual arts,"£30,000 and below",Not Time-Limited Priority,2025
Katie Arnstein,"3rd SUBMISSION: R&D of DIRGE, a folk musical exploring how to talk about dying",29364,2025-07-17,July,Q2,Midlands,Lichfield,Theatre,"£30,000 and below",Not Time-Limited Priority,2025
Sam Johnson,Forthwrite Women's Literature Festival Crawley and Brighton,18200,2025-07-22,July,Q2,South East,Brighton and Hove,Literature,"£30,000 and below",Not Time-Limited Priority,2025
Auction House,Auction House - developing a sustainable artist-led gallery in Redruth (resubmission),26484,2025-07-22,July,Q2,South West,Cornwall,Visual arts,"£30,000 and below",Not Time-Limited Priority,2025
Harbour House,Addressing social isolation in Kingsbridge: Inclusive Art and Dance Practices,25384,2025-07-22,July,Q2,South West,South Hams,Combined arts,"£30,000 and below",Not Time-Limited Priority,2025
Third Version Creative Ltd,Fields of Tender: Presenting world class inclusive early years dance,31451,2025-07-22,July,Q2,South West,"Bournemouth, Christchurch and Poole",Dance,"£30,000 and below",Not Time-Limited Priority,2025
Rame Conservation Trust,Elevation Film festival,3200,2025-07-22,July,Q2,South West,Cornwall,Visual arts,"£30,000 and below",Not Time-Limited Priority,2025
ArtfulScribe C.I.C.,Writing the Solent,88654,2025-07-23,July,Q2,South West,Southampton,Literature,"Above £30,000",Not Time-Limited Priority,2025
New Media Art Club,COMPUTALA Digital Arts Festival 2026,39983,2025-07-23,July,Q2,Midlands,Leicester,Digital Arts,"Above £30,000",Not Time-Limited Priority,2025
Katie Dale-Everett,"Moving Together: Using dance and digital tools to nurture wellbeing, connection and creativity in paediatric wards, care homes and community spaces. ",38500,2025-07-23,July,Q2,South East,Eastbourne,Dance,"Above £30,000",Not Time-Limited Priority,2025
Theatre Alibi,25/26 season,87000,2025-07-23,July,Q2,South West,Exeter,Theatre,"Above £30,000",Not Time-Limited Priority,2025
Sabrang International Ltd,Sabrang International: boosting Sloughs access to art,30000,2025-07-23,July,Q2,South East,Slough,Combined arts,"£30,000 and below",Not Time-Limited Priority,2025
Paul Smith,Co- Creation Elf (Resub),27497,2025-07-23,July,Q2,Midlands,South Derbyshire,Combined arts,"£30,000 and below",Not Time-Limited Priority,2025
The Women's Prize for Playwriting,Circle of Excellence - Women's Prize for Playwriting,45390,2025-07-23,July,Q2,London,Waltham Forest,Theatre,"Above £30,000",Not Time-Limited Priority,2025
Anna-Maria Nabirye Manyhisa,Funnest Room In The House re-submission,66505,2025-07-23,July,Q2,South East,Hastings,Combined arts,"Above £30,000",Not Time-Limited Priority,2025
Dani Harris-Walters,Resubmission: CompanyDHW 2025,59939,2025-07-23,July,Q2,London,Wandsworth,Dance,"Above £30,000",Not Time-Limited Priority,2025
The People's Theatre Company,Story Time 2025-26 Resubmission,56500,2025-07-23,July,Q2,South East,Guildford,Theatre,"Above £30,000",Not Time-Limited Priority,2025
Villages in Action,Agri [Culture] 4,89000,2025-07-23,July,Q2,South West,Teignbridge,Not discipline specific,"Above £30,000",Not Time-Limited Priority,2025
Grace Carter,R&D for Paperweight,28771,2025-07-23,July,Q2,Midlands,Nottingham,Theatre,"£30,000 and below",Not Time-Limited Priority,2025
Matthew Roberts,Colour and Create: Art to Enhance The Children's Hospital Experience,5533,2025-07-23,July,Q2,Midlands,Erewash,Visual arts,"£30,000 and below",Not Time-Limited Priority,2025
Tom Rigby,Devised Theatre Sandbox Sessions,2020,2025-07-23,July,Q2,Midlands,Wigan,Theatre,"£30,000 and below",Not Time-Limited Priority,2025
Tatton Park Charitable Trust,The Italian Connection: from Venice to Tatton,30000,2025-07-23,July,Q2,North,Cheshire East,Museums,"£30,000 and below",Unlocking Collections,2025
Lucy Hunt,Lovett Tour 2025,5777,2025-07-23,July,Q2,Midlands,West Northamptonshire,Theatre,"£30,000 and below",Not Time-Limited Priority,2025
Laura Edmans,ctrl_alt_describe Phase One,21745,2025-07-23,July,Q2,South East,Brighton and Hove,Not discipline specific,"£30,000 and below",Not Time-Limited Priority,2025
Saskia Coburn,Hidden Stories: Music and Literature programme for 16-25 yr olds,20150,2025-07-23,July,Q2,Midlands,Warwick,Combined arts,"£30,000 and below",Not Time-Limited Priority,2025
The Circus House,Riding into the Ring - A cross cultural circus training programme,25204,2025-07-23,July,Q2,North,Manchester,Theatre,"£30,000 and below",Not Time-Limited Priority,2025
Abbie Jennings,Over The Bridge: Photography Network,24592,2025-07-23,July,Q2,North,"Kingston upon Hull, City of",Visual arts,"£30,000 and below",Not Time-Limited Priority,2025
Spun Glass Theatre,RESUBMISSION Sail Away 2025 - a festival of performance for families,31440,2025-07-23,July,Q2,South East,Hastings,Combined arts,"£30,000 and below",Not Time-Limited Priority,2025
Lois Blackburn,Lost then Found XOXO,23141,2025-07-23,July,Q2,Midlands,High Peak,Visual arts,"£30,000 and below",Not Time-Limited Priority,2025
William Vine,Refugee Agency & Occitan Legacy: A Music and Poetry Led Exploration of Resilience Through Shared Heritage,30000,2025-07-23,July,Q2,South East,Broadland,Music,"£30,000 and below",Not Time-Limited Priority,2025
Brent Council,Libraries Are Creative Spaces: SPINE Festival 2026 and 2027,99995,2025-07-23,July,Q2,London,Brent,Libraries,"Above £30,000",Not Time-Limited Priority,2025
GAS Projects CIC,Meanwhile in Gloucester (MIG),84300,2025-07-23,July,Q2,South West,Gloucester,Visual arts,"Above £30,000",Not Time-Limited Priority,2025
Good Shepherd Services CIO,RECOVERY25-27,89000,2025-07-23,July,Q2,Midlands,Wolverhampton,Combined arts,"Above £30,000",Not Time-Limited Priority,2025
THE WINDOWS PROJECT,MORE WORDS,38046,2025-07-24,July,Q2,North,Liverpool,Literature,"Above £30,000",Not Time-Limited Priority,2025
Greentop Community Circus Centre,Circus After School,45800,2025-07-24,July,Q2,North,Sheffield,Theatre,"Above £30,000",Not Time-Limited Priority,2025
Edgar Borrego Martins,"The eye has no bone, but it will break a bone",26500,2025-07-24,July,Q2,South East,Bedford,Visual arts,"£30,000 and below",Not Time-Limited Priority,2025
Crying in the Wilderness Productions,BEST FRIENDS,23883,2025-07-24,July,Q2,London,Southwark,Theatre,"£30,000 and below",Not Time-Limited Priority,2025
Alexis Adimora,Backward Never: Creation of New Lex Amor Record (Phase One),17500,2025-07-24,July,Q2,London,Islington,Music,"£30,000 and below",Not Time-Limited Priority,2025
Gaunson Creative Studios,Markfield Road Festival 2025,12295,2025-07-24,July,Q2,London,Haringey,Combined arts,"£30,000 and below",Not Time-Limited Priority,2025
Movema,Wildfire Rising Legacy,24537,2025-07-24,July,Q2,North,Liverpool,Dance,"£30,000 and below",Not Time-Limited Priority,2025
Jack Norris,To Those Islanders R&D,39895,2025-07-24,July,Q2,London,Hounslow,Theatre,"£30,000 and below",Not Time-Limited Priority,2025
Robyn Cunningham,House of Pantha Cabaret Development Tour - 2025/26,30070,2025-07-24,July,Q2,London,Waltham Forest,Theatre,"£30,000 and below",Not Time-Limited Priority,2025
Shamaila Burhan,Proper Gander,14997,2025-07-24,July,Q2,North,Bradford,Visual arts,"£30,000 and below",Not Time-Limited Priority,2025
Delight,Delight in Stories,29061,2025-07-24,July,Q2,South East,Tandridge,Literature,"£30,000 and below",Not Time-Limited Priority,2025
Parable Dance,An Inclusive Dance Community,34465,2025-07-24,July,Q2,South East,Brighton and Hove,Dance,"£30,000 and below",Not Time-Limited Priority,2025
Pyramid of Arts,Pyramid - Growing New Income & Sustainability,42819,2025-07-24,July,Q2,North,Leeds,Visual arts,"Above £30,000",Not Time-Limited Priority,2025
Buy Art Fair Ltd,The Manchester Contemporary 2025,66363,2025-07-24,July,Q2,Midlands,High Peak,Visual arts,"Above £30,000",Not Time-Limited Priority,2025
Newcastle Asian Arts and Music,Newcastle Mela 2025,74150,2025-07-24,July,Q2,North,Newcastle upon Tyne,Combined arts,"Above £30,000",Not Time-Limited Priority,2025
District 61 Jordan Street Limited,District Queer & Black Music Programme (continuation),85046,2025-07-24,July,Q2,North,Liverpool,Music,"Above £30,000",Not Time-Limited Priority,2025
Emelder Ruth Collins,Unity and Ebony Collaboreation 2025,29980,2025-07-24,July,Q2,London,Hackney,Combined arts,"£30,000 and below",Not Time-Limited Priority,2025
Mohit Mathur,Dial 1 for UK,28121,2025-07-24,July,Q2,London,Lambeth,Theatre,"£30,000 and below",Not Time-Limited Priority,2025
Anna Clough,Inter/Extra - terrestrial: Roanhead Beach Crop circles,8676,2025-07-24,July,Q2,North,Manchester,Visual arts,"£30,000 and below",Not Time-Limited Priority,2025
Robert Anderson,Triple Threat 2025 - International Hip-Hop Community Event,28837,2025-07-24,July,Q2,North,Gateshead,Dance,"£30,000 and below",Not Time-Limited Priority,2025
Arcadia Spectacular Ltd,Butterfly Effect,30000,2025-07-30,July,Q2,South West,North Somerset,Theatre,"£30,000 and below",Not Time-Limited Priority,2025
Rachel Burchell,Creative Nature,1155,2025-07-30,July,Q2,South East,South Norfolk,Visual arts,"£30,000 and below",Not Time-Limited Priority,2025
Rosi Trifonova,6th Spring Festival for young musicians OVER THE RAINBOW 2026,5978,2025-07-30,July,Q2,South East,Epping Forest,Music,"£30,000 and below",Not Time-Limited Priority,2025
Tracey Teague,Healing Through Sound and Creative Expression,3270,2025-07-30,July,Q2,South West,Cornwall,Visual arts,"£30,000 and below",Not Time-Limited Priority,2025
North West Media Limited,Back 2 the Source,29798,2025-07-30,July,Q2,North,Manchester,Music,"£30,000 and below",Unlocking Collections,2025
Light Whale Internatonal,Light Up Eye 2025 R&D,20222,2025-07-30,July,Q2,South East,Peterborough,Theatre,"£30,000 and below",Not Time-Limited Priority,2025
Hugh Manyeh Lane,okoKOK,29656,2025-07-30,July,Q2,South East,Rother,Theatre,"£30,000 and below",Not Time-Limited Priority,2025
Alex Ferguson,All The Devils - R&D resubmission,17500,2025-07-30,July,Q2,North,Liverpool,Theatre,"£30,000 and below",Not Time-Limited Priority,2025
Northern Rascals CIC,"Second RESUBMISSION; The Age of Unmaking - R&D for a new dance-theatre production by Northern Rascals, made with communities straddling the M62 corridor (Calderdale, Barnsley, Kirkless, Rochdale)",31167,2025-07-30,July,Q2,North,Calderdale,Dance,"£30,000 and below",Not Time-Limited Priority,2025
Jaime Lock,R&D - exploring a Cornish folk legend & its connection to  LGBTQIA+ identity,19580,2025-07-30,July,Q2,South West,Isles of Scilly,Theatre,"£30,000 and below",Not Time-Limited Priority,2025
She Productions,Eco-friendly affordable festive family musical,14518,2025-07-30,July,Q2,North,East Riding of Yorkshire,Theatre,"£30,000 and below",Universal Library Offers,2025
Katie Bird,Christmas Carol in Riversdale,10000,2025-07-30,July,Q2,South East,Breckland,Theatre,"£30,000 and below",Not Time-Limited Priority,2025
Ice and Fire Theatre Company,A Fine idea,22500,2025-07-30,July,Q2,London,Hackney,Theatre,"£30,000 and below",Not Time-Limited Priority,2025
Sweetdoh Ltd,STAGE 21 - Acting workshops for Down syndrome performers 2025,20000,2025-07-30,July,Q2,London,Southwark,Theatre,"£30,000 and below",Not Time-Limited Priority,2025
Easy Listening Records,Ultimate Thunder - Legacy,29715,2025-07-30,July,Q2,North,Leeds,Music,"£30,000 and below",Not Time-Limited Priority,2025
Jessica Norman,This Little Earth - Arcola Theatre (Resubmission),12284,2025-07-30,July,Q2,London,Islington,Theatre,"£30,000 and below",Not Time-Limited Priority,2025
David Blandy,Common Lands,29834,2025-07-30,July,Q2,South East,Brighton and Hove,Digital Arts,"£30,000 and below",Not Time-Limited Priority,2025
Hesam Eddin Garshasbi,Vaak Persian Festival: Platforming Hidden Voices,29694,2025-07-30,July,Q2,London,Tower Hamlets,Combined arts,"£30,000 and below",Not Time-Limited Priority,2025
Alicia Britt,Alicia Britt Puppetry Tolo Puppet Theatre Residency Hanoi,3584,2025-07-30,July,Q2,London,Woking,Theatre,"£30,000 and below",Not Time-Limited Priority,2025
Social London Orchestra,Diwali Concert,3880,2025-07-30,July,Q2,London,Hammersmith and Fulham,Music,"£30,000 and below",Not Time-Limited Priority,2025
The Pied Piper Theatre Company,2026/2027 Hare & Tortoise addressing feedback,32932,2025-07-30,July,Q2,South East,Waverley,Theatre,"£30,000 and below",Not Time-Limited Priority,2025
Daniel Allum,A Road of My Own,29850,2025-07-30,July,Q2,South East,Cambridge,Literature,"£30,000 and below",Not Time-Limited Priority,2025
Richard Attwood,Rochdale GM Town of Culture Comedy Festival 2025,13775,2025-07-30,July,Q2,North,Rochdale,Theatre,"£30,000 and below",Not Time-Limited Priority,2025
Screaming Alley CIC,Screaming Alley Strategic Business Development 2025 RESUBMISSION,26000,2025-07-30,July,Q2,South East,Thanet,Theatre,"£30,000 and below",Not Time-Limited Priority,2025
Redacted Redacted,Redacted,25750,2025-07-30,July,Q2,North,North Yorkshire,Visual arts,"£30,000 and below",Not Time-Limited Priority,2025
CoreyBakerDance,Sumo Dance,29816,2025-07-31,July,Q2,Midlands,Solihull,Dance,"£30,000 and below",Not Time-Limited Priority,2025
Get a Word in Edgeways,Edging Towards Winter: A Festival of Togetherness & Transformation,25423,2025-07-31,July,Q2,Midlands,Shropshire,Combined arts,"£30,000 and below",Not Time-Limited Priority,2025
Benjamin Macpherson,Fatgut R&D Resubmit 1,19500,2025-07-31,July,Q2,Midlands,Nottingham,Theatre,"£30,000 and below",Not Time-Limited Priority,2025
Rosalind Kay-Price,"Ghost in the Machine: Researching Dance across AI, Identity and Borders",31950,2025-07-31,July,Q2,Midlands,Birmingham,Dance,"£30,000 and below",Not Time-Limited Priority,2025
Two Queens,Developing our approach to Creative Wellbeing,30826,2025-07-31,July,Q2,Midlands,Leicester,Combined arts,"£30,000 and below",Not Time-Limited Priority,2025
Chispa CIC,Drift Tricks Gloucester,27666,2025-07-31,July,Q2,London,Gloucester,Combined arts,"£30,000 and below",Not Time-Limited Priority,2025
UP Projects,Working Title; Empowering Enfield's Cultural Leaders of Tomorrow,500000,2025-08-01,August,Q2,London,Enfield,Not discipline specific,"Above £30,000 - Place Partnership project",Not Time-Limited Priority,2025
Alfred Fagon Award,Writing Workshops,17234,2025-08-04,August,Q2,London,Southwark,Theatre,"£30,000 and below",Not Time-Limited Priority,2025
Alexander Mills,Alex Mills - debut album,5500,2025-08-04,August,Q2,London,Westminster,Music,"£30,000 and below",Not Time-Limited Priority,2025
James Mabbett,Portable PMLD focused installation,29919,2025-08-04,August,Q2,North,Kirklees,Visual arts,"£30,000 and below",Not Time-Limited Priority,2025
WoLab,Resubmission: Hot Rain in Hackney / Heywood - A Queer-Led Performance Inquiry,40746,2025-08-04,August,Q2,London,Newham,Theatre,"£30,000 and below",Not Time-Limited Priority,2025
Jessica Telling,"Resub - Chameleon: Innovating Sensory-Adapted Performances, Closing the Gap through our Actually Autistic Guide for Theatre",12180,2025-08-04,August,Q2,London,Wandsworth,Theatre,"£30,000 and below",Not Time-Limited Priority,2025
London Borough of Bexley,Night Visions,100000,2025-08-05,August,Q2,London,Bexley,Combined arts,"Above £30,000",Not Time-Limited Priority,2025
National Literacy Trust,Readconnect,52599,2025-08-05,August,Q2,London,Lambeth,Literature,"Above £30,000",Not Time-Limited Priority,2025
Martin O'Brien,"Zombie Time ~ Infection, Incubation and Transmission: Legacies of the Unwell in Live Art (2025) - 3rd SUBMISSION",60000,2025-08-05,August,Q2,London,Croydon,Combined arts,"Above £30,000",Not Time-Limited Priority,2025
British Arts Festivals Association,Resilient Festivals: Strategies for Thriving,24026,2025-08-06,August,Q2,Midlands,"Herefordshire, County of",Combined arts,"£30,000 and below",Not Time-Limited Priority,2025
Jenny Roche-Newton,Somatic Dance,4500,2025-08-06,August,Q2,North,Manchester,Dance,"£30,000 and below",Not Time-Limited Priority,2025
Kaw Secka,"Legacy of Sound 2025: international rehearsal & recording intensive; archiving griot heritage, developing early career Global Majority artists, & platforming Senegambian drum, dance & music at Peckham Levels",29915,2025-08-06,August,Q2,London,Newham,Music,"£30,000 and below",Not Time-Limited Priority,2025
Surtal Arts,Surtal Arts Reimagined,72099,2025-08-06,August,Q2,Midlands,Derby,Combined arts,"Above £30,000",Not Time-Limited Priority,2025
JW3 Trust Ltd,Cinderella and the Matzo Ball,16694,2025-08-06,August,Q2,London,Camden,Theatre,"£30,000 and below",Not Time-Limited Priority,2025
James McDermott,Grief Cafe Tour,24699,2025-08-06,August,Q2,South East,Norwich,Theatre,"£30,000 and below",Not Time-Limited Priority,2025
Ben Fredericks Collaborations,The Fairytale of Jesse Ford - AR Theatre Show (Resubmission),99082,2025-08-06,August,Q2,Midlands,Leicester,Theatre,"Above £30,000",Not Time-Limited Priority,2025
The People's Recovery Project,The People's Recovery Project,12350,2025-08-06,August,Q2,London,Westminster,Visual arts,"£30,000 and below",Not Time-Limited Priority,2025
Jennifer Scott,The Drag Files,28165,2025-08-06,August,Q2,South East,Thanet,Theatre,"£30,000 and below",Not Time-Limited Priority,2025
The Rabbit Hole Brigg,NO LIMITS 2025,25910,2025-08-06,August,Q2,North,North Lincolnshire,Literature,"£30,000 and below",Not Time-Limited Priority,2025
MRF,MRF Sound Start,25000,2025-08-06,August,Q2,London,Croydon,Music,"£30,000 and below",Not Time-Limited Priority,2025
Handpicked Productions,Midwinter Hullabaloo Re-submission,26808,2025-08-06,August,Q2,North,Cumberland,Combined arts,"£30,000 and below",Not Time-Limited Priority,2025
Louise Mari,Supermarket - Ipswich,29986,2025-08-06,August,Q2,London,Enfield,Theatre,"£30,000 and below",Not Time-Limited Priority,2025
Yogesh Joshi,"Resubmission ""Suno!"" (Listen!): Co-created performance & podcast 2025-26",30000,2025-08-06,August,Q2,Midlands,Leicester,Combined arts,"£30,000 and below",Not Time-Limited Priority,2025
Eliot Smith Dance,POPPY,30000,2025-08-06,August,Q2,North,Newcastle upon Tyne,Dance,"£30,000 and below",Not Time-Limited Priority,2025
Oscar Brudenall-Jones,Maybe I Should Stop Tour,26691,2025-08-06,August,Q2,South East,Slough,Theatre,"£30,000 and below",Not Time-Limited Priority,2025
Scott Horgan,Romeo & Mohammed,30807,2025-08-06,August,Q2,South East,Central Bedfordshire,Theatre,"£30,000 and below",Not Time-Limited Priority,2025
Hannah Mulder,The Birds Still Sing Because Of You (working title),31197,2025-08-06,August,Q2,South West,South Hams,Theatre,"£30,000 and below",Not Time-Limited Priority,2025
Joss Arnott Dance,TIN MAN - Working with Rochdale communities,30730,2025-08-06,August,Q2,North,Rochdale,Dance,"£30,000 and below",Not Time-Limited Priority,2025
Neil Onions,Public Pattern,27995,2025-08-06,August,Q2,London,Tower Hamlets,Combined arts,"£30,000 and below",Not Time-Limited Priority,2025
Children's & Parents Carnival Association,Mayan Harvest,16000,2025-08-06,August,Q2,London,Kensington and Chelsea,Combined arts,"£30,000 and below",Not Time-Limited Priority,2025
Clive Parker-Sharp,Uncovering Black Heroes,9126,2025-08-06,August,Q2,South East,Rother,Combined arts,"£30,000 and below",Not Time-Limited Priority,2025
Luminescent CIC,Lost Voices,29999,2025-08-06,August,Q2,South East,Folkestone and Hythe,Combined arts,"£30,000 and below",Not Time-Limited Priority,2025
Karli-Jade Fontiverio-Hylton,Being (T)here - Sonic Ethnography of Southend,15093,2025-08-06,August,Q2,South East,Southend-on-Sea,Visual arts,"£30,000 and below",Not Time-Limited Priority,2025
DC Engage CIC,"Yen: Building resilience, employability skills, and wellbeing through community arts in Hartlepool",4238,2025-08-06,August,Q2,North,Salford,Theatre,"£30,000 and below",Not Time-Limited Priority,2025
Six Minutes Past Nine,Plastic Prognosticate,11720,2025-08-06,August,Q2,Midlands,Nottingham,Digital Arts,"£30,000 and below",Not Time-Limited Priority,2025
Highgate Community Support,Highgate Rising,29933,2025-08-06,August,Q2,Midlands,Birmingham,Combined arts,"£30,000 and below",Not Time-Limited Priority,2025
Joe Snape,Northumberland Radical Fun Group: England Concert Tour,4864,2025-08-06,August,Q2,North,Northumberland,Music,"£30,000 and below",Not Time-Limited Priority,2025
James Hamilton,A Mouth In Search Of A Voice (AMISOAV),29101,2025-08-06,August,Q2,London,Lewisham,Music,"£30,000 and below",Not Time-Limited Priority,2025
Oumar Sagna,"Of Drum & Spirit - Phase 3: formalising accessible West African arts frameworks for early years, primary, secondary & adult SEND/dDeaf learners",22800,2025-08-06,August,Q2,South West,"Bristol, City of",Music,"£30,000 and below",Not Time-Limited Priority,2025
Fizzog Community Trust,Black Country Voices,29330,2025-08-06,August,Q2,Midlands,Dudley,Theatre,"£30,000 and below",Not Time-Limited Priority,2025
Stephanie Townsend,Moving Together – a 12-month CPD programme for East Anglian movement artists,31283,2025-08-06,August,Q2,South East,Norwich,Dance,"£30,000 and below",Not Time-Limited Priority,2025
Tanvi Kant,'Sancho' - an exploration of heritage food making and community in ceramics and textiles,13790,2025-08-06,August,Q2,South East,Hastings,Visual arts,"£30,000 and below",Not Time-Limited Priority,2025
Worthing Symphony Orchestra,WSO Schools & Taster Days,28832,2025-08-06,August,Q2,South East,Worthing,Music,"£30,000 and below",Not Time-Limited Priority,2025
Stroud Book Festival,"Stroud Book Festival 2025: Connect, Create,Celebrate",14535,2025-08-06,August,Q2,South West,Gloucester,Literature,"£30,000 and below",Not Time-Limited Priority,2025
Trinity Laban Conservatoire of Music and Dance,Access to Dance,29835,2025-08-06,August,Q2,London,Greenwich,Dance,"£30,000 and below",Not Time-Limited Priority,2025
Creative Crawley,Next steps and Local Showcasing,59600,2025-08-07,August,Q2,South East,Crawley,Not discipline specific,"Above £30,000",Not Time-Limited Priority,2025
Creative Powertown (CPT) Limited,"From roots to industry: reclaiming creative space, building industry access, & empowering Black & Global Majority artists in South West.",37500,2025-08-07,August,Q2,South West,"Bristol, City of",Music,"Above £30,000",Not Time-Limited Priority,2025
The Classic Boat Center Trust,Maritime Isle - Delivered by the Classic Boat Museum,39000,2025-08-07,August,Q2,South West,Isle of Wight,Museums,"Above £30,000",Not Time-Limited Priority,2025
Musicport Festival Limited,Musicport:Momentum 2025,49850,2025-08-07,August,Q2,North,North Yorkshire,Music,"Above £30,000",Not Time-Limited Priority,2025
Blue Badge Bunch,Resubmission: Blue Badge Bunch CIC,43940,2025-08-07,August,Q2,Midlands,Ashfield,Combined arts,"Above £30,000 - Over £30k Touring project",Not Time-Limited Priority,2025
Concrete Youth,Blueprint R&D,80034,2025-08-07,August,Q2,North,"Kingston upon Hull, City of",Theatre,"Above £30,000",Not Time-Limited Priority,2025
Find Your Voice,Academic Year 2025/26,55118,2025-08-07,August,Q2,North,Doncaster,Music,"Above £30,000",Not Time-Limited Priority,2025
Wooden Roots,Wooden Roots Experience phase 3: Expanding and Elevating Regional Connectivity to Embed Annual Showcase in Co-designed Pedagogical Work,68891,2025-08-07,August,Q2,South East,East Suffolk,Music,"Above £30,000",Not Time-Limited Priority,2025
Kernow Education Arts Partnership,Ink Trails and Cornish Routes,62600,2025-08-07,August,Q2,South West,Cornwall,Literature,"Above £30,000",Not Time-Limited Priority,2025
Adekunle Rufai,S.M.I.L.E-ing Girls & Boys Legacy Building Project New,75500,2025-08-07,August,Q2,South East,Brighton and Hove,Visual arts,"Above £30,000",Not Time-Limited Priority,2025
Barnsley MBC Arts and Events Service,Barnsley Bright Nights 2025,50000,2025-08-07,August,Q2,North,Barnsley,Combined arts,"Above £30,000",Not Time-Limited Priority,2025
Srishti,Srishti International and National Touring Project PLAY BALL 2025-2026,80000,2025-08-07,August,Q2,London,Harrow,Dance,"Above £30,000 - Over £30k Touring project",Not Time-Limited Priority,2025
Lost Dog Dance,Global\Local Touring 2026-2027,192000,2025-08-07,August,Q2,South East,Wealden,Dance,"Above £30,000 - Over £30k Touring project",Not Time-Limited Priority,2025
Nicholas Cassen,REVENGE: After The Levoyah - South East and London tour 2025-26,53391,2025-08-07,August,Q2,London,Redbridge,Theatre,"Above £30,000 - Over £30k Touring project",Not Time-Limited Priority,2025
Rendez-Vous dance,RVD 2026 Touring Programme,92772,2025-08-07,August,Q2,North,Northumberland,Dance,"Above £30,000 - Over £30k Touring project",Not Time-Limited Priority,2025
In Between Time,We Are Warriors Tour,99995,2025-08-07,August,Q2,South West,North Somerset,Combined arts,"Above £30,000 - Over £30k Touring project",Not Time-Limited Priority,2025
Ruth E. Cockburn,Open up the Mic,48715,2025-08-07,August,Q2,North,Fylde,Combined arts,"Above £30,000",Not Time-Limited Priority,2025
The Old Vic Theatre Trust 2000,Increasing opportunities for early and mid-career artists at The Old Vic,185000,2025-08-07,August,Q2,London,Lambeth,Theatre,"Above £30,000 - Major Project",Not Time-Limited Priority,2025
SoundCity,Sound City Northern Showcase Tour,49200,2025-08-07,August,Q2,North,Liverpool,Music,"Above £30,000 - Over £30k Touring project",Not Time-Limited Priority,2025
New International Encounter,Fenland Touring,74300,2025-08-07,August,Q2,South East,Cambridge,Theatre,"Above £30,000 - Over £30k Touring project",Not Time-Limited Priority,2025
Sara Paula Quin,Nine Sixteenths 2026 Spring Tour,125969,2025-08-07,August,Q2,London,Hackney,Theatre,"Above £30,000 - Over £30k Touring project",Not Time-Limited Priority,2025
Hawk Dance Theatre,The Greatest Robot Ever - UK & International Tour 2025,36000,2025-08-07,August,Q2,North,Manchester,Dance,"Above £30,000 - Over £30k Touring project",Not Time-Limited Priority,2025
Rabble Theatre,"Glitch. The True Story of the Post Office Scandal - National Tour, Spring 2026",85000,2025-08-07,August,Q2,South East,Reading,Theatre,"Above £30,000 - Over £30k Touring project",Not Time-Limited Priority,2025
Claybody Theatre,Grand Babylon Tour,35000,2025-08-07,August,Q2,Midlands,Stoke-on-Trent,Theatre,"Above £30,000 - Over £30k Touring project",Not Time-Limited Priority,2025
RODIUM,Pied Piper Tour 2025-26,95945,2025-08-07,August,Q2,London,Croydon,Theatre,"Above £30,000 - Over £30k Touring project",Not Time-Limited Priority,2025
Anthony Lo-Giudice,Organisational Development,60530,2025-08-07,August,Q2,North,Stockton-on-Tees,Dance,"Above £30,000",Not Time-Limited Priority,2025
Blackfest Limited,BlackFest - 2025,75000,2025-08-07,August,Q2,North,Liverpool,Combined arts,"Above £30,000",Not Time-Limited Priority,2025
Street Eats N Beats Festival Essex,STREET EATS N BEATS FESTIVAL ESSEX,28000,2025-08-08,August,Q2,South East,Chelmsford,Music,"£30,000 and below",Supporting Grassroots Music,2025
Lloyd Allen,Promotion Development,20333,2025-08-08,August,Q2,London,Newham,Music,"£30,000 and below",Supporting Grassroots Music,2025
Petherton Arts Trust,The David Hall Development Project 3,29727,2025-08-08,August,Q2,South West,Somerset,Music,"£30,000 and below",Supporting Grassroots Music,2025
Eloise Gettings,Spot Fest,18828,2025-08-08,August,Q2,North,Rochdale,Music,"£30,000 and below",Supporting Grassroots Music,2025
Conrad Pack,Celebrating New Industrial,29999,2025-08-08,August,Q2,London,Lewisham,Music,"£30,000 and below",Supporting Grassroots Music,2025
From the Other Limited,FaT OuT 2025,29800,2025-08-08,August,Q2,North,Salford,Music,"£30,000 and below",Supporting Grassroots Music,2025
Simon Catling,Mcr Indy Promoter Collective 3,8144,2025-08-08,August,Q2,North,Manchester,Music,"£30,000 and below",Supporting Grassroots Music,2025
The George Tavern,The George Tavern 21 Year Anniversary Festival & New Equipment Bid,30828,2025-08-08,August,Q2,London,Tower Hamlets,Music,"£30,000 and below",Supporting Grassroots Music,2025
Big Difference Productions,The Big Difference - GMV Artist Support,30000,2025-08-08,August,Q2,Midlands,Leicester,Music,"£30,000 and below",Supporting Grassroots Music,2025
Yan Sui Cheung,Asian Sonorities,34375,2025-08-08,August,Q2,Midlands,Chesterfield,Music,"£30,000 and below",Supporting Grassroots Music,2025
East Staffordshire Borough Council,SONIC BOOM 2025 RESUBMISSION,30000,2025-08-08,August,Q2,Midlands,East Staffordshire,Music,"£30,000 and below",Supporting Grassroots Music,2025
GoCreate Taunton Community Interest Company,Go Create Community Arts & Gallery,14100,2025-08-12,August,Q2,South West,Somerset,Combined arts,"£30,000 and below",Not Time-Limited Priority,2025
Sharon Rawlinson,RESUB - Culture of Manningtree for young people in 2025 & beyond,8552,2025-08-12,August,Q2,South East,Tendring,Visual arts,"£30,000 and below",Not Time-Limited Priority,2025
Adam Khan,Platero 26,17742,2025-08-12,August,Q2,South West,"Bristol, City of",Dance,"£30,000 and below",Not Time-Limited Priority,2025
South Western Regional Library Services,Diverse writing talent in SW libraries,29990,2025-08-12,August,Q2,South West,Plymouth,Literature,"£30,000 and below",Not Time-Limited Priority,2025
Peyvand Ming Chi Sadeghian,Apolune: Systems Normal 25-26,34280,2025-08-13,August,Q2,London,Newham,Visual arts,"£30,000 and below",Not Time-Limited Priority,2025
Natasha Granger,"Rochester Knockers- Workshops, Creation & Sharings- Resubmission 2",29320,2025-08-13,August,Q2,South East,Brighton and Hove,Theatre,"£30,000 and below",Not Time-Limited Priority,2025
Tappin' In,Are You Dancing? R&D,29970,2025-08-13,August,Q2,Midlands,Coventry,Dance,"£30,000 and below",Not Time-Limited Priority,2025
Morecambe Poetry Festival,Morecambe Poetry Festival 2025,24850,2025-08-13,August,Q2,North,Lancaster,Literature,"£30,000 and below",Not Time-Limited Priority,2025
Drashti Shah,Waling Waling Drama Group: Migrant's Day Performance,22814,2025-08-13,August,Q2,London,Redbridge,Theatre,"£30,000 and below",Not Time-Limited Priority,2025
Bucket Club,Making ARTHUR and R&D on MOTH,29931,2025-08-13,August,Q2,South East,Waverley,Theatre,"£30,000 and below",Not Time-Limited Priority,2025
BrazUKa International,Katumba Hallows Eve Carnival,29900,2025-08-13,August,Q2,North,Liverpool,Combined arts,"£30,000 and below",Not Time-Limited Priority,2025
Thomas Mallender,Write-London: Let’s Write,16725,2025-08-13,August,Q2,London,Hammersmith and Fulham,Literature,"£30,000 and below",Not Time-Limited Priority,2025
The Glee Club of Wirksworth,40 Years of Pantomime,4900,2025-08-13,August,Q2,Midlands,Derbyshire Dales,Theatre,"£30,000 and below",Not Time-Limited Priority,2025
The National Song School CIC,Drop the Mic!,18655,2025-08-13,August,Q2,South East,Southend-on-Sea,Music,"£30,000 and below",Not Time-Limited Priority,2025
Meloni Poole,Backbone: Immersive installation on the Ashfield community's coalmining heritage,32470,2025-08-13,August,Q2,North,Ashfield,Visual arts,"£30,000 and below",Not Time-Limited Priority,2025
Helen Ainsworth,"A development of ""The Librarian"" into a bilingual show in BSL and spoken English",27705,2025-08-13,August,Q2,London,Islington,Theatre,"£30,000 and below",Not Time-Limited Priority,2025
Nonclassical,Vari/ations - An Ode to Oram,14993,2025-08-13,August,Q2,London,Tower Hamlets,Music,"£30,000 and below",Not Time-Limited Priority,2025
UNITY ARTS COLLECTIVE LIMITED,R&D A Story of Resettlement with schools engagement,30139,2025-08-13,August,Q2,South East,Canterbury,Combined arts,"£30,000 and below",Not Time-Limited Priority,2025
Natalya Martin,Fantastic Pablo Fanque!: Continued development (Prev titled 'For The Benefit of Pablo Fanque'),26696,2025-08-13,August,Q2,South East,Norwich,Theatre,"£30,000 and below",Not Time-Limited Priority,2025
One Voice Blackburn,Fostering Creativity in our East End Boys,28676,2025-08-13,August,Q2,North,Blackburn with Darwen,Combined arts,"£30,000 and below",Not Time-Limited Priority,2025
KNIVES FORKS AND SPOONS,European Accessibility Act Compliant Poetry Publication 2025-2026,8000,2025-08-13,August,Q2,North,St. Helens,Literature,"£30,000 and below",Not Time-Limited Priority,2025
Hammersmith & Fulham Council,In Conversation with Clive Cobb,23047,2025-08-13,August,Q2,London,Hammersmith and Fulham,Combined arts,"£30,000 and below",Not Time-Limited Priority,2025
Active Communities,Leys Youth Hub Finds its Voice,29511,2025-08-13,August,Q2,South East,Oxford,Music,"£30,000 and below",Not Time-Limited Priority,2025
Pathways Into Music,Supporting Music Talent 3  (ii),28000,2025-08-13,August,Q2,South East,Brighton and Hove,Music,"£30,000 and below",Not Time-Limited Priority,2025
The Monday Night Club,"Elgar at the Asylum: A Radical Reclaiming of Disability, History and Voice",33220,2025-08-13,August,Q2,Midlands,Malvern Hills,Combined arts,"£30,000 and below",Not Time-Limited Priority,2025
Lewisham Council,SEEN Lewisham Festival 2025,29836,2025-08-13,August,Q2,London,Lewisham,Combined arts,"£30,000 and below",Not Time-Limited Priority,2025
Olivia Munk,R&D of new climate crisis play focused on sustainability/access + related workshops for young people,20968,2025-08-13,August,Q2,London,Southwark,Theatre,"£30,000 and below",Not Time-Limited Priority,2025
Molly Soden-Freeth,Drama and Dance for people with disabilities 2,4000,2025-08-13,August,Q2,Midlands,High Peak,Dance,"£30,000 and below",Not Time-Limited Priority,2025
Frey Kwa Hawking,DOGGY R&D (Resubmission),29298,2025-08-13,August,Q2,South West,Haringey,Theatre,"£30,000 and below",Not Time-Limited Priority,2025
Farah Najib,Maggots — Engagement Work & Performances at Bush Theatre,31977,2025-08-13,August,Q2,London,South Cambridgeshire,Theatre,"£30,000 and below",Not Time-Limited Priority,2025
Jane Couldrey,Highdown Goblet,22013,2025-08-13,August,Q2,South East,Worthing,Visual arts,"£30,000 and below",Unlocking Collections,2025
Afshan D'souza-Lodhi,The Asians,12000,2025-08-13,August,Q2,North,Manchester,Theatre,"£30,000 and below",Not Time-Limited Priority,2025
Elena Miller,Flip the Switch,29892,2025-08-13,August,Q2,North,North Tyneside,Combined arts,"£30,000 and below",Not Time-Limited Priority,2025
Nadia Jaglom,People of the Graves,30000,2025-08-13,August,Q2,London,Haringey,Combined arts,"£30,000 and below",Unlocking Collections,2025
George Barrett,Cultural Xchange,30000,2025-08-19,August,Q2,South East,Peterborough,Music,"£30,000 and below",Not Time-Limited Priority,2025
michelle Allmark-west,Westwood productions theatre show,2000,2025-08-19,August,Q2,South East,St Albans,Theatre,"£30,000 and below",Not Time-Limited Priority,2025
Club Soda,Change the Scene,71004,2025-08-19,August,Q2,London,Croydon,Combined arts,"Above £30,000",Not Time-Limited Priority,2025
Catherine Yass,Turning the Tide (RESUBMISSION),70060,2025-08-19,August,Q2,London,Tower Hamlets,Visual arts,"Above £30,000",Not Time-Limited Priority,2025
Maya Productions,Routes to Roots and Benny and the Greycats: Final Development Phase,66997,2025-08-19,August,Q2,London,Southwark,Theatre,"Above £30,000",Not Time-Limited Priority,2025
Jessica Edwards,Spooky Action at a Distance - Full production of new play,29869,2025-08-19,August,Q2,South East,Thanet,Theatre,"£30,000 and below",Not Time-Limited Priority,2025
H2DANCE,Fest en Fest 2026,31082,2025-08-19,August,Q2,South East,Colchester,Dance,"£30,000 and below",Not Time-Limited Priority,2025
Bethan Probert,Akin 2025,22050,2025-08-19,August,Q2,South East,Vale of White Horse,Dance,"£30,000 and below",Not Time-Limited Priority,2025
Southend Libraries,Southend Storysacks Project,29924,2025-08-19,August,Q2,South East,Southend-on-Sea,Libraries,"£30,000 and below",Universal Library Offers,2025
National Association of Street Artists UK,NASA-UK Professional Development Programme,24063,2025-08-19,August,Q2,South East,West Berkshire,Combined arts,"£30,000 and below",Not Time-Limited Priority,2025
Polly Braden,Against the Tide: Life for Young People in Our Coastal Towns,49000,2025-08-19,August,Q2,London,Islington,Visual arts,"Above £30,000",Not Time-Limited Priority,2025
DOCA (Devizes Outdoor Celebratory Arts),*Thaw and Thrive,75483,2025-08-19,August,Q2,South West,Wiltshire,Combined arts,"Above £30,000",Not Time-Limited Priority,2025
Altered Skin CIC,When We See Ourselves v4,73000,2025-08-20,August,Q2,Midlands,Birmingham,Combined arts,"Above £30,000",Not Time-Limited Priority,2025
Zoe Katsilerou,Voices 2025 - resubmission,55340,2025-08-20,August,Q2,North,Bradford,Dance,"Above £30,000",Not Time-Limited Priority,2025
Bertz Associates LTD,Uncovering Lisel Haas,80601,2025-08-20,August,Q2,Midlands,Birmingham,Libraries,"Above £30,000",Unlocking Collections,2025
Coalesce Dance Theatre,Mika and The Polar Bear - Second stage development and theatre tour,86058,2025-08-20,August,Q2,North,Trafford,Theatre,"Above £30,000",Not Time-Limited Priority,2025
Artlink Hull,"Artlink @ 87 Gallery – A co-created visual arts exhibition and engagement programme, deeply embedded in the communities we serve",102910,2025-08-20,August,Q2,North,"Kingston upon Hull, City of",Visual arts,"Above £30,000",Not Time-Limited Priority,2025
RMBC Events Team,Rotherham Show 2025: Participation Through Playful Encounters,89500,2025-08-20,August,Q2,North,Rotherham,Combined arts,"Above £30,000",Not Time-Limited Priority,2025
African Durbar and Business Expo Midlands CIC,Africa Unite,28860,2025-08-20,August,Q2,Midlands,Coventry,Dance,"£30,000 and below",Not Time-Limited Priority,2025
Indian Hindu Welfare Organisation,25 Years of our annual Diwali Festival,24442,2025-08-20,August,Q2,Midlands,West Northamptonshire,Combined arts,"£30,000 and below",Not Time-Limited Priority,2025
Silver Lining Animation,Middlesbrough Dorman Museum Exhibits,28775,2025-08-20,August,Q2,North,Middlesbrough,Museums,"£30,000 and below",Unlocking Collections,2025
Rebecca Marie Hawley,GLO (Girl Life Online),28000,2025-08-20,August,Q2,North,Liverpool,Combined arts,"£30,000 and below",Not Time-Limited Priority,2025
ASSET Trust,"Our People, Our Place",29825,2025-08-20,August,Q2,South East,Ipswich,Dance,"£30,000 and below",Not Time-Limited Priority,2025
Helen Calcutt,Grief Is the Thing with Feathers - Pilot Tour,65043,2025-08-20,August,Q2,Midlands,Birmingham,Dance,"Above £30,000",Not Time-Limited Priority,2025
Lewisham Library & Information Service,Think it Through,10985,2025-08-20,August,Q2,London,Lewisham,Libraries,"£30,000 and below",Universal Library Offers,2025
Sadiq Ali,Tell Me creation and Premiere Performances 2026,33475,2025-08-20,August,Q2,London,Camden,Theatre,"£30,000 and below",Not Time-Limited Priority,2025
Barrow BID,Barrow Comics & Zine Fest,19900,2025-08-20,August,Q2,North,Westmorland and Furness,Literature,"£30,000 and below",Not Time-Limited Priority,2025
Peninsula Press,Experiments in Publishing Otherwise,30000,2025-08-20,August,Q2,London,Hackney,Literature,"£30,000 and below",Not Time-Limited Priority,2025
Avant-Gardening CIC,Any Old Iron,22893,2025-08-20,August,Q2,London,Islington,Combined arts,"£30,000 and below",Not Time-Limited Priority,2025
Aimee Williamson,Pendle Witch- An Outdoor Dance Theatre Solo,24188,2025-08-20,August,Q2,North,Ribble Valley,Dance,"£30,000 and below",Not Time-Limited Priority,2025
Playback Creates,Homegrown,27700,2025-08-20,August,Q2,Midlands,Wolverhampton,Music,"£30,000 and below",Not Time-Limited Priority,2025
Klaudia Wittmann,head bucket bed - an international tour,12919,2025-08-20,August,Q2,London,Lewisham,Dance,"£30,000 and below",Not Time-Limited Priority,2025
Kirsten Tranter,Nuneaton & Bedworth Training and Development Programme 25/26,23750,2025-08-20,August,Q2,Midlands,Hinckley and Bosworth,Combined arts,"£30,000 and below",Not Time-Limited Priority,2025
Michelle-Louise Wright,Nottingham Shakespeare Company School Outreach 2025/26,24958,2025-08-20,August,Q2,Midlands,Nottingham,Theatre,"£30,000 and below",Not Time-Limited Priority,2025
Bethlehem Cultural Festival,Bethlehem Cultural Festival 2025,7553,2025-08-20,August,Q2,London,Hammersmith and Fulham,Combined arts,"£30,000 and below",Not Time-Limited Priority,2025
Shazia Osman,Illuminate at Attenborough,25000,2025-08-20,August,Q2,Midlands,Harborough,Visual arts,"£30,000 and below",Not Time-Limited Priority,2025
SUBJECT OBJECT LIMITED,FRANKENSTEIN Resubmission,28459,2025-08-20,August,Q2,Midlands,Rutland,Theatre,"£30,000 and below",Not Time-Limited Priority,2025
J Clare Productions,Bollywood Rose v4.1,21032,2025-08-20,August,Q2,London,Lewisham,Theatre,"£30,000 and below",Not Time-Limited Priority,2025
Inspirechilli,Inspiring Next Gen -  Scale Up,10900,2025-08-20,August,Q2,London,Southwark,Combined arts,"£30,000 and below",Not Time-Limited Priority,2025
Megan Hooley,Derbyshire Youth Dance Provision,19888,2025-08-20,August,Q2,Midlands,Erewash,Dance,"£30,000 and below",Not Time-Limited Priority,2025
International Guitar Foundation & Festivals,"Keeping Music-Making Alive in PRIORITY PLACES: 3 sets of joined-up projects, harnessing guitar/plucked strings' POPULARITY (all genres/cultures), targeting EXCLUDED COMMUNITIES: a)Music-making workshops for YOUNG PEOPLE&PUBLIC; b)TRAINING & CONCERTS for YOUNG ARTISTS&COMPOSERS C)accessible CONCERTS",19761,2025-08-20,August,Q2,North,North Tyneside,Music,"£30,000 and below",Not Time-Limited Priority,2025
Mara Tocher,Living Matter,20632,2025-08-20,August,Q2,South West,Stroud,Music,"£30,000 and below",Not Time-Limited Priority,2025
Tommaso Giacomin,The Uncontainable Nausea of Alec Baldwin - RESUBMISSION,20782,2025-08-20,August,Q2,South East,Brighton and Hove,Theatre,"£30,000 and below",Not Time-Limited Priority,2025
Jamie Wyld,Queer Cultures Shoreham & Worthing,14965,2025-08-20,August,Q2,South East,Adur,Visual arts,"£30,000 and below",Not Time-Limited Priority,2025
Leah Clements,New disability-focussed exhibition & engagement programme in London and Sheffield,39000,2025-08-20,August,Q2,London,Barking and Dagenham,Visual arts,"£30,000 and below",Not Time-Limited Priority,2025
Andro and Eve,Out Free Fabulous,23313,2025-08-20,August,Q2,North,Sheffield,Combined arts,"£30,000 and below",Not Time-Limited Priority,2025
James Wilton Dance Limited,RESUBMISSION Autumn 2025 tour of BACH Reimagined and The Four Seasons,30000,2025-08-20,August,Q2,South West,Cornwall,Dance,"£30,000 and below",Not Time-Limited Priority,2025
Rosie Macari,Aetherbound,20025,2025-08-20,August,Q2,North,Newcastle upon Tyne,Dance,"£30,000 and below",Not Time-Limited Priority,2025
Street Arts Hire Limited,"Peterborough street atist - past, present, future",29998,2025-08-20,August,Q2,South East,Peterborough,Visual arts,"£30,000 and below",Not Time-Limited Priority,2025
Jay Giverin,Autumn Tour 2025,3120,2025-08-20,August,Q2,North,Cheshire West and Chester,Music,"£30,000 and below",Not Time-Limited Priority,2025
Toluwaproductions Ltd,Young Poets National Summit & Development Program,29316,2025-08-20,August,Q2,London,Hackney,Literature,"£30,000 and below",Not Time-Limited Priority,2025
Somerset Youth Theatre CIC,"How do young people (YP) like me, work in an Industry like this? (HDYP)",44279,2025-08-20,August,Q2,South West,Somerset,Theatre,"£30,000 and below",Not Time-Limited Priority,2025
Media Mania,Media Mania: a 3 tiered approach to music production and dissemination in Coventry,67411,2025-08-20,August,Q2,Midlands,Coventry,Music,"Above £30,000",Not Time-Limited Priority,2025
Hartlepool Folk Festival,Hartlepool Folk & Family Festival 2025,35000,2025-08-20,August,Q2,North,Hartlepool,Music,"Above £30,000",Not Time-Limited Priority,2025
House Of Stars,AniManga Lab - Dartford,8000,2025-08-20,August,Q2,South East,Dartford,Visual arts,"£30,000 and below",Not Time-Limited Priority,2025
Worcester Live Charitable Trust Ltd,Shire Stories - New Writing Project,49310,2025-08-20,August,Q2,Midlands,Worcester,Theatre,"Above £30,000",Not Time-Limited Priority,2025
Mohinder Singh,Music Vision Room,28872,2025-08-20,August,Q2,Midlands,Birmingham,Music,"£30,000 and below",Not Time-Limited Priority,2025
Contemporary Visual Arts Network East Midlands,Ode to the Midlands,98930,2025-08-20,August,Q2,Midlands,Nottingham,Visual arts,"Above £30,000",Not Time-Limited Priority,2025
Errol McGlashan,Something to Take Off The Edge - Prison & Hostel Tour,24556,2025-08-20,August,Q2,London,Lambeth,Theatre,"£30,000 and below",Not Time-Limited Priority,2025
Hastings Storytelling Festival,Hastings Storytelling Festival 2025,51119,2025-08-21,August,Q2,South East,Hastings,Combined arts,"Above £30,000",Not Time-Limited Priority,2025
Figment Arts,Figment Collective (3rd submission),56050,2025-08-21,August,Q2,South East,Worthing,Visual arts,"Above £30,000",Not Time-Limited Priority,2025
Lauren Wilson,ORE PROJECTS MENTORING SCHEME,88000,2025-08-21,August,Q2,South East,East Hertfordshire,Visual arts,"Above £30,000",Not Time-Limited Priority,2025
Muddled Marauders,Club Smiley (R&D),18917,2025-08-27,August,Q2,London,Lambeth,Combined arts,"£30,000 and below",Not Time-Limited Priority,2025
lifted up community choir,Singinspiration26,29800,2025-08-27,August,Q2,South East,Hastings,Music,"£30,000 and below",Not Time-Limited Priority,2025
Robert James,Mods & Rockers: Lived Experiences From the 60's,34843,2025-08-27,August,Q2,South East,Spelthorne,Theatre,"£30,000 and below",Not Time-Limited Priority,2025
Hidden Track Theatre CIC,Benefits Quest R&D,29990,2025-08-27,August,Q2,North,Manchester,Theatre,"£30,000 and below",Not Time-Limited Priority,2025
PaddleBoat Theatre Company,The Jolly Christmas Postman – Co-creation and Show,29000,2025-08-27,August,Q2,South West,Exeter,Theatre,"£30,000 and below",Not Time-Limited Priority,2025
Tendai Dombojena,Our eyes looking for god,30000,2025-08-27,August,Q2,London,Greenwich,Music,"£30,000 and below",Not Time-Limited Priority,2025
lucyna rossa,"English Lands, Foreign Tales (R&D) Resubmission",27355,2025-08-27,August,Q2,South West,Somerset,Theatre,"£30,000 and below",Not Time-Limited Priority,2025
Oliver Harrison,The Lower Ouse Valley Community Theatre Project,17804,2025-08-27,August,Q2,South East,Lewes,Theatre,"£30,000 and below",Not Time-Limited Priority,2025
Elizabeth Drury,RESUBMIT: Portal Projects - Workshops and Exhibition for people with lived experience of homelessness,29792,2025-08-27,August,Q2,London,Southwark,Visual arts,"£30,000 and below",Not Time-Limited Priority,2025
Janette Eddisford,FISH AND SCRIPTS,18080,2025-08-27,August,Q2,South East,Brighton and Hove,Theatre,"£30,000 and below",Not Time-Limited Priority,2025
Holistic Harmonies,Holistic Harmonies - End Of Life Music,19930,2025-08-27,August,Q2,North,Liverpool,Music,"£30,000 and below",Not Time-Limited Priority,2025
Whirlwind Recordings,STEP FORWARD REACH BACK 3,30000,2025-08-27,August,Q2,South East,Reigate and Banstead,Music,"£30,000 and below",Not Time-Limited Priority,2025
Arts at the Old Fire Station,Before the Millenium,30000,2025-08-27,August,Q2,South East,Oxford,Theatre,"£30,000 and below",Not Time-Limited Priority,2025
The Hermit Club,Hermit Music Club 2026,10000,2025-08-27,August,Q2,South East,Brentwood,Music,"£30,000 and below",Not Time-Limited Priority,2025
Lucrezia Galeone,La Bella Bimba Phase 2,14779,2025-08-27,August,Q2,London,Hammersmith and Fulham,Theatre,"£30,000 and below",Not Time-Limited Priority,2025
Glass House Dance,Stories from the Dance Floor,30000,2025-08-27,August,Q2,South East,Norwich,Dance,"£30,000 and below",Not Time-Limited Priority,2025
Blackstage Pole,Blackstage Reclamation: Impact and the Regions,27000,2025-08-27,August,Q2,London,Bromley,Dance,"£30,000 and below",Not Time-Limited Priority,2025
Rochdale Development Agency,Rochdale Music Stories,26000,2025-08-27,August,Q2,North,Rochdale,Music,"£30,000 and below",Not Time-Limited Priority,2025
Eva Wong,Story Feast Lit Fest 2025 (RESUBMISSION),19890,2025-08-27,August,Q2,London,Camden,Literature,"£30,000 and below",Not Time-Limited Priority,2025
Bobak Walker,"I'm Muslamic Don't Panik - stories of an Iranian, Bristolian, Hip-Hop head - rural & city engagement & touring 2025/26",36000,2025-08-27,August,Q2,North,Leeds,Theatre,"£30,000 and below",Not Time-Limited Priority,2025
Dhruv Arts,London International Arts Festival 2025,13980,2025-08-27,August,Q2,London,Redbridge,Music,"£30,000 and below",Not Time-Limited Priority,2025
John Williams,No One is Listening-Devon tour and Outreach work,19137,2025-08-27,August,Q2,South West,Somerset,Theatre,"£30,000 and below",Not Time-Limited Priority,2025
DIPACT CIC,Global Roots Canvas,29999,2025-08-27,August,Q2,North,Manchester,Visual arts,"£30,000 and below",Not Time-Limited Priority,2025
A Zeldin Company,CARE Research and Development,30000,2025-08-27,August,Q2,London,Tower Hamlets,Theatre,"£30,000 and below",Not Time-Limited Priority,2025
New Generation Jazz Community Interest Company,Places and Spaces,29115,2025-08-27,August,Q2,South East,Brighton and Hove,Music,"£30,000 and below",Not Time-Limited Priority,2025
Jake Peach,Breakthrough Music Podcast,2770,2025-08-27,August,Q2,South East,Braintree,Music,"£30,000 and below",Not Time-Limited Priority,2025
Layla Chowdhury,American Candy Tour,20715,2025-08-27,August,Q2,London,Camden,Theatre,"£30,000 and below",Not Time-Limited Priority,2025
Tib Street Studios,Tib Street Studio - Artist Residency Takeover,25345,2025-08-27,August,Q2,North,Manchester,Theatre,"£30,000 and below",Not Time-Limited Priority,2025
N-Act Theatre in Schools,Rural Touring Pilot Phase One,21880,2025-08-27,August,Q2,South East,Southend-on-Sea,Theatre,"£30,000 and below",Not Time-Limited Priority,2025
Indie Novella Ltd,Taking Diversity Forward,16500,2025-08-27,August,Q2,South East,Cherwell,Literature,"£30,000 and below",Not Time-Limited Priority,2025
Marianne Pearce,The Malfi Project (resubmission),9851,2025-08-27,August,Q2,London,Haringey,Theatre,"£30,000 and below",Not Time-Limited Priority,2025
The Pen Theatre,South Bermondsey Theatre Season 2025 (3rd Resubmission),29141,2025-08-27,August,Q2,London,Southwark,Theatre,"£30,000 and below",Not Time-Limited Priority,2025
Britny Virginia Albert,Up In The Mango Trees,8571,2025-08-27,August,Q2,South East,Luton,Theatre,"£30,000 and below",Not Time-Limited Priority,2025
Poco Loco,Medway Sessions,29622,2025-08-27,August,Q2,South East,Medway,Music,"£30,000 and below",Not Time-Limited Priority,2025
Switchflicker Productions,Transform - resubmission,14920,2025-08-27,August,Q2,North,Manchester,Theatre,"£30,000 and below",Not Time-Limited Priority,2025
Zara Worth,Remaking Memories Together,10381,2025-08-27,August,Q2,North,County Durham,Visual arts,"£30,000 and below",Not Time-Limited Priority,2025
Hubbub Theatre Company,Co-Leadership Dance,32909,2025-08-28,August,Q2,Midlands,Derby,Theatre,"£30,000 and below",Not Time-Limited Priority,2025
Damayanthi Muthukumaranage,Recipes of Resilience - A Collective Arts Installation,30887,2025-08-28,August,Q2,Midlands,Wolverhampton,Visual arts,"£30,000 and below",Not Time-Limited Priority,2025
Emily Lloyd,Penguins Rural & Community Tour - North and Midlands - Phase 1,30869,2025-08-28,August,Q2,North,Rugby,Theatre,"£30,000 and below",Not Time-Limited Priority,2025
"Association of Ukrainians in Great Britain (AUGB), Nottingham branch",Music of Home,2950,2025-08-28,August,Q2,Midlands,Nottingham,Dance,"£30,000 and below",Not Time-Limited Priority,2025
New Nottingham Journal,Out of the Margins,3700,2025-08-28,August,Q2,Midlands,Broxtowe,Literature,"£30,000 and below",Not Time-Limited Priority,2025
No Jobs in the Arts,I See Zines and Wonders!,13570,2025-08-28,August,Q2,Midlands,High Peak,Literature,"£30,000 and below",Not Time-Limited Priority,2025
Tara Munroe,Black Star Murder Mystery,23100,2025-08-28,August,Q2,Midlands,Harborough,Theatre,"£30,000 and below",Not Time-Limited Priority,2025
ASHLEIGH GRAY,Healing Through Art: Designing & Delivering Writers’ & Community Wellbeing Workshops + Public Short Form Writing Showcase for Underrepresented Artists,34431,2025-08-28,August,Q2,Midlands,Chesterfield,Theatre,"£30,000 and below",Not Time-Limited Priority,2025
Emily Sherwood,3 in 3,30763,2025-08-28,August,Q2,Midlands,Derby,Theatre,"£30,000 and below",Not Time-Limited Priority,2025
Louis Kay-Price,Twenty Five Pages per Second,18400,2025-08-28,August,Q2,Midlands,Birmingham,Visual arts,"£30,000 and below",Not Time-Limited Priority,2025
Shobana Jeyasingh Dance Company,We Caliban Tour 2025/26,70000,2025-08-29,August,Q2,London,Westminster,Dance,"Above £30,000 - Over £30k Touring project",Not Time-Limited Priority,2025
Matt Miller,Fixing National Tour,41071,2025-08-29,August,Q2,Midlands,Nottingham,Theatre,"Above £30,000 - Over £30k Touring project",Not Time-Limited Priority,2025
Casey Bailey,Please Do Not Touch Tour,89950,2025-08-29,August,Q2,Midlands,Shropshire,Theatre,"Above £30,000 - Over £30k Touring project",Not Time-Limited Priority,2025
Rebel Sparks C.I.C.,Take Flight National Tour- Reaching early years,58385,2025-08-29,August,Q2,Midlands,Nottingham,Theatre,"Above £30,000 - Over £30k Touring project",Not Time-Limited Priority,2025
Cathy Waller,"The Us Suite: A touring triptych of film, exhibition, and live dance - mapping the unseen across people and place.",124681,2025-08-29,August,Q2,London,Lambeth,Dance,"Above £30,000 - Over £30k Touring project",Not Time-Limited Priority,2025
Art Business Ltd,Transactionland High Street Tour 2026-27,58790,2025-08-29,August,Q2,South West,"Bristol, City of",Combined arts,"Above £30,000 - Over £30k Touring project",Not Time-Limited Priority,2025
Hijinx,Meet Fred 10th Anniversary Tour,80850,2025-08-29,August,Q2,Midlands,Cardiff,Theatre,"Above £30,000 - Over £30k Touring project",Not Time-Limited Priority,2025
Spiracle Audiobooks Ltd,"Audiobook in a Card, Scaling Up",125000,2025-09-01,September,Q2,London,Islington,Literature,"Above £30,000 - Major Project",Not Time-Limited Priority,2025
Michael Wolters,Fairlight Second Round,62488,2025-09-02,September,Q2,Midlands,Birmingham,Theatre,"Above £30,000",Not Time-Limited Priority,2025
Joelle Taylor,Maryville engagement work,43611,2025-09-02,September,Q2,London,Haringey,Literature,"Above £30,000",Not Time-Limited Priority,2025
MAKEDA MAKES,The Takeover Series,80520,2025-09-02,September,Q2,London,Waltham Forest,Libraries,"Above £30,000",Universal Library Offers,2025
In Good Company Limited,In Good Company (IGC) 2025-2026,108399,2025-09-02,September,Q2,Midlands,Chesterfield,Theatre,"Above £30,000",Not Time-Limited Priority,2025
Yorkshire Sound Women Network,Rewired,49207,2025-09-03,September,Q2,North,Kirklees,Music,"Above £30,000",Not Time-Limited Priority,2025
Breaking Barriers CIC,"Stories We Tell Rochdale, celebrating Town of Culture",37567,2025-09-03,September,Q2,North,Rochdale,Not discipline specific,"Above £30,000",Not Time-Limited Priority,2025
Bournemouth Writing Festival,Bournemouth Writing Festival 2026,40000,2025-09-03,September,Q2,South West,"Bournemouth, Christchurch and Poole",Literature,"Above £30,000",Not Time-Limited Priority,2025
Salford Community Leisure Limited,Arts-InAccess,35175,2025-09-03,September,Q2,North,Salford,Not discipline specific,"Above £30,000",Not Time-Limited Priority,2025
Emily Lahouel,R&D -  OLALAOS,9776,2025-09-03,September,Q2,North,Manchester,Theatre,"£30,000 and below",Not Time-Limited Priority,2025
Lauren Gore,Shaping the Future of Tap: Innovation & Artistic Development - Resubmission,26850,2025-09-03,September,Q2,Midlands,Nuneaton and Bedworth,Dance,"£30,000 and below",Not Time-Limited Priority,2025
Daisy George Hingorani-Short,Shovel,5951,2025-09-03,September,Q2,London,Islington,Dance,"£30,000 and below",Not Time-Limited Priority,2025
Brenda Callis,Smalltown Boy South West & London Tour,33654,2025-09-03,September,Q2,South West,"Bristol, City of",Theatre,"£30,000 and below",Not Time-Limited Priority,2025
ADDINGTON AFRO-ETHNIC HEALTH PROMOTION GROUP,AfriKreation,25193,2025-09-03,September,Q2,London,Croydon,Combined arts,"£30,000 and below",Not Time-Limited Priority,2025
Odyssey Ensemble,The Lost Birds 2025,22395,2025-09-03,September,Q2,Midlands,North Northamptonshire,Music,"£30,000 and below",Not Time-Limited Priority,2025
StoryMatters,StoryMatters Creative Writing Programme 25/26,35910,2025-09-03,September,Q2,London,Croydon,Literature,"Above £30,000",Not Time-Limited Priority,2025
Five ASide Theatre CIC,"Saturday Soup: Bitter Leaf, Sweet Mouth",18377,2025-09-03,September,Q2,London,Merton,Literature,"£30,000 and below",Not Time-Limited Priority,2025
Elizabeth Jane Klotz,"‘Abundance’: Intergenerational Performance, Gallery Installation & Embedded Workshop Series",86539,2025-09-03,September,Q2,North,Gateshead,Dance,"Above £30,000",Not Time-Limited Priority,2025
Vital Beats,Vital Beats phase 5: National Scaling,68804,2025-09-03,September,Q2,South West,"Bristol, City of",Combined arts,"Above £30,000",Not Time-Limited Priority,2025
Lower Shaw Farm,Swindon Festival of Literature 2026 & ArtsWords 2025-26 Development Programme’,40129,2025-09-03,September,Q2,South West,Swindon,Literature,"Above £30,000",Not Time-Limited Priority,2025
Forest Forge Theatre,Theatre Forged in the Forest,72935,2025-09-03,September,Q2,South West,New Forest,Theatre,"Above £30,000",Not Time-Limited Priority,2025
Manchester Mega Mela,MMM 2025,58900,2025-09-03,September,Q2,North,Manchester,Combined arts,"Above £30,000",Not Time-Limited Priority,2025
Sanskruti Cambridge CIC,Tree of Life production and touring 2025-2026,50657,2025-09-03,September,Q2,South East,South Cambridgeshire,Dance,"Above £30,000",Not Time-Limited Priority,2025
Saranjit Birdi,"'Father's Lines' - New works, Exhibitions, Public Engagement, Performance and Dissemination Events",26550,2025-09-03,September,Q2,Midlands,Birmingham,Combined arts,"£30,000 and below",Not Time-Limited Priority,2025
The Redeemed Productions,Congolese Music Development Programme,30000,2025-09-03,September,Q2,Midlands,Birmingham,Music,"£30,000 and below",Not Time-Limited Priority,2025
Wakefield Libraries,WordFest 2025,50042,2025-09-03,September,Q2,North,Wakefield,Libraries,"Above £30,000",Universal Library Offers,2025
Sefton Libraries,Mental Health and Wellbeing,37120,2025-09-03,September,Q2,North,Sefton,Libraries,"Above £30,000",Universal Library Offers,2025
Peter Whitfield,The Poetry and Music of Bolton Regeneration,27909,2025-09-03,September,Q2,North,Wigan,Literature,"£30,000 and below",Not Time-Limited Priority,2025
RISEUP,The Element,25888,2025-09-03,September,Q2,North,Manchester,Combined arts,"£30,000 and below",Not Time-Limited Priority,2025
Fidget Theatre CIO,The Elves & The Storyteller: Pilot Tour & Access Development 2025 Resubmit,29995,2025-09-03,September,Q2,North,Leeds,Theatre,"£30,000 and below",Not Time-Limited Priority,2025
Voce Books,"STORIE: Working Class wrtiter events, residency & publications RESUB",16818,2025-09-03,September,Q2,Midlands,Birmingham,Literature,"£30,000 and below",Not Time-Limited Priority,2025
Samra Mayanja,DEAD DAD DEATH CULT (2025-2026),18023,2025-09-03,September,Q2,North,Southwark,Visual arts,"£30,000 and below",Not Time-Limited Priority,2025
Artmongers Action CIC,London School of Muralism 2026,18850,2025-09-03,September,Q2,London,Southwark,Visual arts,"£30,000 and below",Not Time-Limited Priority,2025
Alexander Duff,The Bridge 5,17500,2025-09-03,September,Q2,North,Gateshead,Combined arts,"£30,000 and below",Not Time-Limited Priority,2025
Carbon Theatre,CUB Library tour in Wigan & R&D for new co-created project,15362,2025-09-03,September,Q2,Midlands,Wigan,Libraries,"£30,000 and below",Not Time-Limited Priority,2025
Filskit Theatre Ltd,Xmas Lights Autumn and Winter 2025,28724,2025-09-03,September,Q2,South West,Winchester,Theatre,"£30,000 and below",Not Time-Limited Priority,2025
Oliver Hawes,Old Fat F**k,7975,2025-09-03,September,Q2,London,Tower Hamlets,Theatre,"£30,000 and below",Not Time-Limited Priority,2025
Squint Theatre Company LTD,RESUBMISSION: The Squint Playwriting Programme for Newham/Hackney/Waltham Forest Artists from Low-Income Backgrounds,30000,2025-09-03,September,Q2,London,Hackney,Theatre,"£30,000 and below",Not Time-Limited Priority,2025
RAWD CIO,RAWD x Blue Room: Winter Season Collaboration 2025,30812,2025-09-03,September,Q2,North,Liverpool,Combined arts,"£30,000 and below",Not Time-Limited Priority,2025
john powell-jones,The Crocodile of Sadness,25757,2025-09-03,September,Q2,North,Calderdale,Visual arts,"£30,000 and below",Not Time-Limited Priority,2025
Kinth Square,Three Little Pigs,31041,2025-09-03,September,Q2,London,Redbridge,Theatre,"£30,000 and below",Not Time-Limited Priority,2025
Maxim David James Stewart,The Singing Forest,29800,2025-09-03,September,Q2,Midlands,Telford and Wrekin,Visual arts,"£30,000 and below",Not Time-Limited Priority,2025
The Kala Chethena Kathakali Troupe,"A CELEBRATION OF KATHAKALI - classical dance drama of Kerala, south India.",34400,2025-09-03,September,Q2,South West,Southampton,Theatre,"£30,000 and below",Not Time-Limited Priority,2025
Laura Hague,Do You Understand Me? - Educational Workshops & Indoor Dance Tour in the Midlands,33788,2025-09-03,September,Q2,Midlands,Solihull,Dance,"£30,000 and below",Not Time-Limited Priority,2025
Liberty Choir,Liberty Choir for Prisons 2025,69873,2025-09-04,September,Q2,South East,Hastings,Music,"Above £30,000",Not Time-Limited Priority,2025
Body Politic Dance,Body Politic Talent Development: Embedded place-based artist development & youth volunteer programme for hip hop dance artists in the South East,55000,2025-09-04,September,Q2,South East,Oxford,Dance,"Above £30,000",Not Time-Limited Priority,2025
Vanhulle Dance Theatre,OB/OLIVE BRANCH ACTIVITY A/W 2526,39736,2025-09-04,September,Q2,South East,East Cambridgeshire,Dance,"Above £30,000",Not Time-Limited Priority,2025
HurlyBurly,Resubmission: Carnival of the Babies making phase,52774,2025-09-04,September,Q2,South East,Brighton and Hove,Theatre,"Above £30,000",Not Time-Limited Priority,2025
Featured Artist Coalition,UK Artist Touring Fund,39999,2025-09-05,September,Q2,London,Southwark,Music,"Above £30,000",Supporting Grassroots Music,2025
Marsden Mechanics,Grassroot Music Programme 2025/26,39673,2025-09-05,September,Q2,North,Kirklees,Music,"Above £30,000",Supporting Grassroots Music,2025
Jamming Station CIC,Emerging artist gig programme,40000,2025-09-05,September,Q2,South West,South Hams,Music,"Above £30,000",Supporting Grassroots Music,2025
Chai Wallahs Events Ltd,Where It All Began,39908,2025-09-05,September,Q2,South West,"Bristol, City of",Music,"Above £30,000",Supporting Grassroots Music,2025
Jade Mash,The Aftercare Project,24180,2025-09-08,September,Q2,South East,South Oxfordshire,Combined arts,"£30,000 and below",Not Time-Limited Priority,2025
Hubert Green,Never Look Black / Scratch That,29760,2025-09-08,September,Q2,South East,Thanet,Visual arts,"£30,000 and below",Not Time-Limited Priority,2025
Spectrum WASP,Jam on with Spectrum WASP - 'Where every voice belongs',29946,2025-09-08,September,Q2,Midlands,Mansfield,Music,"£30,000 and below",Not Time-Limited Priority,2025
StrongBack Productions,SongMaps Rye '25-'26,27362,2025-09-08,September,Q2,London,Rother,Combined arts,"£30,000 and below",Not Time-Limited Priority,2025
Rank & File Theatre CIC,Journeys Beyond Borders: Stories of Belonging and Change,31171,2025-09-08,September,Q2,South East,West Berkshire,Theatre,"£30,000 and below",Not Time-Limited Priority,2025
Sarah Pickthall,Syncing Space - LEARNING DISABLED ARTISTS RESIDENCY AND EXHIBITION,35389,2025-09-08,September,Q2,South West,Brighton and Hove,Visual arts,"£30,000 and below",Not Time-Limited Priority,2025
Sarah Hughes,Haptic: Making Connections through Exploratory Music,3959,2025-09-08,September,Q2,South East,Chichester,Music,"£30,000 and below",Not Time-Limited Priority,2025
Samuel D Loveless,BENCHES - Resubmission,20360,2025-09-08,September,Q2,South West,Plymouth,Combined arts,"£30,000 and below",Not Time-Limited Priority,2025
Izzy Parriss Productions Ltd,The Things We Don't Say - Southwark Playhouse/Ustinov Studio Workshop,13999,2025-09-09,September,Q2,London,Hackney,Theatre,"£30,000 and below",Not Time-Limited Priority,2025
Amaal Said,Open Country,8002,2025-09-09,September,Q2,London,Hillingdon,Visual arts,"£30,000 and below",Not Time-Limited Priority,2025
Carmen Collective LTD,Carmen Collective Presents GAMEPLAY: Access-focused R&D + WIPs,6344,2025-09-09,September,Q2,London,Merton,Theatre,"£30,000 and below",Not Time-Limited Priority,2025
PASCALE MAYNARD,Roots Project,8995,2025-09-09,September,Q2,London,Hackney,Not discipline specific,"£30,000 and below",Not Time-Limited Priority,2025
Ferdous Hussein,"Sacred Patterns, Share Stories: Islamic Arts for All",24400,2025-09-10,September,Q2,Midlands,Leicester,Visual arts,"£30,000 and below",Not Time-Limited Priority,2025
Muenda Kamara,Half Caste 1975,16210,2025-09-10,September,Q2,Midlands,North West Leicestershire,Literature,"£30,000 and below",Not Time-Limited Priority,2025
Michael Southan,You Should be Dancing R and D,32654,2025-09-10,September,Q2,Midlands,Wolverhampton,Dance,"£30,000 and below",Not Time-Limited Priority,2025
Rebecca Fuller,Echo Echo Echo Beach,32710,2025-09-10,September,Q2,South East,West Suffolk,Theatre,"£30,000 and below",Not Time-Limited Priority,2025
Jacqui Norton,"The Lyrics, The Music & The Money III 2025-26",29970,2025-09-10,September,Q2,Midlands,North Northamptonshire,Music,"£30,000 and below",Not Time-Limited Priority,2025
Verity Bradley,FOLD,29900,2025-09-10,September,Q2,Midlands,Nottingham,Visual arts,"£30,000 and below",Unlocking Collections,2025
Saffron Hall Trust,Essex Music Ecosystems R&D project phase 2,26970,2025-09-10,September,Q2,South East,Uttlesford,Music,"£30,000 and below",Not Time-Limited Priority,2025
Sandeep Dhaliwal,Give Em The Boot 2026 Resubmission,21870,2025-09-12,September,Q2,London,Hillingdon,Music,"£30,000 and below",Supporting Grassroots Music,2025
Daniel Lovrinov,Nebo Arts Event Series 2025,17144,2025-09-12,September,Q2,London,Haringey,Music,"£30,000 and below",Supporting Grassroots Music,2025
Future Days LTD,Weird on Purpose Open Call Development Programme,29879,2025-09-12,September,Q2,Midlands,Birmingham,Music,"£30,000 and below",Supporting Grassroots Music,2025
The Holloway,"The Holloway Grassroots Music Venue, Norwich",19950,2025-09-12,September,Q2,South East,Norwich,Music,"£30,000 and below",Supporting Grassroots Music,2025
Revelation - St Marys Arts Trust,Create - Offshoots,29060,2025-09-12,September,Q2,South East,Ashford,Music,"£30,000 and below",Supporting Grassroots Music,2025
Elevate Young Minds CIC,Face Festival 2025,68000,2025-09-17,September,Q2,North,Manchester,Combined arts,"Above £30,000",Not Time-Limited Priority,2025
Vision Redbridge Culture & Leisure - Libraries Service,Redbridge Festival of the Dead 2025,48823,2025-09-17,September,Q2,London,Redbridge,Combined arts,"Above £30,000",Universal Library Offers,2025
Salford City Council,Lightwaves Salford 2025,60000,2025-09-17,September,Q2,North,Salford,Combined arts,"Above £30,000",Not Time-Limited Priority,2025
Stellar Creates,Happy Rooms 2026,58000,2025-09-17,September,Q2,North,Stockton-on-Tees,Visual arts,"Above £30,000",Not Time-Limited Priority,2025
Border Crossings,SUPPLIANTS OF SYRIA,45000,2025-09-17,September,Q2,London,Enfield,Theatre,"Above £30,000",Not Time-Limited Priority,2025
Liberdade community development trust,Building Belonging,99597,2025-09-17,September,Q2,North,Newcastle upon Tyne,Combined arts,"Above £30,000",Not Time-Limited Priority,2025
Queer Youth Art Collective CIC,"RESUBMISSION, Resilient, Independent and Collaborative Queer Youth",58600,2025-09-17,September,Q2,London,Southwark,Combined arts,"Above £30,000",Not Time-Limited Priority,2025
The Music House,Back in the House II,46542,2025-09-17,September,Q2,North,Leeds,Music,"Above £30,000",Not Time-Limited Priority,2025
Ort Gallery,Ort Gallery 2026 Programme,87340,2025-09-17,September,Q2,Midlands,Birmingham,Not discipline specific,"Above £30,000",Not Time-Limited Priority,2025
Extraordinary Us CIC,The Museum of Me: Holistic Potential,90957,2025-09-17,September,Q2,Midlands,Coventry,Museums,"Above £30,000",Not Time-Limited Priority,2025
Shirley Jamil,Ward 76: Rochdale Based Tour,48985,2025-09-17,September,Q2,North,Rochdale,Theatre,"Above £30,000",Not Time-Limited Priority,2025
Swaledale Festival,Swaledale Festival 2026,52000,2025-09-17,September,Q2,North,North Yorkshire,Combined arts,"Above £30,000",Not Time-Limited Priority,2025
Scarabeus Theatre,Hear us Roar,47769,2025-09-17,September,Q2,London,Islington,Theatre,"Above £30,000",Not Time-Limited Priority,2025
Dark Horse Theatre,We're in Love (Actually) Dev,85000,2025-09-17,September,Q2,North,Kirklees,Theatre,"Above £30,000",Not Time-Limited Priority,2025
Stuff and Nonsense Theatre Company,LOSER! new studio scale show,50712,2025-09-18,September,Q2,South West,Dorset,Theatre,"Above £30,000",Not Time-Limited Priority,2025
TwoCan Inclusive Theatre Company,Soaring High,77494,2025-09-18,September,Q2,South West,Stroud,Theatre,"Above £30,000",Not Time-Limited Priority,2025
Victoria Briggs,Resubmission - Jane Austen Fan Club,79991,2025-09-18,September,Q2,South West,Wiltshire,Combined arts,"Above £30,000",Not Time-Limited Priority,2025
Author in Me,Resubmission: AIM Festival 2026,59160,2025-09-19,September,Q2,South East,Buckinghamshire,Literature,"Above £30,000",Not Time-Limited Priority,2025
Alexander Whitley Dance Company,"Innovation, AI & Interactive Technology in Dance Practice: Stage production, International Exchange & Knowledge Sharing",69390,2025-09-19,September,Q2,South East,Ipswich,Digital Arts,"Above £30,000",Not Time-Limited Priority,2025
Cheshire East Libraries,Luminate 3,34435,2025-09-19,September,Q2,North,Cheshire East,Libraries,"Above £30,000",Universal Library Offers,2025
Tilbury on the Thames Trust (CIO),Back on Track,250000,2025-09-19,September,Q2,South East,Thurrock,Combined arts,"Above £30,000 - Place Partnership project",Not Time-Limited Priority,2025
Livia Rita Heim,Avantgardeners Collective: International Tour,37000,2025-09-30,September,Q2,South East,Bedford,Dance,"Above £30,000 - Over £30k Touring project",Not Time-Limited Priority,2025
BOTIS SEVA / FAR FROM THE NORM LTD,Sing Child Sing 2026/27 Touring,186499,2025-09-30,September,Q2,London,Kingston upon Thames,Dance,"Above £30,000 - Over £30k Touring project",Not Time-Limited Priority,2025
Spiltmilk Dance,"Wonderland & Bloom – National touring of 2 shows for Older Adults in care home, hospital and community settings, from Spiltmilk Dance",82116,2025-09-30,September,Q2,Midlands,Warwick,Dance,"Above £30,000 - Over £30k Touring project",Not Time-Limited Priority,2025
Boundless Theatre,Blue Mist - tour and young facilitators programme,92844,2025-09-30,September,Q2,London,Croydon,Theatre,"Above £30,000 - Over £30k Touring project",Not Time-Limited Priority,2025
Theatre Temoin Limited,FLOOD 2026 – UK Deaf Schools & Outdoor Festivals Tour,99438,2025-09-30,September,Q2,North,Cheshire West and Chester,Theatre,"Above £30,000 - Over £30k Touring project",Not Time-Limited Priority,2025
BirdGang Dance,HATCHWORK 26,39200,2025-10-01,October,Q3,London,Croydon,Dance,"Above £30,000",Not Time-Limited Priority,2025
Travelling Light Theatre Company,The Forest Door – Development and Practice,49980,2025-10-01,October,Q3,South West,"Bristol, City of",Theatre,"Above £30,000",Not Time-Limited Priority,2025
Hopetown Darlington,Hopetown Darlington Arthur Wharton Exhibition,45750,2025-10-01,October,Q3,North,Darlington,Museums,"Above £30,000",Unlocking Collections,2025
Lincs Inspire Limited,Libraries at the heart of community wellbeing version 2,85690,2025-10-01,October,Q3,North,North East Lincolnshire,Libraries,"Above £30,000",Universal Library Offers,2025
Quentin Blake Centre for Illustration,MURUGIAH: Ever Feel Like...,32000,2025-10-01,October,Q3,London,Camden,Visual arts,"Above £30,000",Not Time-Limited Priority,2025
New Elements,Festival of Tomorrow 2026,97500,2025-10-01,October,Q3,South West,Swindon,Combined arts,"Above £30,000",Not Time-Limited Priority,2025
Ebor Studios and Gallery,Programme of Activities 2025/26 RESUBMISSION,45812,2025-10-01,October,Q3,North,Rochdale,Visual arts,"Above £30,000",Not Time-Limited Priority,2025
Everywhere Everything Everyone,Hall Park & Seascale Light Works 2025,60000,2025-10-01,October,Q3,North,Cumberland,Combined arts,"Above £30,000",Not Time-Limited Priority,2025
Amy Golding,Shush Research and Development,52397,2025-10-01,October,Q3,North,North Tyneside,Theatre,"Above £30,000",Not Time-Limited Priority,2025
National Coal Mining Museum for England Trust Ltd,Sculpting the Community,76143,2025-10-01,October,Q3,North,Wakefield,Visual arts,"Above £30,000",Not Time-Limited Priority,2025
Wigan Council,Wigan Council,44680,2025-10-01,October,Q3,North,Wigan,Visual arts,"Above £30,000",Not Time-Limited Priority,2025
Meera Patel,(Resubmission) Sensing Indian Classical Dance - Attuning premiere and community engagement,89958,2025-10-01,October,Q3,London,Greenwich,Dance,"Above £30,000",Not Time-Limited Priority,2025
And Gather CIC,This Place Meant,36024,2025-10-02,October,Q3,South East,Folkestone and Hythe,Combined arts,"Above £30,000",Not Time-Limited Priority,2025
Nikki Mclusky,Circus Starlight Roadshow: Inspiring the Next Generation,55813,2025-10-03,October,Q3,Midlands,North Kesteven,Theatre,"Above £30,000",Not Time-Limited Priority,2025
Turned On Its Head,Sharing Shiny 2026,73873,2025-10-03,October,Q3,Midlands,Charnwood,Dance,"Above £30,000",Not Time-Limited Priority,2025
Breathe Arts Health Research,Breathe Melodies for Dads,92944,2025-10-08,October,Q3,London,Southwark,Music,"Above £30,000",Not Time-Limited Priority,2025
Greater London Authority,The Wake - artwork to honour the enslaved Africans who were trafficked as part of the transatlantic slave trade,100000,2025-10-08,October,Q3,London,Newham,Visual arts,"Above £30,000",Not Time-Limited Priority,2025
East Riding Creative Programmes,"Goole - Our Time, Our Town",94000,2025-10-15,October,Q3,North,East Riding of Yorkshire,Combined arts,"Above £30,000",Not Time-Limited Priority,2025
The Creative Seed CIC,Light Up Your Life,49700,2025-10-15,October,Q3,North,South Tyneside,Combined arts,"Above £30,000",Not Time-Limited Priority,2025
Thomas Rosley,Poets Off The Endz - Chapter 2 Resubmission,60272,2025-10-15,October,Q3,Midlands,Nottingham,Literature,"Above £30,000",Not Time-Limited Priority,2025
Blowin a Hooley,H&W Play Development & Touring,98778,2025-10-15,October,Q3,North,Newcastle upon Tyne,Theatre,"Above £30,000",Not Time-Limited Priority,2025
Faye Claridge,We Youth: Brazilian/English Young Offenders Collaboration,41290,2025-10-15,October,Q3,Midlands,Rugby,Visual arts,"Above £30,000",Not Time-Limited Priority,2025
Independent Venue Week Ltd,IVW26 Independent Venue Week Year Y13,79613,2025-10-15,October,Q3,South East,Cheshire East,Music,"Above £30,000",Not Time-Limited Priority,2025
Suffolk County Council,Moving Minds,9980,2025-11-06,November,Q3,South East,Ipswich,Libraries,"Above £30,000",Not Time-Limited Priority,2025
Tri Tones Music,Upbeat 2026,29995,2025-11-18,November,Q3,Midlands,South Derbyshire,Music,"£30,000 and below",Not Time-Limited Priority,2025
Chie Hosaka,GAS,18474,2025-11-18,November,Q3,Midlands,Nottingham,Literature,"£30,000 and below",Not Time-Limited Priority,2025
Elevator Arts CIC,Excav8 2.0,23223,2025-11-19,November,Q3,South East,Southend-on-Sea,Digital Arts,"£30,000 and below",Not Time-Limited Priority,2025
Now Hear This Music C.I.C.,2026 - NHTM CIC,35052,2025-11-19,November,Q3,South West,North Somerset,Music,"£30,000 and below",Not Time-Limited Priority,2025
Fractured Land Collective,Truth or Folly,29405,2025-11-19,November,Q3,South East,Buckinghamshire,Combined arts,"£30,000 and below",Not Time-Limited Priority,2025
Imogen Stidworthy,"Radical Therapies, 2nd Re-Submission",24726,2025-11-19,November,Q3,North,Liverpool,Visual arts,"£30,000 and below",Not Time-Limited Priority,2025
Caroline Lucinda Celia Reyer,The Art of Becoming: Early Women Innovators and Their Journeys,17930,2025-11-19,November,Q3,London,Hounslow,Digital Arts,"£30,000 and below",Not Time-Limited Priority,2025
Corrina Abrook,The Dress of Great Expectations,19996,2025-11-19,November,Q3,South West,Portsmouth,Visual arts,"£30,000 and below",Not Time-Limited Priority,2025
The Poetry Business,Poetry Through The Library Project,25416,2025-11-19,November,Q3,North,Sheffield,Literature,"£30,000 and below",Not Time-Limited Priority,2025
Nicholas Martin Evans,Calm Amidst the Chaos,1146,2025-11-19,November,Q3,London,Hammersmith and Fulham,Music,"£30,000 and below",Not Time-Limited Priority,2025
Ian Giles,Queer Britain: Everyone Involved - Community Events and Exhibition,20064,2025-11-19,November,Q3,London,Islington,Visual arts,"£30,000 and below",Not Time-Limited Priority,2025
Oasis Children's Venture,Oasis Media Hub,29952,2025-11-19,November,Q3,London,Lambeth,Combined arts,"£30,000 and below",Not Time-Limited Priority,2025
Freedom from Torture,Write to Life,15000,2025-11-19,November,Q3,London,Islington,Literature,"£30,000 and below",Not Time-Limited Priority,2025
cabinet of living cinema,The Masked Orchestra,12726,2025-11-19,November,Q3,South West,"Bournemouth, Christchurch and Poole",Music,"£30,000 and below",Not Time-Limited Priority,2025
The Dionysus Ensemble,Resilience in Slough’s children,28894,2025-11-19,November,Q3,South East,Slough,Music,"£30,000 and below",Not Time-Limited Priority,2025
April Small,DRAGONFLY,16220,2025-11-19,November,Q3,South East,Hastings,Theatre,"£30,000 and below",Not Time-Limited Priority,2025
Clarisse Makundul,Night City at Southwark Playhouse,30000,2025-11-19,November,Q3,London,Richmond upon Thames,Theatre,"£30,000 and below",Not Time-Limited Priority,2025
Lorraine Lucas,Folkestone Songwriting Festival 2025: Wintering,35298,2025-11-19,November,Q3,South East,Folkestone and Hythe,Music,"£30,000 and below",Not Time-Limited Priority,2025
Verity Standen Projects Ltd,Everything Slips Premiere Tour,79920,2025-11-20,November,Q3,South West,Somerset,Music,"Above £30,000 - Over £30k Touring project",Not Time-Limited Priority,2025
Deadman,The Freshwater Five On Tour,40500,2025-11-20,November,Q3,South West,Isle of Wight,Theatre,"Above £30,000 - Over £30k Touring project",Not Time-Limited Priority,2025
Asif Khan,Sisters360 Touring fund 2026,49000,2025-11-20,November,Q3,London,Croydon,Theatre,"Above £30,000 - Over £30k Touring project",Not Time-Limited Priority,2025
Pilot Theatre Ltd,Noughts & Crosses 2026,168022,2025-11-20,November,Q3,North,York,Theatre,"Above £30,000 - Over £30k Touring project",Not Time-Limited Priority,2025
Frozen Light,The Ancient Oak of Baldor 4th Touring Season,70045,2025-11-20,November,Q3,South East,Norwich,Theatre,"Above £30,000 - Over £30k Touring project",Not Time-Limited Priority,2025
Music Beyond Mainstream,MBM touring & network development 2026,198935,2025-11-20,November,Q3,South West,Basingstoke and Deane,Music,"Above £30,000 - Over £30k Touring project",Not Time-Limited Priority,2025
Box Clever Theatre Company,The Hate Play- combatting extremism through theatre,84000,2025-11-20,November,Q3,Midlands,Boston,Theatre,"Above £30,000 - Over £30k Touring project",Not Time-Limited Priority,2025
John Yayen,Transplanted,5772,2025-11-26,November,Q3,South East,Cambridge,Visual arts,"£30,000 and below",Not Time-Limited Priority,2025
Malik Nashad Sharpe,The Healing Industry R+D,33100,2025-11-26,November,Q3,London,Lambeth,Dance,"£30,000 and below",Not Time-Limited Priority,2025
Emma Molony,Printed Matter(s): Nature-based experimental printmaking,12900,2025-11-26,November,Q3,South West,East Devon,Visual arts,"£30,000 and below",Not Time-Limited Priority,2025
Emily Brown,Pleasure Incorporated: Redevelopment and Touring,19298,2025-11-26,November,Q3,North,Kirklees,Theatre,"£30,000 and below",Not Time-Limited Priority,2025
Curl Girl Productions CIC,Resubmission - The Magical Adventures of Super Singh,36620,2025-11-26,November,Q3,Midlands,Sandwell,Theatre,"£30,000 and below",Not Time-Limited Priority,2025
Jake Yeboah,Diary of an ABC - Resubmission,30781,2025-11-26,November,Q3,South East,Adur,Combined arts,"£30,000 and below",Not Time-Limited Priority,2025
Francesca Baglione,Club Video Project,24702,2025-11-26,November,Q3,South East,Brighton and Hove,Combined arts,"£30,000 and below",Not Time-Limited Priority,2025
Lata Desai,Legacy of Agra Gharana,8426,2025-11-26,November,Q3,London,Croydon,Music,"£30,000 and below",Not Time-Limited Priority,2025
Stammers Matter,Stammers Matter R&D - Resubmission,30076,2025-11-26,November,Q3,Midlands,Broxtowe,Dance,"£30,000 and below",Not Time-Limited Priority,2025
Adam Kammerling,New Horizons,29910,2025-11-26,November,Q3,London,Waltham Forest,Literature,"£30,000 and below",Not Time-Limited Priority,2025
Animated Objects Community Arts Ltd.,Scarborough 400,30000,2025-11-26,November,Q3,North,North Yorkshire,Combined arts,"£30,000 and below",Not Time-Limited Priority,2025
jacksonandjune,HANDS & FEET (RESUB)- Writing/R&D of new play on erosion of democracy in Hong Kong; co-creation dev,35355,2025-11-26,November,Q3,London,Croydon,Theatre,"£30,000 and below",Not Time-Limited Priority,2025
Lighthaus Arts CIC,Grounding: Community | Collaboration | Creativity,23500,2025-11-26,November,Q3,Midlands,Warwick,Combined arts,"£30,000 and below",Not Time-Limited Priority,2025
Imogen Reeve & Co.,Mother Computer Resubmission 3,29997,2025-11-26,November,Q3,South West,Cornwall,Combined arts,"£30,000 and below",Not Time-Limited Priority,2025
New Future Collective,Doughnut & Mouth,24407,2025-11-26,November,Q3,London,Hackney,Theatre,"£30,000 and below",Not Time-Limited Priority,2025
Dominic Nelson-Ashley,POETIC SYMPHONY,12000,2025-11-26,November,Q3,North,Stockton-on-Tees,Literature,"£30,000 and below",Not Time-Limited Priority,2025
Neil Kelso,"Sounds Impossible: R+D, Production + Engagement - Resubmission",36882,2025-11-26,November,Q3,South West,Fareham,Theatre,"£30,000 and below",Not Time-Limited Priority,2025
Nicola Werenowska,R&D Theatre Adaptation in Tendring,16958,2025-11-26,November,Q3,South East,Colchester,Theatre,"£30,000 and below",Not Time-Limited Priority,2025
Helene Mathiesen,The Rain Show - A UK-Kenya collaboration for young audiences,20535,2025-11-26,November,Q3,London,Islington,Music,"£30,000 and below",Not Time-Limited Priority,2025
Fingers to the Bone Press & Youth X Mentoring CIC,Uprooting Hate - Unearthing Transformative Practice,32995,2025-11-26,November,Q3,London,Hackney,Visual arts,"£30,000 and below",Not Time-Limited Priority,2025
Metroland Culture Ltd,Community Commissions,29991,2025-12-02,December,Q3,London,Brent,Combined arts,"£30,000 and below",Not Time-Limited Priority,2025
Roberto Picciau,"An Exploration into Monotropism (workshops, exhibition, panel discussion)",10014,2025-12-02,December,Q3,North,North Tyneside,Visual arts,"£30,000 and below",Not Time-Limited Priority,2025
Yorke Dance Project,Yorke Dance Project,29806,2025-12-02,December,Q3,London,Islington,Dance,"£30,000 and below",Not Time-Limited Priority,2025
Isa Suarez,LIVING STREAMS,28720,2025-12-02,December,Q3,London,Southwark,Music,"£30,000 and below",Not Time-Limited Priority,2025
The Archibald Corbett Community Library Arts and Heritage  Centre,Corbett Community Mosaic,21980,2025-12-02,December,Q3,London,Lewisham,Libraries,"£30,000 and below",Universal Library Offers,2025
Matthew May,Joy Toy,22018,2025-12-02,December,Q3,London,Barking and Dagenham,Theatre,"£30,000 and below",Not Time-Limited Priority,2025
Angel Shed Theatre Company,Training for disabled and neurodiverse young people,25519,2025-12-02,December,Q3,London,Islington,Theatre,"£30,000 and below",Not Time-Limited Priority,2025
TILTED AXIS,Translating the Black Atlantic and the Black Pacific,30000,2025-12-02,December,Q3,London,Lambeth,Literature,"£30,000 and below",Not Time-Limited Priority,2025
MQT Productions,Resub #3 - GEORGE - UK Tour for LGBTQIA+ History Month 2026,23968,2025-12-02,December,Q3,London,Haringey,Theatre,"£30,000 and below",Not Time-Limited Priority,2025
Daryl & Co,Developing new touring networks,28464,2025-12-02,December,Q3,London,Islington,Theatre,"£30,000 and below",Not Time-Limited Priority,2025
IW Story Festival,Spread the Word,26364,2025-12-03,December,Q3,South West,Isle of Wight,Combined arts,"£30,000 and below",Not Time-Limited Priority,2025
Springs Dance Company,Jump In! 2026,27841,2025-12-03,December,Q3,South East,Mid Suffolk,Dance,"£30,000 and below",Not Time-Limited Priority,2025
Popber Lancaster Cic,Lancaster Lunar New Year Festival 2026,19500,2025-12-03,December,Q3,North,Manchester,Combined arts,"£30,000 and below",Not Time-Limited Priority,2025
The Social Agency,Everything's Possible,20383,2025-12-03,December,Q3,Midlands,Stoke-on-Trent,Theatre,"£30,000 and below",Not Time-Limited Priority,2025
Studio Go Go Limited,Paper Reindeer: a VR Swing ride co-created and run by young people in Brent,29623,2025-12-03,December,Q3,South East,Harlow,Digital Arts,"£30,000 and below",Not Time-Limited Priority,2025
Let's Go Yorkshire,Champion Sounds,26980,2025-12-03,December,Q3,North,Kirklees,Music,"£30,000 and below",Not Time-Limited Priority,2025
Cerys Duffy,Re-submission of You've Gone Quiet,29482,2025-12-03,December,Q3,South East,Brighton and Hove,Theatre,"£30,000 and below",Not Time-Limited Priority,2025
Community Mind Matters,The Rhythm Lives in Our Souls,29860,2025-12-03,December,Q3,Midlands,Leicester,Music,"£30,000 and below",Not Time-Limited Priority,2025
Jesmin Chowdhury,Ghoorni- a Disastrous Cycle,27040,2025-12-03,December,Q3,North,Manchester,Theatre,"£30,000 and below",Not Time-Limited Priority,2025
Adam Tulloch,Lived Experience Theatre - When I Was 10,29684,2025-12-03,December,Q3,Midlands,Broxtowe,Theatre,"£30,000 and below",Not Time-Limited Priority,2025
We Are Hera,In the Belly of the Beast,23135,2025-12-03,December,Q3,South East,Canterbury,Music,"£30,000 and below",Not Time-Limited Priority,2025
Dartmoor National Park Authority,Rivers and Moorland Festival,30500,2025-12-03,December,Q3,South West,Teignbridge,Combined arts,"£30,000 and below",Not Time-Limited Priority,2025
Deborah Newbold,Her Bloody Majesty R&D,22533,2025-12-03,December,Q3,North,Calderdale,Theatre,"£30,000 and below",Not Time-Limited Priority,2025
Sajida Asif,Coast Preservation,31950,2025-12-03,December,Q3,Midlands,Birmingham,Visual arts,"£30,000 and below",Not Time-Limited Priority,2025
Leicestershire Congolese Mutual Group,Amplify Youth,23750,2025-12-03,December,Q3,Midlands,Leicester,Music,"£30,000 and below",Not Time-Limited Priority,2025
Front Door Theatre,Three Little Pigs - On Your Doorstep,28679,2025-12-03,December,Q3,Midlands,Derby,Theatre,"£30,000 and below",Not Time-Limited Priority,2025
Liz Garland,Becoming Simone,28549,2025-12-03,December,Q3,South West,Wiltshire,Theatre,"£30,000 and below",Not Time-Limited Priority,2025
Open Music,Open Music - Festival Relaunch and Development,29775,2025-12-03,December,Q3,South East,Brighton and Hove,Music,"£30,000 and below",Not Time-Limited Priority,2025
Cassandra Catchpole,Winter FAF 2026,29998,2025-12-03,December,Q3,South East,Tendring,Combined arts,"£30,000 and below",Not Time-Limited Priority,2025
Aissatou Diop,AIDANCE: Testing Touring Models for Sabar & Djembe Dance,32449,2025-12-09,December,Q3,London,Tower Hamlets,Dance,"£30,000 and below",Not Time-Limited Priority,2025
The Etcetera Theatre LTD,Women Writers Festival 2026,25000,2025-12-09,December,Q3,London,Camden,Theatre,"£30,000 and below",Not Time-Limited Priority,2025
Daniel Casimir,Daniel Casimir Big Band Tour,29300,2025-12-09,December,Q3,London,Ealing,Music,"£30,000 and below",Not Time-Limited Priority,2025
Lucy Merriman,Culture Club - Printmaking Workshops,1887,2025-12-09,December,Q3,London,Hackney,Visual arts,"£30,000 and below",Not Time-Limited Priority,2025
WeJam,WeJam on Tour,29491,2025-12-09,December,Q3,London,Camden,Music,"£30,000 and below",Not Time-Limited Priority,2025
[Foreign Affairs],"Beyond Borders: Collaborating Internationally, Growing Together",29706,2025-12-09,December,Q3,London,Hackney,Theatre,"£30,000 and below",Not Time-Limited Priority,2025
Yasarah Qureshi,Rules,26850,2025-12-09,December,Q3,London,Camden,Theatre,"£30,000 and below",Not Time-Limited Priority,2025
Major Books LTD,"Treasury of Vietnamese Folk Tales: A Season of Culture Through Book, Art, and Dialogue",29586,2025-12-10,December,Q3,London,Islington,Literature,"£30,000 and below",Not Time-Limited Priority,2025
Archie Muir,The North Sea Ensemble,1465,2025-12-10,December,Q3,South East,East Suffolk,Theatre,"£30,000 and below",Not Time-Limited Priority,2025
D-Live!,3D Digital Platform,30000,2025-12-10,December,Q3,South East,Medway,Theatre,"£30,000 and below",Not Time-Limited Priority,2025
Visual Arts South West (VASW),"Sustainable, resourceful visual arts infrastructure and essential provision",25750,2025-12-10,December,Q3,South West,"Bristol, City of",Visual arts,"£30,000 and below",Not Time-Limited Priority,2025
-,-,25325,2025-12-10,December,Q3,South West,South Gloucestershire,Music,"£30,000 and below",Not Time-Limited Priority,2025
Jessica Hudsley,Light Up Ramsgate,29238,2025-12-10,December,Q3,South East,Thanet,Combined arts,"£30,000 and below",Not Time-Limited Priority,2025
DALE EDWARDS,BLUE SKY THINKING,26413,2025-12-10,December,Q3,North,Bolton,Theatre,"£30,000 and below",Not Time-Limited Priority,2025
Bridge Creative Enterprise CIC,Illuminated Futures: Equinox Lights,29780,2025-12-10,December,Q3,North,County Durham,Visual arts,"£30,000 and below",Not Time-Limited Priority,2025
St.GeorgesTheatre,Stage Adaptation of Crossing the Line,29850,2025-12-10,December,Q3,South East,Great Yarmouth,Theatre,"£30,000 and below",Not Time-Limited Priority,2025
Seonaid Weightman,LGBTQ Asylum Seeker Workshops and Audio Drama Project,31925,2025-12-10,December,Q3,London,Salford,Theatre,"£30,000 and below",Not Time-Limited Priority,2025
Fake Escape Theatre,These Cities Are A Body 3rd Resubmission,33900,2025-12-10,December,Q3,South West,Bath and North East Somerset,Theatre,"£30,000 and below",Not Time-Limited Priority,2025
The Arts Development Company,Culture Quest,30000,2025-12-10,December,Q3,South West,Dorset,Combined arts,"£30,000 and below",Not Time-Limited Priority,2025
Hattie Collins,'Mine' R&D & Oral Histories,23399,2025-12-10,December,Q3,South West,East Devon,Theatre,"£30,000 and below",Not Time-Limited Priority,2025
Sheree Mack,Practicing Creative Fugitivity,8000,2025-12-10,December,Q3,North,North Tyneside,Literature,"£30,000 and below",Not Time-Limited Priority,2025
Kathryn Buckler,Susurrus Residency & Music Installation,14907,2025-12-10,December,Q3,South West,Cornwall,Visual arts,"£30,000 and below",Not Time-Limited Priority,2025
Kathleen Gander,"RESUBMISSION: The Lost and Found Museum, Stories Salvaged from Scrap",16110,2025-12-10,December,Q3,South East,Adur,Visual arts,"£30,000 and below",Not Time-Limited Priority,2025
Hayley Davis,"Monstrous: Women, Myths and the Stories that Shape Us",29500,2025-12-10,December,Q3,Midlands,Brighton and Hove,Literature,"£30,000 and below",Not Time-Limited Priority,2025
Birmingham Jazz,Across The Boundaries,11500,2025-12-10,December,Q3,Midlands,Birmingham,Music,"£30,000 and below",Not Time-Limited Priority,2025
Cloudburst Productions ltd,Legbreakers,14880,2025-12-10,December,Q3,South East,Cheshire East,Theatre,"£30,000 and below",Not Time-Limited Priority,2025
The Imagination Museum,Resubmission - The Imagination Museum 2026: co-commissioning dance/heritage with communities,29979,2025-12-10,December,Q3,South East,Runnymede,Dance,"£30,000 and below",Not Time-Limited Priority,2025
FOAOTMAD,Gainsborough American Old Time Music Festival,1000,2025-12-10,December,Q3,Midlands,West Northamptonshire,Music,"£30,000 and below",Not Time-Limited Priority,2025
Bodies in Action Engendering Contemporary Dance CIC,Affirming Our Identity: Phase 2 (3rd Resubmission),28370,2025-12-10,December,Q3,Midlands,"Herefordshire, County of",Dance,"£30,000 and below",Not Time-Limited Priority,2025
CRESCENDORIOUS LIMITED,Gotta Get Through This,33664,2025-12-10,December,Q3,South East,Thanet,Combined arts,"£30,000 and below",Not Time-Limited Priority,2025
Forget-me-not Chorus,FMNC: Singing Stronger in Cornwall,28276,2025-12-10,December,Q3,Midlands,Cardiff,Music,"£30,000 and below",Not Time-Limited Priority,2025
HQ CAN CIC,LMC2026,30000,2025-12-10,December,Q3,Midlands,Leicester,Music,"£30,000 and below",Not Time-Limited Priority,2025
D6 Culture Ltd,Contested Desires: North East Narratives (CDNEN),29933,2025-12-10,December,Q3,North,Newcastle upon Tyne,Visual arts,"£30,000 and below",Not Time-Limited Priority,2025
Tair Rafiq,Teatime with Gale,29951,2025-12-10,December,Q3,North,Rotherham,Theatre,"£30,000 and below",Not Time-Limited Priority,2025
Tricia Durdey,Upside Down in a Hoop,14967,2025-12-10,December,Q3,Midlands,Derbyshire Dales,Dance,"£30,000 and below",Not Time-Limited Priority,2025
Nicholas Royle,Roch-Tales - a place-based community creative writing project for priority place Rochdale,12915,2025-12-11,December,Q3,North,Manchester,Literature,"£30,000 and below",Not Time-Limited Priority,2025
University College London,Graphic Scores: Using sound and art to bring together young people living with Parkinson’s,29912,2025-12-11,December,Q3,London,Camden,Combined arts,"£30,000 and below",Not Time-Limited Priority,2025
Joe Strickland,Dramaturg Department Pilot,30000,2025-12-11,December,Q3,Midlands,Nottingham,Theatre,"£30,000 and below",Not Time-Limited Priority,2025
Slime & Pies Theatre Company,Saplings (resubmission),23217,2025-12-11,December,Q3,London,Lambeth,Theatre,"£30,000 and below",Not Time-Limited Priority,2025
Tuyet Huynh,Tam Cám: Reimagining Vietnamese Folklore for the Stage,30000,2025-12-11,December,Q3,London,Hackney,Theatre,"£30,000 and below",Not Time-Limited Priority,2025
Alice Boyd,Shifting Soundscapes: A Live Listening Experience of Environmental Change,14974,2025-12-11,December,Q3,South West,Lewisham,Music,"£30,000 and below",Not Time-Limited Priority,2025
Will Jackson,Dashing - R&D - 3rd Attempt,30830,2025-12-11,December,Q3,Midlands,Birmingham,Theatre,"£30,000 and below",Not Time-Limited Priority,2025
University of Leicester School of Arts,Funny & Fearless: The Secret Life of Sue Townsend,29927,2025-12-11,December,Q3,Midlands,Leicester,Literature,"£30,000 and below",Not Time-Limited Priority,2025
Rich Rusk,Ordinary Extraordinary R+D,29900,2025-12-11,December,Q3,London,Islington,Theatre,"£30,000 and below",Not Time-Limited Priority,2025
Chris Campion,Sense Memory,39510,2025-12-11,December,Q3,London,Haringey,Theatre,"£30,000 and below",Not Time-Limited Priority,2025
Highly Sprung Performance,Physical Fellowship National,27000,2025-12-11,December,Q3,Midlands,Coventry,Combined arts,"£30,000 and below",Not Time-Limited Priority,2025
Reading Repertory Theatre,Berkshire Cultural Skills Hub,270000,2025-12-11,December,Q3,South East,Reading,Not discipline specific,"Above £30,000 - Place Partnership project",Not Time-Limited Priority,2025
Dorset Visual Arts,Dorset Visual Arts - Organisation and Network Growth and Development,22760,2025-12-15,December,Q3,South West,Dorset,Visual arts,"£30,000 and below",Not Time-Limited Priority,2025
One World Orchestra CIC,Songs of Sanctuary,18654,2025-12-15,December,Q3,South East,Brighton and Hove,Combined arts,"£30,000 and below",Not Time-Limited Priority,2025
David Hadland,Kozak,27145,2025-12-15,December,Q3,South East,Central Bedfordshire,Visual arts,"£30,000 and below",Not Time-Limited Priority,2025
Samuel Martin,MakeBeth - Development and Tour,29749,2025-12-15,December,Q3,South West,"Bristol, City of",Theatre,"£30,000 and below",Not Time-Limited Priority,2025
Big Christmas Wind Orchestra and Choir,Big Christmas and Summer Wind Orchestras,10665,2025-12-15,December,Q3,South East,Adur,Music,"£30,000 and below",Not Time-Limited Priority,2025
Britten Sinfonia,Making Waves with Music,29887,2025-12-15,December,Q3,South East,Cambridge,Music,"£30,000 and below",Not Time-Limited Priority,2025
Oriol Freixa Rafols,Rumba & Riddims: Unity in Sound from Bristol to Barcelona 2026,29999,2025-12-15,December,Q3,South West,"Bristol, City of",Music,"£30,000 and below",Not Time-Limited Priority,2025
Hastings Philharmonic Orchestra,HPO Open doors 10th Season,30000,2025-12-15,December,Q3,South East,Hastings,Music,"£30,000 and below",Not Time-Limited Priority,2025
Dylan Butler,The Carbonators - Participatory Film-making Project & Follow On Screenings,30938,2025-12-15,December,Q3,South East,Brighton and Hove,Music,"£30,000 and below",Not Time-Limited Priority,2025
Gossamer Fog,NLPG O30 Oct25,74858,2025-12-16,December,Q3,London,Lewisham,Digital Arts,"Above £30,000",Not Time-Limited Priority,2025
Feng Ling Productions,NLPG O30 Oct25,64490,2025-12-16,December,Q3,London,Haringey,Dance,"Above £30,000",Not Time-Limited Priority,2025
Suzanne Alleyne,NLPG O30 Oct25,61500,2025-12-16,December,Q3,London,Westminster,Combined arts,"Above £30,000",Not Time-Limited Priority,2025
Seke Chimutengwende,NLPG O30 Oct25,70710,2025-12-16,December,Q3,London,Haringey,Dance,"Above £30,000",Not Time-Limited Priority,2025
"Development Department, University of the Arts London",NLPG O30 Oct25,43100,2025-12-16,December,Q3,London,Camden,Visual arts,"Above £30,000",Not Time-Limited Priority,2025
Jonny Cordingley,NLPG O30 Oct25,36563,2025-12-17,December,Q3,North,Manchester,Theatre,"Above £30,000",Not Time-Limited Priority,2025
Vale and Downland Museum,NLPG O30 Oct25,100000,2025-12-17,December,Q3,South East,Vale of White Horse,Museums,"Above £30,000",Unlocking Collections,2025
National Youth Ballet,NLPG O30 Oct25,59954,2025-12-17,December,Q3,South East,Horsham,Dance,"Above £30,000",Not Time-Limited Priority,2025
Motiv8 South Ltd.,NLPG O30 Oct25,79728,2025-12-17,December,Q3,South West,Portsmouth,Combined arts,"Above £30,000",Not Time-Limited Priority,2025
DanceHubCIC,NLPG O30 Oct25,69759,2025-12-17,December,Q3,South East,Crawley,Dance,"Above £30,000",Not Time-Limited Priority,2025
Huddersfield Literature Festival,NLPG O30 Oct25,49750,2025-12-17,December,Q3,North,Kirklees,Literature,"Above £30,000",Not Time-Limited Priority,2025
Didsbury Arts Festival,NLPG O30 Oct25,33000,2025-12-17,December,Q3,North,Manchester,Combined arts,"Above £30,000",Not Time-Limited Priority,2025
AE CREATIVE HUB CIC,NLPG O30 Oct25,49995,2025-12-17,December,Q3,South East,Medway,Digital Arts,"Above £30,000",Not Time-Limited Priority,2025
Xenia Aidonopoulou,NLPG O30 Oct25,63636,2025-12-17,December,Q3,South East,North Hertfordshire,Dance,"Above £30,000",Not Time-Limited Priority,2025
The Stage Door Southampton Ltd,NLPG O30 Oct25,52483,2025-12-17,December,Q3,South West,Southampton,Theatre,"Above £30,000",Not Time-Limited Priority,2025
Oxford City Council,NLPG O30 Oct25,97940,2025-12-17,December,Q3,South East,Oxford,Dance,"Above £30,000",Not Time-Limited Priority,2025
SoMi Academy CIC,NLPG O30 Oct25,39368,2025-12-17,December,Q3,North,Blackburn with Darwen,Music,"Above £30,000",Not Time-Limited Priority,2025
Comics Cultural Impact Collective,NLPG O30 Oct25,37000,2025-12-17,December,Q3,North,Unknown,Literature,"Above £30,000",Not Time-Limited Priority,2025
Caroline Jester,Kidderminster Writes,21974,2025-12-17,December,Q3,Midlands,Wyre Forest,Theatre,"£30,000 and below",Not Time-Limited Priority,2025
Natalie Reckert,Songs for an Unwritten Sky,23146,2025-12-17,December,Q3,London,Islington,Combined arts,"£30,000 and below",Not Time-Limited Priority,2025
Dam Van Huynh,Resubmission - Poster for Peace Completion,30000,2025-12-17,December,Q3,London,Tower Hamlets,Dance,"£30,000 and below",Not Time-Limited Priority,2025
Martin Gooding,Not a Musical,29476,2025-12-17,December,Q3,Midlands,Stoke-on-Trent,Theatre,"£30,000 and below",Not Time-Limited Priority,2025
Taylor Made Arts,Co-creation Mablethorpe (Water safety),12500,2025-12-17,December,Q3,Midlands,West Lindsey,Theatre,"£30,000 and below",Not Time-Limited Priority,2025
Lost Cause,A Roaring Boy,23320,2025-12-17,December,Q3,Midlands,"Herefordshire, County of",Theatre,"£30,000 and below",Not Time-Limited Priority,2025
Cut Moose,Tales of Hilldrop Crescent,11692,2025-12-17,December,Q3,London,Islington,Theatre,"£30,000 and below",Not Time-Limited Priority,2025
Surge Forward Music and Arts CIC,Surge Series 2026,27550,2025-12-17,December,Q3,Midlands,Shropshire,Music,"£30,000 and below",Not Time-Limited Priority,2025
World Book Day,World Book Day in Communities,39698,2025-12-17,December,Q3,London,Westminster,Literature,"£30,000 and below",Not Time-Limited Priority,2025
The Hale,The Hale - Organisational Development 2025-2026,36920,2025-12-17,December,Q3,London,Haringey,Theatre,"£30,000 and below",Not Time-Limited Priority,2025
Greenwich Foundation for the Old Royal Naval College,Cornwallis Cloth Community Project,26645,2025-12-17,December,Q3,London,Greenwich,Visual arts,"£30,000 and below",Not Time-Limited Priority,2025
Sense of Locality,Upside-Down London: A Camera Obscura for Wellbeing,36754,2025-12-17,December,Q3,London,Enfield,Visual arts,"£30,000 and below",Not Time-Limited Priority,2025
Imogen Cahill,Chronic Craft Club,28174,2025-12-17,December,Q3,London,Bromley,Visual arts,"£30,000 and below",Not Time-Limited Priority,2025
Veaceslav Cebotari,WOW Time Show,26875,2025-12-17,December,Q3,London,Redbridge,Theatre,"£30,000 and below",Not Time-Limited Priority,2025
Alisha Miller,Women On The Move,28745,2025-12-17,December,Q3,Midlands,Nuneaton and Bedworth,Visual arts,"£30,000 and below",Not Time-Limited Priority,2025
Royal College of Nursing Library and Museum,A Balikbayan Box for Nursing,15150,2025-12-17,December,Q3,London,Westminster,Visual arts,"£30,000 and below",Not Time-Limited Priority,2025
omer Necmi Cavli,Hubble Bubble Sound Bazaar: refugee youth music studio at Settlement & Band on the Wall day festival,24625,2025-12-17,December,Q3,North,Salford,Combined arts,"£30,000 and below",Not Time-Limited Priority,2025
Victoria Cantons,A Formula for How to Find Love - public programme/new work for solo show at NPO Mimosa House,13383,2025-12-17,December,Q3,London,Kensington and Chelsea,Literature,"£30,000 and below",Not Time-Limited Priority,2025
Ella Dorton,"Give Us Bread, But Give Us Roses",29850,2025-12-17,December,Q3,North,Newcastle upon Tyne,Visual arts,"£30,000 and below",Not Time-Limited Priority,2025
Leeds Library and Information Service,Leeds Storytelling Festival 2026,29555,2025-12-17,December,Q3,North,Leeds,Libraries,"£30,000 and below",Universal Library Offers,2025
Caitlin Barnett,"Even the Devil has Demons Small Tour (Swindon, Basildon, Thurrock) + Regional YP CPD Engagement",32384,2025-12-17,December,Q3,London,Lambeth,Dance,"£30,000 and below",Not Time-Limited Priority,2025
Pierre Bureau,Watney Market: Stories in Focus,12000,2025-12-17,December,Q3,London,Tower Hamlets,Combined arts,"£30,000 and below",Not Time-Limited Priority,2025
Laura Atherton,"R&D of Spring, a new writing play about fertility difficulties and climate anxiety",15558,2025-12-17,December,Q3,London,Wigan,Theatre,"£30,000 and below",Not Time-Limited Priority,2025
Orchestra of the Swan,Symphony of the Harmony of Celestial Revelations,30000,2025-12-17,December,Q3,Midlands,Warwick,Visual arts,"£30,000 and below",Not Time-Limited Priority,2025
The OHMI Trust,OHMI Strategic Review 2025,10000,2025-12-17,December,Q3,Midlands,Birmingham,Music,"£30,000 and below",Not Time-Limited Priority,2025
Inua Ellams,The ESEA RAP Parties,25309,2025-12-17,December,Q3,London,Lewisham,Literature,"£30,000 and below",Not Time-Limited Priority,2025
Hikapee,NLPG O30 Nov25,67300,2025-12-17,December,Q3,South East,Epsom and Ewell,Theatre,"Above £30,000",Not Time-Limited Priority,2025
Laura Grillo,'What Would Jarvis Do?' Theatre Show,26531,2025-12-18,December,Q3,London,Ealing,Theatre,"£30,000 and below",Not Time-Limited Priority,2025
Mahshidossadat Alavizadeh,Torang,17490,2025-12-18,December,Q3,North,Leeds,Dance,"£30,000 and below",Not Time-Limited Priority,2025
Skills Development Training,Together in Rhythm,24080,2025-12-18,December,Q3,London,Lambeth,Music,"£30,000 and below",Not Time-Limited Priority,2025
Theatre Royal Masterclass Trust,TheatreCraft Next Generation & TheatreCraft at the Big Bang,30000,2025-12-18,December,Q3,London,Camden,Theatre,"£30,000 and below",Not Time-Limited Priority,2025
Michelle Stannard,"Access, Arts and Adventures 2026",33821,2025-12-18,December,Q3,South East,Derby,Combined arts,"£30,000 and below",Not Time-Limited Priority,2025
Absolute Return for Kids (Ark),Co-creating quality theatre with children,29783,2025-12-18,December,Q3,London,Hammersmith and Fulham,Theatre,"£30,000 and below",Not Time-Limited Priority,2025
Benoit Granier,City That Shaped Us: Coventry,22060,2025-12-18,December,Q3,Midlands,Birmingham,Combined arts,"£30,000 and below",Not Time-Limited Priority,2025
Molly Bonnell,Tele Hill Arts Club,21006,2025-12-18,December,Q3,London,Southwark,Visual arts,"£30,000 and below",Not Time-Limited Priority,2025
Evva Mizerska,Zemlinsky Trio - British Chamber Voices,5500,2025-12-18,December,Q3,London,Haringey,Music,"£30,000 and below",Not Time-Limited Priority,2025
Prathiba Batley,Dirty Secrets: Honour and Shame,30000,2025-12-18,December,Q3,North,Kirklees,Combined arts,"£30,000 and below",Not Time-Limited Priority,2025
English Symphony Orchestra,ESO Developing new partners & new programmes 2026,29990,2025-12-18,December,Q3,Midlands,Worcester,Music,"£30,000 and below",Not Time-Limited Priority,2025
VoiceChoice,Operation Operatic,25175,2025-12-18,December,Q3,Midlands,Nottingham,Music,"£30,000 and below",Not Time-Limited Priority,2025
RAWD CIO,"Don't Call Us, We'll Call You: Development of RAWD Rep Company, Production & Launch Tour",41159,2025-12-18,December,Q3,North,Liverpool,Theatre,"£30,000 and below",Not Time-Limited Priority,2025
Milli-Rose RUBIN,Crossword Lyric,18140,2025-12-18,December,Q3,London,Camden,Music,"£30,000 and below",Not Time-Limited Priority,2025
Eduardo Arcelus,I Dream of Rabbits: Performance R&D on HIV denial,33059,2025-12-18,December,Q3,London,Southwark,Theatre,"£30,000 and below",Not Time-Limited Priority,2025
Hannah Regel,Completing my second poetry collection,8400,2025-12-18,December,Q3,London,Tower Hamlets,Literature,"£30,000 and below",Not Time-Limited Priority,2025
Kings Place Music Foundation,Renell Shaw Residency at Kings Place,25000,2025-12-18,December,Q3,London,Islington,Music,"£30,000 and below",Not Time-Limited Priority,2025
Break-Thru Productions,The Cold Room,25000,2025-12-18,December,Q3,London,Southwark,Theatre,"£30,000 and below",Not Time-Limited Priority,2025
The Ivors Academy Trust,Composing To Visuals,12372,2025-12-18,December,Q3,London,Westminster,Music,"£30,000 and below",Not Time-Limited Priority,2025
Se19DanceProject CIC,Mission Earth,23336,2025-12-18,December,Q3,London,Bromley,Dance,"£30,000 and below",Not Time-Limited Priority,2025
Frances Moore Fahey,Funeral Sandwiches 2026,25559,2025-12-18,December,Q3,London,Hackney,Theatre,"£30,000 and below",Not Time-Limited Priority,2025
Rory Studio CIC,Signs Alive Festival,48987,2025-12-18,December,Q3,North,Newcastle upon Tyne,Combined arts,"£30,000 and below",Not Time-Limited Priority,2025
Seyi Adelekun,Well Keepers,18160,2025-12-18,December,Q3,London,Camden,Dance,"£30,000 and below",Not Time-Limited Priority,2025
enJOY arts,"Tits, Bits and Other Stories: Creatively Exploring Women's Health",18350,2025-12-18,December,Q3,North,Stockport,Theatre,"£30,000 and below",Not Time-Limited Priority,2025
Mark Ashmore,Terms & Conditions Regional Tour,30771,2025-12-18,December,Q3,Midlands,Amber Valley,Theatre,"£30,000 and below",Not Time-Limited Priority,2025
Matthew Randall,"Chasing Icarus, Phase Two",29950,2025-12-18,December,Q3,London,Lewisham,Theatre,"£30,000 and below",Not Time-Limited Priority,2025
Estella Lamy,Illuminations,32300,2025-12-18,December,Q3,London,Redbridge,Theatre,"£30,000 and below",Not Time-Limited Priority,2025
Alexis Shiolou,SMOKE,25548,2025-12-18,December,Q3,London,Brent,Theatre,"£30,000 and below",Not Time-Limited Priority,2025
Anthony Donnelly,Illuminate: Nottingham / Light Painting Workshops for Nottingham Schools,12990,2025-12-18,December,Q3,Midlands,Broxtowe,Visual arts,"£30,000 and below",Not Time-Limited Priority,2025
Alice Chambers,Creativity & Healing: co-creation with SV survivors to make a sensory installation & zine (2),29875,2025-12-18,December,Q3,Midlands,Birmingham,Combined arts,"£30,000 and below",Not Time-Limited Priority,2025
Pippa Cleary,Treasure Island Cast Recording & Workshop,9950,2025-12-18,December,Q3,London,Islington,Theatre,"£30,000 and below",Not Time-Limited Priority,2025
Northern Rascals CIC,Sunny Side: Spring 2026 Northern Priority Tour,31568,2025-12-18,December,Q3,North,Calderdale,Dance,"£30,000 and below",Not Time-Limited Priority,2025
Rosetta Life,Learn from Us Tour,145250,2025-12-18,December,Q3,South East,West Oxfordshire,Not discipline specific,"Above £30,000 - Over £30k Touring project",Not Time-Limited Priority,2025
Arthur's Club,Stories from the Island Tour (Resubmission),67373,2025-12-18,December,Q3,South West,Cornwall,Theatre,"Above £30,000 - Over £30k Touring project",Not Time-Limited Priority,2025
Gabrieli,Gabrieli Roar: Vivaldi Gloria tour,50000,2025-12-18,December,Q3,London,Islington,Music,"Above £30,000 - Over £30k Touring project",Not Time-Limited Priority,2025
Mary Mazzilli,Lightstreams - 2026 Tour,44446,2025-12-18,December,Q3,South East,Colchester,Theatre,"Above £30,000 - Over £30k Touring project",Not Time-Limited Priority,2025
Happy Accidents CIC,The Horsham Childrens Parade Project 2026,19422,2025-12-19,December,Q3,South East,Horsham,Combined arts,"£30,000 and below",Not Time-Limited Priority,2025
Callington Community Arts,Callington Spring,18500,2025-12-19,December,Q3,South West,Cornwall,Combined arts,"£30,000 and below",Not Time-Limited Priority,2025
Tom Marshman,Queer Working Lives,28130,2025-12-19,December,Q3,South West,North Somerset,Literature,"£30,000 and below",Not Time-Limited Priority,2025
Gareth Tomlinson,Constellations,34448,2025-12-19,December,Q3,South East,Thanet,Theatre,"£30,000 and below",Not Time-Limited Priority,2025
Simon Tarrant,"Magical Realms: Nature, Myth & Imagination",5000,2025-12-19,December,Q3,South West,Winchester,Visual arts,"£30,000 and below",Not Time-Limited Priority,2025
Reading Borough Council,Rabbit on the Run,30000,2025-12-19,December,Q3,South East,Reading,Theatre,"£30,000 and below",Universal Library Offers,2025
Confidance Limited,Give Me Space,36150,2025-12-19,December,Q3,South East,Folkestone and Hythe,Dance,"£30,000 and below",Not Time-Limited Priority,2025
Aphra Shemza Limited,shemza.digital - Roots,21900,2025-12-19,December,Q3,South East,Eastbourne,Visual arts,"£30,000 and below",Not Time-Limited Priority,2025
Chew Valley Performing Arts,The Chew Valley Hoard 2026,29970,2025-12-19,December,Q3,South West,North Somerset,Theatre,"£30,000 and below",Unlocking Collections,2025
Roustabout Theatre,The Circulating Library R&D,29994,2025-12-19,December,Q3,South West,"Bristol, City of",Theatre,"£30,000 and below",Not Time-Limited Priority,2025
Linton Children's Book Festival,Linton Children's Book Festival 2026,8000,2025-12-19,December,Q3,South East,South Cambridgeshire,Literature,"£30,000 and below",Not Time-Limited Priority,2025
Viv Gordon Company,Restless Album,28450,2025-12-19,December,Q3,South West,South Gloucestershire,Music,"£30,000 and below",Not Time-Limited Priority,2025
Age UK Wiltshire,Creative Conversations,30000,2025-12-19,December,Q3,South West,Wiltshire,Combined arts,"£30,000 and below",Not Time-Limited Priority,2025
Alexander Davies,People of Dover,20000,2025-12-19,December,Q3,South East,Folkestone and Hythe,Visual arts,"£30,000 and below",Not Time-Limited Priority,2025
Action Hero,R+D for participatory multi-discipline work The Orchestra’s Guide to the Young Person,12970,2025-12-19,December,Q3,South West,South Gloucestershire,Music,"£30,000 and below",Not Time-Limited Priority,2025
Doors Open CIC,Unlocked Artists,23500,2026-01-06,January,Q4,London,Hackney,Music,"£30,000 and below",Not Time-Limited Priority,2026
Kineret Lourie,Conversations with AI Series 2,29032,2026-01-06,January,Q4,London,Lewisham,Digital Arts,"£30,000 and below",Not Time-Limited Priority,2026
Seán Butler,The Spectacular (Tour),19961,2026-01-06,January,Q4,London,Hackney,Theatre,"£30,000 and below",Not Time-Limited Priority,2026
Halfpace Theatre,NLPG O30 Oct25,53490,2026-01-06,January,Q4,London,Islington,Theatre,"Above £30,000",Not Time-Limited Priority,2026
Hannah Ferguson,NLPG O30 Oct25,78040,2026-01-06,January,Q4,London,Greenwich,Music,"Above £30,000",Not Time-Limited Priority,2026
susan lok,NLPG O30 Oct25,55000,2026-01-06,January,Q4,London,Waltham Forest,Visual arts,"Above £30,000",Not Time-Limited Priority,2026
Happy Valley Pride,NLPG O30 Oct25,43826,2026-01-07,January,Q4,North,Calderdale,Combined arts,"Above £30,000",Not Time-Limited Priority,2026
Tiny and Tall Productions Ltd,NLPG O30 Oct25,54222,2026-01-07,January,Q4,South West,"Bristol, City of",Theatre,"Above £30,000",Not Time-Limited Priority,2026
AmberSide Trust,NLPG O30 Oct25,50000,2026-01-07,January,Q4,North,Newcastle upon Tyne,Visual arts,"Above £30,000",Unlocking Collections,2026
The Engine Room,NLPG O30 Oct25,62000,2026-01-07,January,Q4,North,Wigan,Theatre,"Above £30,000",Not Time-Limited Priority,2026
Stephen Kirby,NLPG O30 Oct25,46705,2026-01-07,January,Q4,North,North Yorkshire,Music,"Above £30,000",Not Time-Limited Priority,2026
TeesDance,NLPG O30 Oct25,105000,2026-01-07,January,Q4,North,Stockton-on-Tees,Dance,"Above £30,000",Not Time-Limited Priority,2026
RivelinCo Creative,NLPG O30 Oct25,95145,2026-01-07,January,Q4,North,Sheffield,Combined arts,"Above £30,000",Not Time-Limited Priority,2026
Kirklees Libraries,NLPG O30 Oct25,86310,2026-01-07,January,Q4,North,Kirklees,Libraries,"Above £30,000",Universal Library Offers,2026
Chaos Arts CIC,NLPG O30 Oct25,50000,2026-01-07,January,Q4,North,Liverpool,Dance,"Above £30,000",Not Time-Limited Priority,2026
Hyndburn Cultural Investment Board,NLPG O30 Oct25,59515,2026-01-07,January,Q4,North,Hyndburn,Combined arts,"Above £30,000",Not Time-Limited Priority,2026
multi story theatre company,NLPG O30 Oct25,75058,2026-01-07,January,Q4,South West,North Devon,Theatre,"Above £30,000",Not Time-Limited Priority,2026
Actively SeeK.I.N.G...,NLPG O30 Oct25,78343,2026-01-07,January,Q4,London,Newham,Theatre,"Above £30,000",Not Time-Limited Priority,2026
Hear Me Out,NLPG O30 Oct25,60000,2026-01-07,January,Q4,London,Tower Hamlets,Music,"Above £30,000",Not Time-Limited Priority,2026
The Gate Theatre Company Ltd,NLPG O30 Oct25,59942,2026-01-07,January,Q4,London,Islington,Theatre,"Above £30,000",Not Time-Limited Priority,2026
Manchester City Of Literature,NLPG O30 Oct25,89980,2026-01-07,January,Q4,North,Manchester,Literature,"Above £30,000",Not Time-Limited Priority,2026
The Conscious Sisters CIC,NLPG O30 Oct25,64490,2026-01-07,January,Q4,South West,Plymouth,Visual arts,"Above £30,000",Not Time-Limited Priority,2026
Jamie Holman,Factory Floor,24170,2026-01-07,January,Q4,North,Blackburn with Darwen,Combined arts,"£30,000 and below",Unlocking Collections,2026
Chetham's School of Music,Stoller Story Sounds in Greater Manchester,30000,2026-01-07,January,Q4,North,Manchester,Music,"£30,000 and below",Not Time-Limited Priority,2026
INK FESTIVAL,INK Festival 2026,30000,2026-01-07,January,Q4,South East,East Suffolk,Theatre,"£30,000 and below",Not Time-Limited Priority,2026
Charlotte Spencer Projects,"Listening Furniture creation, access testing & initial presentations Re-Submission",15000,2026-01-07,January,Q4,South East,Brighton and Hove,Visual arts,"£30,000 and below",Not Time-Limited Priority,2026
Matthew Fowler,Welcome to the Neuroverse,16225,2026-01-07,January,Q4,Midlands,Derby,Literature,"£30,000 and below",Not Time-Limited Priority,2026
Cara Macwilliam,A multi-disciplinary installation with access at its core,43697,2026-01-07,January,Q4,North,Manchester,Visual arts,"£30,000 and below",Not Time-Limited Priority,2026
Rebecca Evans,Field/Zhèn: Research and Development,20413,2026-01-07,January,Q4,South West,Waltham Forest,Dance,"£30,000 and below",Not Time-Limited Priority,2026
Danielle Radway,To Be Seen: Danielle Radway Solo Exhibition 2026 (resubmission),17258,2026-01-07,January,Q4,Midlands,Birmingham,Visual arts,"£30,000 and below",Not Time-Limited Priority,2026
Thomas Kaniok,Mud Makes The Revivalists,14324,2026-01-07,January,Q4,South West,Cornwall,Visual arts,"£30,000 and below",Not Time-Limited Priority,2026
jas singh,Cognitive Distortion - R&D - Resubmission,32077,2026-01-07,January,Q4,Midlands,Leicester,Visual arts,"£30,000 and below",Not Time-Limited Priority,2026
Aarian Mehrabani,How's Your Head?,33699,2026-01-07,January,Q4,North,Cheshire East,Theatre,"£30,000 and below",Not Time-Limited Priority,2026
Kathryn Fox,Neurodiversity Creative Writing Workshops,17885,2026-01-07,January,Q4,North,North Tyneside,Literature,"£30,000 and below",Not Time-Limited Priority,2026
Tiffany Holland,Overgrown: Artist Development,29890,2026-01-07,January,Q4,Midlands,Gedling,Music,"£30,000 and below",Not Time-Limited Priority,2026
All Saints Church,Illuminate 2026,30000,2026-01-07,January,Q4,Midlands,West Lindsey,Combined arts,"£30,000 and below",Not Time-Limited Priority,2026
Alex Ho,Tangram x Live Comedy: REMIX,7000,2026-01-07,January,Q4,South East,Nottingham,Music,"£30,000 and below",Not Time-Limited Priority,2026
The Hinrichsen Foundation CIO,The Living Music Trust,10450,2026-01-07,January,Q4,South East,Reading,Music,"£30,000 and below",Not Time-Limited Priority,2026
Claque Theatre,The Migrants Journey,28000,2026-01-07,January,Q4,South East,Tunbridge Wells,Theatre,"£30,000 and below",Not Time-Limited Priority,2026
Lurid Editions,"Publishing, Audience Engagement and Development",28681,2026-01-07,January,Q4,South West,"Bristol, City of",Literature,"£30,000 and below",Not Time-Limited Priority,2026
Geoffrey David Henckel,"MODZ2 - environment responsive, Interactive and improvised sonic journeys",28906,2026-01-07,January,Q4,London,Southwark,Visual arts,"£30,000 and below",Not Time-Limited Priority,2026
Bethany Kapila,Ugly Opera,32120,2026-01-07,January,Q4,Midlands,Birmingham,Music,"£30,000 and below",Not Time-Limited Priority,2026
Jodie Cole,Feel the Beat Tour 2026,45401,2026-01-07,January,Q4,South East,Thanet,Dance,"£30,000 and below",Not Time-Limited Priority,2026
Lichfield Festival,Hidden Depths - Intergenerational Relationship Building,28681,2026-01-07,January,Q4,Midlands,Lichfield,Visual arts,"£30,000 and below",Not Time-Limited Priority,2026
Mike McGrother,An Infinite Hercules,27500,2026-01-07,January,Q4,North,Stockton-on-Tees,Music,"£30,000 and below",Not Time-Limited Priority,2026
DeNada Dance Theatre,Development Stage— Queer Dance Adaptation of Edward II with YP in Barnsley,31251,2026-01-07,January,Q4,North,Leeds,Dance,"£30,000 and below",Not Time-Limited Priority,2026
Simona Gibejova,Health is a Privilege,24704,2026-01-07,January,Q4,London,Barnet,Theatre,"£30,000 and below",Not Time-Limited Priority,2026
South Oxfordshire District Council,Southern Oxfordshire Culture & Creativity: Building Capacity for People and Place,30000,2026-01-07,January,Q4,South East,Vale of White Horse,Combined arts,"£30,000 and below",Not Time-Limited Priority,2026
Good Chance Theatre,A Grain of Sand,29652,2026-01-07,January,Q4,London,Tower Hamlets,Theatre,"£30,000 and below",Not Time-Limited Priority,2026
Sudden Productions,St Basils Pop Up Theatre 2026,9000,2026-01-07,January,Q4,Midlands,Birmingham,Theatre,"£30,000 and below",Not Time-Limited Priority,2026
Emma-Louise Howell,Lie In It,20855,2026-01-07,January,Q4,Midlands,South Holland,Theatre,"£30,000 and below",Not Time-Limited Priority,2026
Adam York Gregory,Balance (submission 2),12300,2026-01-07,January,Q4,North,Lancaster,Visual arts,"£30,000 and below",Not Time-Limited Priority,2026
Common Clay CIC,Common Clay Community Programme 2026-27,26240,2026-01-07,January,Q4,South East,Rother,Visual arts,"£30,000 and below",Not Time-Limited Priority,2026
TABB Creative ltd,Arts at the Heart,30000,2026-01-07,January,Q4,London,Harrow,Combined arts,"£30,000 and below",Not Time-Limited Priority,2026
surdce dance collective,Peperuda - a rain prayer,29214,2026-01-07,January,Q4,South East,Epping Forest,Dance,"£30,000 and below",Not Time-Limited Priority,2026
Feral Productions,NLPG O30 Oct25,81680,2026-01-08,January,Q4,Midlands,"Herefordshire, County of",Theatre,"Above £30,000",Not Time-Limited Priority,2026
Linden Dance Company CIC,NLPG O30 Oct25,55216,2026-01-08,January,Q4,Midlands,Birmingham,Dance,"Above £30,000",Not Time-Limited Priority,2026
Escape Arts,NLPG O30 Oct25,98711,2026-01-08,January,Q4,Midlands,Stratford-on-Avon,Not discipline specific,"Above £30,000",Not Time-Limited Priority,2026
Chronically ill Artists Network CIC,NLPG O30 Oct25,115755,2026-01-08,January,Q4,Midlands,Nottingham,Combined arts,"Above £30,000",Not Time-Limited Priority,2026
Bad Betty Press Limited,NLPG O30 Oct25,79247,2026-01-08,January,Q4,Midlands,Nottingham,Literature,"Above £30,000",Not Time-Limited Priority,2026
Centrala CIC,NLPG O30 Oct25,100000,2026-01-09,January,Q4,Midlands,Birmingham,Visual arts,"Above £30,000",Not Time-Limited Priority,2026
Derby Book Festival,NLPG O30 Oct25,67420,2026-01-09,January,Q4,Midlands,Derby,Literature,"Above £30,000",Not Time-Limited Priority,2026
Compass Dance,NLPG O30 Oct25,87674,2026-01-09,January,Q4,South East,Norwich,Dance,"Above £30,000",Not Time-Limited Priority,2026
Pedestrian Limited,NLPG O30 Oct25,78640,2026-01-09,January,Q4,Midlands,Leicester,Literature,"Above £30,000",Not Time-Limited Priority,2026
Little Green Pig,NLPG O30 Oct25,39684,2026-01-09,January,Q4,South East,Brighton and Hove,Literature,"Above £30,000",Not Time-Limited Priority,2026
Peterborough Sings!,NLPG O30 Oct25,38650,2026-01-09,January,Q4,South East,Peterborough,Music,"Above £30,000",Not Time-Limited Priority,2026
Lauren McCrostie,NLPG O30 Oct25,37936,2026-01-09,January,Q4,South East,Brighton and Hove,Theatre,"Above £30,000",Not Time-Limited Priority,2026
Charlie Mulliner,Obituary,8000,2026-01-13,January,Q4,London,Waltham Forest,Theatre,"£30,000 and below",Not Time-Limited Priority,2026
Kealy Whenray,Found Momentum R&D,18360,2026-01-13,January,Q4,South West,Dorset,Dance,"£30,000 and below",Not Time-Limited Priority,2026
Lavrak Circus,Shift to Producing Organisation and Circus Commissions,21543,2026-01-13,January,Q4,South West,"Bristol, City of",Theatre,"£30,000 and below",Not Time-Limited Priority,2026
Conor Dumbrell,'Sum of Our Parts': A devised promenade theatre piece about nationwide closure of community centres,33956,2026-01-13,January,Q4,London,Lambeth,Theatre,"£30,000 and below",Not Time-Limited Priority,2026
Gayle Chong Kwan,The Ancestral Fridge Project (resubmission),29551,2026-01-13,January,Q4,London,Waltham Forest,Digital Arts,"£30,000 and below",Not Time-Limited Priority,2026
Prodigal Theatre,"Kean, Lawrence, Legacy and Dance",28500,2026-01-13,January,Q4,South West,Cornwall,Theatre,"£30,000 and below",Not Time-Limited Priority,2026
Openstorytellers,In Camera,30560,2026-01-13,January,Q4,South West,Somerset,Visual arts,"£30,000 and below",Not Time-Limited Priority,2026
Royal West of England Academy,Dance Out,29559,2026-01-13,January,Q4,South West,"Bristol, City of",Dance,"£30,000 and below",Not Time-Limited Priority,2026
Olivia Norris,"England, North America and European tour of TESTO: Acclaimed Solo Show from Wet Mess.",36682,2026-01-13,January,Q4,London,Hackney,Theatre,"£30,000 and below",Not Time-Limited Priority,2026
Royal Northern College of Music,RNCM Children's Opera,16100,2026-01-13,January,Q4,North,Manchester,Music,"£30,000 and below",Not Time-Limited Priority,2026
Adrian Varela,Trio Uruguay Music Workshops 1,3573,2026-01-13,January,Q4,London,Lewisham,Music,"£30,000 and below",Not Time-Limited Priority,2026
Nii Parkes,The Violinists of Vienna,13691,2026-01-13,January,Q4,London,Lewisham,Literature,"£30,000 and below",Not Time-Limited Priority,2026
Haringey Shed,Showcase (Haringey Shed 25 years),29736,2026-01-13,January,Q4,London,Haringey,Combined arts,"£30,000 and below",Not Time-Limited Priority,2026
Sound Communities,Ocean Youth,29700,2026-01-13,January,Q4,South West,Torbay,Music,"£30,000 and below",Not Time-Limited Priority,2026
Felix Mufti-Wright,"Goths, Mings and Scruffs",29090,2026-01-14,January,Q4,North,Liverpool,Literature,"£30,000 and below",Not Time-Limited Priority,2026
The Hub Arts Limited,Creative Incubator Tendring,25449,2026-01-14,January,Q4,South East,Tendring,Not discipline specific,"£30,000 and below",Not Time-Limited Priority,2026
Chiltern Arts,ListenUp: Inspiring a new generation of audiences,7785,2026-01-14,January,Q4,South East,Dacorum,Music,"£30,000 and below",Not Time-Limited Priority,2026
Kendal Pride,Kendal Pride 2026,30800,2026-01-14,January,Q4,North,Westmorland and Furness,Combined arts,"£30,000 and below",Not Time-Limited Priority,2026
HH Productions,R&D (test-show) - Cachés: clé à Dalí (Hidden: key to Dalí),30000,2026-01-14,January,Q4,London,Southwark,Theatre,"£30,000 and below",Not Time-Limited Priority,2026
James House,Space Between,14762,2026-01-14,January,Q4,North,Wakefield,Combined arts,"£30,000 and below",Not Time-Limited Priority,2026
liam gillies,An Absurdist Play Set On A Boat Research and Development,18000,2026-01-14,January,Q4,North,Liverpool,Theatre,"£30,000 and below",Not Time-Limited Priority,2026
anna tennant,Take a walk with me,26771,2026-01-14,January,Q4,North,North Yorkshire,Visual arts,"£30,000 and below",Not Time-Limited Priority,2026
Nick of Time Productions Ltd,Ukraine Unbroken,9500,2026-01-14,January,Q4,London,Westminster,Theatre,"£30,000 and below",Not Time-Limited Priority,2026
Mengting Zhuo,Still Noise,19915,2026-01-14,January,Q4,London,Hackney,Theatre,"£30,000 and below",Not Time-Limited Priority,2026
Steven Kasamba,Echoes of the Ancestors: Reawakening Memory & Wellness Through African Arts in Care,26258,2026-01-14,January,Q4,London,Hounslow,Combined arts,"£30,000 and below",Not Time-Limited Priority,2026
Kate Golledge,MISS MOORE THOUGHT OTHERWISE library & public spaces tour,26850,2026-01-14,January,Q4,South East,Hastings,Theatre,"£30,000 and below",Not Time-Limited Priority,2026
Alison Ray,TUPAC Hip Hop Opera R & D,31049,2026-01-14,January,Q4,London,Central Bedfordshire,Dance,"£30,000 and below",Not Time-Limited Priority,2026
Darren Henderson,Moving Imaginations: Clay Animation Workshops for Morecambe Youth,2883,2026-01-14,January,Q4,North,Lancaster,Visual arts,"£30,000 and below",Not Time-Limited Priority,2026
Hastings Traditional Jack in the Green,Hastings Traditional Jack In The Green 2026,30000,2026-01-14,January,Q4,South East,Hastings,Dance,"£30,000 and below",Not Time-Limited Priority,2026
Make & Mend Company,Make & Mend Festival 2026,28756,2026-01-14,January,Q4,North,Hartlepool,Visual arts,"£30,000 and below",Not Time-Limited Priority,2026
Mrs Bakers Medway Theatre Company Ltd,Sarah's Story,11333,2026-01-14,January,Q4,South East,Medway,Theatre,"£30,000 and below",Not Time-Limited Priority,2026
Sonia Hughes,"Lady Marmalade, Research & Development",34085,2026-01-14,January,Q4,North,Kirklees,Theatre,"£30,000 and below",Not Time-Limited Priority,2026
Mudar Al-Khufash,Resubmission - Dialectics of Erasure,30906,2026-01-14,January,Q4,London,Islington,Theatre,"£30,000 and below",Not Time-Limited Priority,2026
Mariana Edurne Sequera Dorronsoro,Home and Away,5829,2026-01-14,January,Q4,North,Liverpool,Combined arts,"£30,000 and below",Not Time-Limited Priority,2026
Molly and Mango,Molly and Mango - Children's Makaton and Speech Support,26000,2026-01-14,January,Q4,South East,Bedford,Music,"£30,000 and below",Not Time-Limited Priority,2026
Claire Gebbett,Resubmission: R&D Project - Centring Disability in the East Anglian Arts Landscape,33898,2026-01-14,January,Q4,South East,Norwich,Visual arts,"£30,000 and below",Not Time-Limited Priority,2026
Edward Thompson,Apocalypse Remix,21088,2026-01-14,January,Q4,North,Leeds,Digital Arts,"£30,000 and below",Not Time-Limited Priority,2026
Deborah Hanna,Young People And Folk Music,16673,2026-01-14,January,Q4,South East,South Cambridgeshire,Music,"£30,000 and below",Not Time-Limited Priority,2026
Grzegorz Stefanski,No Bad Parts 2,14250,2026-01-14,January,Q4,London,Islington,Visual arts,"£30,000 and below",Not Time-Limited Priority,2026
HealthProm,Open Doors Project,20000,2026-01-14,January,Q4,London,Islington,Combined arts,"£30,000 and below",Not Time-Limited Priority,2026
SCANLON ARTS LTD,Attachment Theory,24856,2026-01-14,January,Q4,London,Haringey,Theatre,"£30,000 and below",Not Time-Limited Priority,2026
S.H.A.C.E (SIMON-HARTMAN ACADEMY OF CREATIVE EXCELLENCE) CIC,Transnational Threads - International Collaboration in Carnival Arts,29975,2026-01-14,January,Q4,South East,Luton,Combined arts,"£30,000 and below",Not Time-Limited Priority,2026
Amy Morvell,Resubmission 3: The Difference a Year Makes & Community Co-Creation,20738,2026-01-14,January,Q4,South East,Worthing,Dance,"£30,000 and below",Not Time-Limited Priority,2026
Debra Cowey,A Day in My Shoes,9200,2026-01-14,January,Q4,North,Gateshead,Literature,"£30,000 and below",Not Time-Limited Priority,2026
Michaela Cisarikova,Tractor Time!: community co-creation and tour,30569,2026-01-14,January,Q4,South East,Folkestone and Hythe,Dance,"£30,000 and below",Not Time-Limited Priority,2026
Finn Morrell,Temper Theatre: “LANDSLIDE” R&D,30000,2026-01-14,January,Q4,South East,East Cambridgeshire,Theatre,"£30,000 and below",Not Time-Limited Priority,2026
Gerrard Martin,"Ascension: an exploration of grief, vulnerability and care.",26699,2026-01-15,January,Q4,Midlands,West Northamptonshire,Dance,"£30,000 and below",Not Time-Limited Priority,2026
Land and Leaf Collective Community Interest Company,Common Ground,27000,2026-01-15,January,Q4,Midlands,Lincoln,Visual arts,"£30,000 and below",Not Time-Limited Priority,2026
andrew dawson,the Bridge,29980,2026-01-15,January,Q4,Midlands,Mansfield,Combined arts,"£30,000 and below",Not Time-Limited Priority,2026
Alicia Gardener-Trejo,Home/Lands Tour,13771,2026-01-15,January,Q4,Midlands,Birmingham,Music,"£30,000 and below",Not Time-Limited Priority,2026
Daniel Lovatt,In the National Interest: Building community resilience against racism in Stoke-on-Trent,6263,2026-01-15,January,Q4,Midlands,Newcastle-under-Lyme,Theatre,"£30,000 and below",Not Time-Limited Priority,2026
Laura Ryder,The King Who Banned The Dark - R&D,20900,2026-01-15,January,Q4,Midlands,Erewash,Theatre,"£30,000 and below",Not Time-Limited Priority,2026
Dance Ascension CIC,Ascension - Company Development and Sustainablity.,28185,2026-01-15,January,Q4,Midlands,Coventry,Dance,"£30,000 and below",Not Time-Limited Priority,2026
Tori Drew,Move To Be Moved,26096,2026-01-15,January,Q4,Midlands,Dudley,Dance,"£30,000 and below",Not Time-Limited Priority,2026
Pardip Bhamrah,Sounds of the DES,3100,2026-01-15,January,Q4,Midlands,Solihull,Music,"£30,000 and below",Not Time-Limited Priority,2026
International Agatha Christie Festival,Agatha Christie Festival Learning Programme for Torbay Young People,29000,2026-01-19,January,Q4,South West,Torbay,Literature,"£30,000 and below",Not Time-Limited Priority,2026
FREESTYLE PERFORMING ARTS CIC,SEN Musical Theatre Pilot Scheme,16226,2026-01-19,January,Q4,South East,Tendring,Theatre,"£30,000 and below",Not Time-Limited Priority,2026
Katy Dye,Climate Grief Karaoke: Development + Outreach Phase,2250,2026-01-19,January,Q4,South East,Sevenoaks,Theatre,"£30,000 and below",Not Time-Limited Priority,2026
OffPiste Theatre,RANK - Theatre Tour,2921,2026-01-19,January,Q4,South West,Dorset,Theatre,"£30,000 and below",Not Time-Limited Priority,2026
Erica Grajner de Sá,‘Harmonic Journeys’ workshops linked to Classical music concert in Milton Keynes,9248,2026-01-19,January,Q4,South East,Central Bedfordshire,Music,"£30,000 and below",Not Time-Limited Priority,2026
Statuscreativecic,The Unity Project,26711,2026-01-19,January,Q4,South East,East Suffolk,Music,"£30,000 and below",Not Time-Limited Priority,2026
Alexander Merritt,Alex Merritt Quartet Tour- Improvising with Ecology for Inclusivity,13346,2026-01-19,January,Q4,London,"Bristol, City of",Music,"£30,000 and below",Not Time-Limited Priority,2026
Circa69 Ltd,Electric Dreaming AI Lab Development,29962,2026-01-19,January,Q4,South East,Brighton and Hove,Digital Arts,"£30,000 and below",Not Time-Limited Priority,2026
Natalie Thomas,In The Deep R&D,23358,2026-01-19,January,Q4,South East,Tonbridge and Malling,Theatre,"£30,000 and below",Not Time-Limited Priority,2026
Penned Up,Penned Up 2026: Stability and expansion through partnerships,27000,2026-01-19,January,Q4,South West,Wiltshire,Literature,"£30,000 and below",Not Time-Limited Priority,2026
Bandamonium Brass Band,Bandamonium 2026,17825,2026-01-19,January,Q4,South West,West Devon,Music,"£30,000 and below",Not Time-Limited Priority,2026
Rhys Williams,Everyone juggle,6000,2026-01-19,January,Q4,South West,Forest of Dean,Visual arts,"£30,000 and below",Not Time-Limited Priority,2026
Sam Massey,Beyond the Hills and Valleys - Steps to Success,18992,2026-01-19,January,Q4,South West,West Devon,Music,"£30,000 and below",Not Time-Limited Priority,2026
Divya Kasturi Company,MargaM 2nd Phase - a VR dance experience,30598,2026-01-19,January,Q4,South East,Stevenage,Dance,"£30,000 and below",Not Time-Limited Priority,2026
Tyresse Hare,In The Frame,19800,2026-01-19,January,Q4,South East,North Hertfordshire,Dance,"£30,000 and below",Not Time-Limited Priority,2026
Cerys Bradley,Queer Tales for Autistic Folk - Resubmission,19775,2026-01-20,January,Q4,London,Brent,Theatre,"£30,000 and below",Not Time-Limited Priority,2026
michael lord,The HeartShapes,7450,2026-01-20,January,Q4,London,Merton,Literature,"£30,000 and below",Not Time-Limited Priority,2026
emma + pj,The Shivers - UK National Tour,22554,2026-01-20,January,Q4,London,Camden,Theatre,"£30,000 and below",Not Time-Limited Priority,2026
Umi Ishihara,Nocturnal Melody,10000,2026-01-20,January,Q4,London,Greenwich,Visual arts,"£30,000 and below",Not Time-Limited Priority,2026
Julia Turpin,9a Projects Research & Development,12800,2026-01-20,January,Q4,North,Calderdale,Visual arts,"£30,000 and below",Not Time-Limited Priority,2026
Tim doyle,Chiminyo leverages NRG to launch a Young Musicians Development Programme,27100,2026-01-20,January,Q4,London,Haringey,Music,"£30,000 and below",Not Time-Limited Priority,2026
Quirk Theatre CIC,NLPG O30 Oct25,48004,2026-01-20,January,Q4,South West,Exeter,Theatre,"Above £30,000",Not Time-Limited Priority,2026
o-region,NLPG O30 Oct25,61921,2026-01-20,January,Q4,South West,Cornwall,Theatre,"Above £30,000",Not Time-Limited Priority,2026
Upfest,NLPG O30 Oct25,73000,2026-01-20,January,Q4,South West,"Bristol, City of",Visual arts,"Above £30,000",Not Time-Limited Priority,2026
Tom MacAndrew,Deptford Literature Festival 2026,31636,2026-01-20,January,Q4,London,Waltham Forest,Literature,"£30,000 and below",Not Time-Limited Priority,2026
In The Making CIC,NLPG O30 Oct25,45107,2026-01-20,January,Q4,London,Tower Hamlets,Music,"Above £30,000",Not Time-Limited Priority,2026
CRIPtic CIC,NLPG O30 Oct25,217989,2026-01-20,January,Q4,London,Lewisham,Theatre,"Above £30,000",Not Time-Limited Priority,2026
Theatre Royal & Royal Concert Hall Nottingham,NLPG O30 Oct25,99500,2026-01-20,January,Q4,Midlands,Nottingham,Theatre,"Above £30,000",Not Time-Limited Priority,2026
Lyra Bristol Poetry,NLPG O30 Oct25,46733,2026-01-20,January,Q4,South West,"Bristol, City of",Literature,"Above £30,000",Not Time-Limited Priority,2026
Koro Productions Ltd,NLPG O30 Oct25,47500,2026-01-20,January,Q4,London,Islington,Theatre,"Above £30,000",Not Time-Limited Priority,2026
Diverse Artists network,NLPG O30 Oct25,65250,2026-01-20,January,Q4,South West,"Bristol, City of",Not discipline specific,"Above £30,000",Not Time-Limited Priority,2026
Myrtle Theatre Company,NLPG O30 Oct25,71546,2026-01-20,January,Q4,South West,"Bristol, City of",Theatre,"Above £30,000",Not Time-Limited Priority,2026
SPUD,NLPG O30 Oct25,65000,2026-01-20,January,Q4,South West,New Forest,Combined arts,"Above £30,000",Not Time-Limited Priority,2026
Living Song CIC,Emerge,32700,2026-01-20,January,Q4,South East,Tower Hamlets,Music,"£30,000 and below",Not Time-Limited Priority,2026
BookTastic Network CIC,The Reading Spark: Delivering Transformative Creative Reading Experiences to Young People at Scale,24150,2026-01-21,January,Q4,South East,Bedford,Literature,"£30,000 and below",Not Time-Limited Priority,2026
Mukul and Ghetto Tigers,Cable Street - Resubmission: new theatre & new perspectives for touring (CS),26333,2026-01-21,January,Q4,London,Newham,Theatre,"£30,000 and below",Not Time-Limited Priority,2026
WingedChariot,Space Chariot R&D 2026,29500,2026-01-21,January,Q4,London,Harrow,Literature,"£30,000 and below",Not Time-Limited Priority,2026
St Michael's Hospice,Good Grief Hastings 2026,30000,2026-01-21,January,Q4,South East,Hastings,Combined arts,"£30,000 and below",Not Time-Limited Priority,2026
Skylight Circus Arts,Circus Routes,30595,2026-01-21,January,Q4,North,Rochdale,Theatre,"£30,000 and below",Not Time-Limited Priority,2026
Polite Rebellion,Polite Rebellion Organisational Development,39480,2026-01-21,January,Q4,North,Leeds,Not discipline specific,"£30,000 and below",Not Time-Limited Priority,2026
Croydon Makers & Creators,Together We Create,31224,2026-01-21,January,Q4,London,Croydon,Combined arts,"£30,000 and below",Not Time-Limited Priority,2026
Not a Duck Productions,Not a Duck Productions & Hart Gables Outreach Workshops,2001,2026-01-21,January,Q4,North,Hartlepool,Theatre,"£30,000 and below",Not Time-Limited Priority,2026
Enfield Libraries,Enfield Libraries - community outdoor spaces garden project,25000,2026-01-21,January,Q4,London,Enfield,Libraries,"£30,000 and below",Universal Library Offers,2026
The HandleBards,Macbeth Schools Tour,9950,2026-01-21,January,Q4,North,Wigan,Theatre,"£30,000 and below",Not Time-Limited Priority,2026
TiME Technology in Music Education,Discover Careers in Music Tech!,25900,2026-01-21,January,Q4,South East,Spelthorne,Music,"£30,000 and below",Not Time-Limited Priority,2026
Broken Grey Wires Arts CIC,Broken Grey Wires - disability arts,28650,2026-01-21,January,Q4,North,Wigan,Visual arts,"£30,000 and below",Not Time-Limited Priority,2026
Audrey Cook,Bus Stop Goths - Tour 2026,25850,2026-01-21,January,Q4,North,Redcar and Cleveland,Theatre,"£30,000 and below",Not Time-Limited Priority,2026
Banner Repeater,"Meeting The Lough On It's Own Terms exhibition, live performance and talks programme",15828,2026-01-21,January,Q4,London,Hackney,Visual arts,"£30,000 and below",Not Time-Limited Priority,2026
Stephen Fletcher,Beyond the Setback R&D,30330,2026-01-21,January,Q4,London,Lewisham,Theatre,"£30,000 and below",Not Time-Limited Priority,2026
Become United,BAME Womens Art Project,27500,2026-01-21,January,Q4,North,Rochdale,Visual arts,"£30,000 and below",Not Time-Limited Priority,2026
Carnival Cabaret,Bridging Culture Through Carnival,17500,2026-01-21,January,Q4,London,Hillingdon,Combined arts,"£30,000 and below",Not Time-Limited Priority,2026
TOMORROWS LEADERS NORTH EAST CIC,HISTORY REIMAGINED,14300,2026-01-21,January,Q4,North,Stockton-on-Tees,Combined arts,"£30,000 and below",Not Time-Limited Priority,2026
Angela Allaway,Legendary Creatures,31223,2026-01-21,January,Q4,North,Northumberland,Visual arts,"£30,000 and below",Not Time-Limited Priority,2026
Rcreatives,RCREATIVES ONLINE READS + LAB,13890,2026-01-21,January,Q4,London,Tower Hamlets,Theatre,"£30,000 and below",Not Time-Limited Priority,2026
Francesco Strocchi,The Blue Wall-dron project (working title),19903,2026-01-21,January,Q4,London,Lewisham,Visual arts,"£30,000 and below",Not Time-Limited Priority,2026
Hertfordshire Library Service,NLPG O30 Oct25,87695,2026-01-21,January,Q4,South East,Welwyn Hatfield,Libraries,"Above £30,000",Universal Library Offers,2026
Daisy (Disability Arts in Surrey),NLPG O30 Oct25,73615,2026-01-21,January,Q4,South East,Reigate and Banstead,Visual arts,"Above £30,000",Not Time-Limited Priority,2026
Stoke-on-Trent Festival,NLPG O30 Oct25,96000,2026-01-21,January,Q4,Midlands,Stoke-on-Trent,Music,"Above £30,000",Not Time-Limited Priority,2026
Sasolo Arts and Development,NLPG O30 Oct25,43168,2026-01-21,January,Q4,Midlands,Warwick,Combined arts,"Above £30,000",Not Time-Limited Priority,2026
ARTS TRUST Productions,NLPG O30 Oct25,70000,2026-01-21,January,Q4,South East,Tendring,Combined arts,"Above £30,000",Not Time-Limited Priority,2026
Stryx,NLPG O30 Oct25,109438,2026-01-21,January,Q4,Midlands,Birmingham,Visual arts,"Above £30,000",Not Time-Limited Priority,2026
Tit for Tat Circus Ltd,NLPG O30 Oct25,62694,2026-01-21,January,Q4,South West,Eastbourne,Theatre,"Above £30,000",Not Time-Limited Priority,2026
Mark Grist,NLPG O30 Oct25,49475,2026-01-21,January,Q4,South East,Peterborough,Literature,"Above £30,000",Not Time-Limited Priority,2026
Hannah Conway,NLPG O30 Oct25,90000,2026-01-21,January,Q4,South East,Cambridge,Music,"Above £30,000",Not Time-Limited Priority,2026
Coventry University,NLPG O30 Oct25,49573,2026-01-21,January,Q4,Midlands,Coventry,Digital Arts,"Above £30,000",Not Time-Limited Priority,2026
Without Shape Without Form,NLPG O30 Oct25,47261,2026-01-21,January,Q4,South East,Slough,Combined arts,"Above £30,000",Not Time-Limited Priority,2026
Angela Nielsen,Angel Bear Magic,2553,2026-01-21,January,Q4,London,Hammersmith and Fulham,Literature,"£30,000 and below",Not Time-Limited Priority,2026
Elgar Festival,NLPG O30 Nov25,74726,2026-01-21,January,Q4,Midlands,Worcester,Music,"Above £30,000",Not Time-Limited Priority,2026
Susan Jamieson,Raising The Wreck Revisited,30000,2026-01-21,January,Q4,North,Calderdale,Theatre,"£30,000 and below",Not Time-Limited Priority,2026
Emily Ryalls,Barnsley Photo Festival,25592,2026-01-21,January,Q4,North,Wakefield,Visual arts,"£30,000 and below",Not Time-Limited Priority,2026
Katherine Hurley,RESUBMISSION 2: R&D Playing Pricey,26450,2026-01-21,January,Q4,London,Croydon,Theatre,"£30,000 and below",Not Time-Limited Priority,2026
Jean-Loup Pinson,A Moment of Deathlessness (Emily Dickinson R&D),14526,2026-01-21,January,Q4,London,Greenwich,Music,"£30,000 and below",Not Time-Limited Priority,2026
Bradford Active Dance,Bradford Active Dance - Cultural Steps Programme,29555,2026-01-21,January,Q4,North,Bradford,Dance,"£30,000 and below",Not Time-Limited Priority,2026
Dearne Culture Trust,Wath Community Festival,2000,2026-01-21,January,Q4,North,Rotherham,Combined arts,"£30,000 and below",Not Time-Limited Priority,2026
Gravesham Arts Salon,Gravesham Fringe Festival 2026,30000,2026-01-21,January,Q4,South East,Swale,Combined arts,"£30,000 and below",Not Time-Limited Priority,2026
Terraza Producciones,_JEEZUS!_ Scaling Latinx Queer Musical Theatre to Mid-Scale UK Touring,29684,2026-01-21,January,Q4,London,Southwark,Theatre,"£30,000 and below",Not Time-Limited Priority,2026
Jackdaw Media Limited,Shuggy Boats,19634,2026-01-21,January,Q4,North,Newcastle upon Tyne,Theatre,"£30,000 and below",Not Time-Limited Priority,2026
Amy Lever,Lost Girl,27950,2026-01-21,January,Q4,North,Trafford,Theatre,"£30,000 and below",Not Time-Limited Priority,2026
Paddy Gervers,Jonny & The Baptists’ Detective Agency: Development & preview tour of musical comedy play for childr,25691,2026-01-21,January,Q4,North,Sefton,Theatre,"£30,000 and below",Not Time-Limited Priority,2026
Victor Esses,Resubmission: Rage Trip R&D + Launch,28742,2026-01-21,January,Q4,London,Islington,Visual arts,"£30,000 and below",Not Time-Limited Priority,2026
English Chamber Orchestra,Seeds of Hope Calderdale 26,21470,2026-01-21,January,Q4,London,Westminster,Music,"£30,000 and below",Not Time-Limited Priority,2026
Danielle Henry,Full,14397,2026-01-21,January,Q4,North,Manchester,Theatre,"£30,000 and below",Not Time-Limited Priority,2026
Moving Art Management,MAM 10,28530,2026-01-21,January,Q4,North,North Tyneside,Dance,"£30,000 and below",Not Time-Limited Priority,2026
Joe Mallalieu,RUM: Regional Tour 2026,30679,2026-01-21,January,Q4,North,Stockport,Theatre,"£30,000 and below",Not Time-Limited Priority,2026
Quest Music Services,Disability Access to Urban Beats,27454,2026-01-21,January,Q4,South East,Thurrock,Music,"£30,000 and below",Not Time-Limited Priority,2026
formidAbility,"formidAbility Organisational Development: strategy, systems, stability, stand out rebrand & website",35939,2026-01-22,January,Q4,Midlands,Birmingham,Music,"£30,000 and below",Not Time-Limited Priority,2026
Birmingham Gay Symphony Orchestra,"BGSO Spring Concert 2026 - Ney Rosauro Marimba Concerto No. 1, Sibelius Symphony No. 2 in D Major",1350,2026-01-22,January,Q4,Midlands,Birmingham,Music,"£30,000 and below",Not Time-Limited Priority,2026
Karen Wicks,Out of The Box,15142,2026-01-22,January,Q4,Midlands,Tamworth,Visual arts,"£30,000 and below",Not Time-Limited Priority,2026
Jason Hall,Queering the Waterways: Artist Boat Residencies - R&D Phase 1 (October 2025 resubmission),29557,2026-01-22,January,Q4,Midlands,Nottingham,Combined arts,"£30,000 and below",Not Time-Limited Priority,2026
Patrick Toms,Full of Gas R&D,18798,2026-01-22,January,Q4,South East,Tendring,Theatre,"£30,000 and below",Not Time-Limited Priority,2026
Can't Sit Still,A Summer of Socks 2026,30231,2026-01-22,January,Q4,South West,South Gloucestershire,Theatre,"£30,000 and below",Not Time-Limited Priority,2026
Ian Billings,EUREKA!!!,28400,2026-01-22,January,Q4,Midlands,Wolverhampton,Literature,"£30,000 and below",Not Time-Limited Priority,2026
James Trevelyan,Chase R&D,12836,2026-01-22,January,Q4,Midlands,Birmingham,Theatre,"£30,000 and below",Not Time-Limited Priority,2026
Swindon Culture Collective CIC,Magic Swindon,600000,2026-01-26,January,Q4,South West,Swindon,Not discipline specific,"Above £30,000 - Place Partnership project",Not Time-Limited Priority,2026
o-region,White Horse Tour,81312,2026-01-27,January,Q4,South West,Cornwall,Theatre,"Above £30,000 - Over £30k Touring project",Not Time-Limited Priority,2026
John Webb,Fire Fire (Tour - Spring Summer 2026),55509,2026-01-27,January,Q4,South East,Thurrock,Theatre,"Above £30,000 - Over £30k Touring project",Not Time-Limited Priority,2026
Greenwich+Docklands Festivals,Global Streets 2026-2029,1306756,2026-01-27,January,Q4,London,Greenwich,Combined arts,"Above £30,000 - Over £30k Touring project",Not Time-Limited Priority,2026
Jenni Lewin-Turner,"ENTANGLED COORDINATES (Phase 3) “This Is New Brighton"" Co-Created Theatre",36515,2026-01-28,January,Q4,South East,Brighton and Hove,Theatre,"£30,000 and below",Not Time-Limited Priority,2026
Hannah Johper,Would You Rather?,16800,2026-01-28,January,Q4,Midlands,Mansfield,Theatre,"£30,000 and below",Not Time-Limited Priority,2026
Debbie Armour,Burd Ellen - Album 4,7650,2026-01-28,January,Q4,Midlands,Ashfield,Music,"£30,000 and below",Not Time-Limited Priority,2026
Jonathan Kaufman,Stag,27355,2026-01-28,January,Q4,London,Croydon,Theatre,"£30,000 and below",Not Time-Limited Priority,2026
Ross Millard,Sunderland Sunniside Nights,30000,2026-01-28,January,Q4,North,Newcastle upon Tyne,Combined arts,"£30,000 and below",Not Time-Limited Priority,2026
Charlotte Klein,Charli Taft Presents ULTRA: A UK–Korea Cross-Cultural R&B Performance Project,9100,2026-01-28,January,Q4,North,Knowsley,Music,"£30,000 and below",Not Time-Limited Priority,2026
Maria Pavledis,Jacket Women Exhibition,19811,2026-01-28,January,Q4,South East,Norwich,Visual arts,"£30,000 and below",Unlocking Collections,2026
Aaron Simmonds,R+D Aaron Simmonds: Death,16600,2026-01-28,January,Q4,London,Harrow,Theatre,"£30,000 and below",Not Time-Limited Priority,2026
Divija Venkatesha Melally,One Foot/ A Dance,29523,2026-01-28,January,Q4,South West,"Bristol, City of",Dance,"£30,000 and below",Not Time-Limited Priority,2026
hilary jack,Expandin practice for solo exhibiton,12000,2026-01-28,January,Q4,North,Cheshire East,Visual arts,"£30,000 and below",Not Time-Limited Priority,2026
Clara Pais,Creative Lab Colchester,15594,2026-01-28,January,Q4,South East,Colchester,Combined arts,"£30,000 and below",Not Time-Limited Priority,2026
Louise Wildish,Create & Connect,31800,2026-01-28,January,Q4,Midlands,Rushcliffe,Theatre,"£30,000 and below",Not Time-Limited Priority,2026
Riverside Dance,These Stories We Tell,32550,2026-01-28,January,Q4,Midlands,Worcester,Dance,"£30,000 and below",Not Time-Limited Priority,2026
Carl Conway-Davis,The Things We Leave Behind,27000,2026-01-28,January,Q4,North,"Kingston upon Hull, City of",Combined arts,"£30,000 and below",Not Time-Limited Priority,2026
MWCREATIVES,The Producing Haus,14734,2026-01-28,January,Q4,North,North East Lincolnshire,Combined arts,"£30,000 and below",Not Time-Limited Priority,2026
Vinicius Salles,Residency for the Development of Immersive Ethics and Audience Agency for a New Show Rotten Meat at,13800,2026-01-28,January,Q4,London,Croydon,Theatre,"£30,000 and below",Not Time-Limited Priority,2026
Niche Artefact,Niche Artefact 2026,29943,2026-01-28,January,Q4,Midlands,Broxtowe,Combined arts,"£30,000 and below",Not Time-Limited Priority,2026
Frank Wurzinger,Don't Worry Be Happy,28708,2026-01-28,January,Q4,London,Haringey,Theatre,"£30,000 and below",Not Time-Limited Priority,2026
Ruth Spencer,Wanna Dance? Developing Our Dances,29994,2026-01-28,January,Q4,North,Cheshire West and Chester,Dance,"£30,000 and below",Not Time-Limited Priority,2026
Emile Clarke,Adventures in Hidden History,30000,2026-01-28,January,Q4,South West,Bath and North East Somerset,Combined arts,"£30,000 and below",Not Time-Limited Priority,2026
Space to Dream Gallery,Space to Dream Gallery: Empowering Young Artists aged 5-16,30000,2026-01-28,January,Q4,London,Lambeth,Visual arts,"£30,000 and below",Not Time-Limited Priority,2026
Theatre503 Ltd,Land Writes,16660,2026-01-28,January,Q4,London,Wandsworth,Theatre,"£30,000 and below",Not Time-Limited Priority,2026
Flotsam Sessions,"Flotsam Sessions: Community, Performance, Leadership.",30900,2026-01-28,January,Q4,London,Newham,Music,"£30,000 and below",Not Time-Limited Priority,2026
Deal Music and Arts Limited,Deal Festival 2026,30000,2026-01-28,January,Q4,South East,Dover,Music,"£30,000 and below",Not Time-Limited Priority,2026
Abram Wilson Foundation for Creative Arts,RESUBMISSION Future Sound Music Education Programme 2026,30000,2026-01-28,January,Q4,North,Manchester,Music,"£30,000 and below",Not Time-Limited Priority,2026
WeAreCalatheaCIC,Level Up Calathea,30073,2026-01-28,January,Q4,Midlands,Birmingham,Theatre,"£30,000 and below",Not Time-Limited Priority,2026
We Are Not Saints,Change The Record,29512,2026-01-28,January,Q4,South East,Brighton and Hove,Music,"£30,000 and below",Not Time-Limited Priority,2026
Company Scheherazade,CROWN 2026,30229,2026-01-28,January,Q4,South West,South Hams,Dance,"£30,000 and below",Not Time-Limited Priority,2026
Mary Yelling,The Mary Yelling Songwriters' Incubator,20682,2026-01-28,January,Q4,South East,Tonbridge and Malling,Music,"£30,000 and below",Not Time-Limited Priority,2026
Newark Book Festival,Celebrate 10,31250,2026-01-28,January,Q4,Midlands,Newark and Sherwood,Combined arts,"£30,000 and below",Not Time-Limited Priority,2026
Joni-Rae Carrack,Pluck,4916,2026-01-28,January,Q4,South East,Brighton and Hove,Theatre,"£30,000 and below",Not Time-Limited Priority,2026
Ripon Theatre Festival,Ripon Theatre Festival 2026,22500,2026-01-28,January,Q4,North,North Yorkshire,Theatre,"£30,000 and below",Not Time-Limited Priority,2026
My Dog Sighs Limited,My Dog Sighs Treasure Hunt 2026,30000,2026-01-28,January,Q4,South West,Portsmouth,Visual arts,"£30,000 and below",Not Time-Limited Priority,2026
Community Music Cooperative CIC,Sanctuary in Song: Participatory Music for Critical Care,24530,2026-01-28,January,Q4,North,Manchester,Music,"£30,000 and below",Not Time-Limited Priority,2026
Ensemble Reza,Ensemble Reza School Programme 2026,30000,2026-01-28,January,Q4,South East,Mid Sussex,Music,"£30,000 and below",Not Time-Limited Priority,2026
Adedayo Adegbite-Sanusi,State of the Art: The Art of Storytelling,20300,2026-01-28,January,Q4,London,Hackney,Combined arts,"£30,000 and below",Not Time-Limited Priority,2026
Amy Wells,Collective Collab (Creative Development Programme),34167,2026-01-28,January,Q4,South East,Lewes,Combined arts,"£30,000 and below",Not Time-Limited Priority,2026
Blue Abyss Productions,BEN(d)S - R&D,38741,2026-01-28,January,Q4,South West,"Bournemouth, Christchurch and Poole",Theatre,"£30,000 and below",Not Time-Limited Priority,2026
Pete Letanka,Seven Dimensions of Hope,24350,2026-01-28,January,Q4,South East,St Albans,Music,"£30,000 and below",Not Time-Limited Priority,2026
Ribble Rivers Trust,Reading the River,29512,2026-01-28,January,Q4,North,Ribble Valley,Literature,"£30,000 and below",Not Time-Limited Priority,2026
Samuel Burt,Cultural Strings,19940,2026-01-28,January,Q4,North,County Durham,Music,"£30,000 and below",Not Time-Limited Priority,2026
Max Wallis,NLPG O30 Oct25,60000,2026-01-28,January,Q4,North,Chorley,Literature,"Above £30,000",Not Time-Limited Priority,2026
Hammond House Ltd,NLPG O30 Oct25,58940,2026-01-28,January,Q4,North,North East Lincolnshire,Literature,"Above £30,000",Not Time-Limited Priority,2026
Tees Music Alliance,NLPG O30 Oct25,39639,2026-01-28,January,Q4,North,Stockton-on-Tees,Music,"Above £30,000",Not Time-Limited Priority,2026
WigLe Dance CIC,NLPG O30 Oct25,45000,2026-01-28,January,Q4,North,Wigan,Dance,"Above £30,000",Not Time-Limited Priority,2026
Nuneaton & Bedworth Borough Council,Giant Dreams,750000,2026-01-30,January,Q4,Midlands,Nuneaton and Bedworth,Combined arts,"Above £30,000 - Major Project",Not Time-Limited Priority,2026
Artworx,Bridging The Water Art Project,13026,2026-02-03,February,Q4,South West,Fareham,Visual arts,"£30,000 and below",Not Time-Limited Priority,2026
Brigitte Voutsa,NLPG O30 Oct25,85953,2026-02-03,February,Q4,South East,Thanet,Combined arts,"Above £30,000",Not Time-Limited Priority,2026
The Barns Lamledra CIC,NLPG O30 Nov25,69252,2026-02-03,February,Q4,South West,Cornwall,Theatre,"Above £30,000",Not Time-Limited Priority,2026
JAM,NLPG O30 Nov25,42000,2026-02-03,February,Q4,South East,Ashford,Combined arts,"Above £30,000",Not Time-Limited Priority,2026
Gursimran Singh Saki,"Desi Futurism:Making Space, Nurturing Next-Gen, & Advancing Asian Representation in South West (SW)",29500,2026-02-03,February,Q4,South West,"Bristol, City of",Music,"£30,000 and below",Not Time-Limited Priority,2026
Acrobatic Adventures CIC,Mother Deer Tour,26981,2026-02-03,February,Q4,South West,Bath and North East Somerset,Theatre,"£30,000 and below",Not Time-Limited Priority,2026
Tewkesbury Museum CIO,"RRR (Rationalise, Rivers, Reach)",19389,2026-02-03,February,Q4,South West,Tewkesbury,Museums,"£30,000 and below",Unlocking Collections,2026
Geraldine Garner,The Visitor R&D,3407,2026-02-03,February,Q4,South West,Havant,Theatre,"£30,000 and below",Not Time-Limited Priority,2026
Katie Lusby,Creative Rise Cornwall,27451,2026-02-03,February,Q4,South West,Cornwall,Theatre,"£30,000 and below",Not Time-Limited Priority,2026
Julia Mosley,‘Ghosts - the Virtuoso Voices of those as yet unheard',17650,2026-02-04,February,Q4,Midlands,Stoke-on-Trent,Music,"£30,000 and below",Not Time-Limited Priority,2026
Mohit Mathur,Are You Even Indian?,19128,2026-02-04,February,Q4,London,Lambeth,Theatre,"£30,000 and below",Not Time-Limited Priority,2026
Roxanne de Bastion,Here Lies Human - album research & development with Tony Visconti mentorship,11000,2026-02-04,February,Q4,London,Haringey,Music,"£30,000 and below",Not Time-Limited Priority,2026
Kathryn McGarr,Stardust,31421,2026-02-04,February,Q4,London,Croydon,Theatre,"£30,000 and below",Not Time-Limited Priority,2026
James Lee Brown,Shoveit! Studio's,25975,2026-02-04,February,Q4,North,Wakefield,Music,"£30,000 and below",Not Time-Limited Priority,2026
Kate Cooper,The Farm: Workshops and Rehearsals with Gypsy and Traveller Communities,23866,2026-02-04,February,Q4,South East,Chelmsford,Theatre,"£30,000 and below",Not Time-Limited Priority,2026
Oonagh Pennington-Wilson,MYTH TODAY: ECHOES,13493,2026-02-04,February,Q4,Midlands,Birmingham,Combined arts,"£30,000 and below",Not Time-Limited Priority,2026
Knowsley Library Service,"Knowsley Literature Festival—celebrating reading, writing & creativity for all ages",26131,2026-02-04,February,Q4,North,Knowsley,Literature,"£30,000 and below",Universal Library Offers,2026
Pocket Of Light Theatre Company,Untitled Doug Lucie Play (R&D),19828,2026-02-04,February,Q4,South East,Brighton and Hove,Theatre,"£30,000 and below",Not Time-Limited Priority,2026
Emily Moore,Another Sky 2026 season,32000,2026-02-04,February,Q4,London,Lewisham,Music,"£30,000 and below",Not Time-Limited Priority,2026
Katharine Collins,A Nightmare is Witchwork,29381,2026-02-04,February,Q4,North,Manchester,Theatre,"£30,000 and below",Not Time-Limited Priority,2026
Stanwell Events,Stanwell Events Festival of Arts,25000,2026-02-04,February,Q4,South East,Spelthorne,Combined arts,"£30,000 and below",Not Time-Limited Priority,2026
Head2Head Theatre,The Myths of Greece,18572,2026-02-04,February,Q4,South East,Tandridge,Theatre,"£30,000 and below",Not Time-Limited Priority,2026
Roxana Gibescu,Archival Silences: Paul Neagu’s British Uncatalogued Archives and Diasporic Narratives,9850,2026-02-04,February,Q4,South East,Darlington,Museums,"£30,000 and below",Unlocking Collections,2026
Insaafi CIC,Rukhsati play and Community Workshops,15000,2026-02-04,February,Q4,London,Westminster,Theatre,"£30,000 and below",Not Time-Limited Priority,2026
201 Dance Company,Pride in Motion: LGBTQ+ Immersive Dance Production and Youth Workshop programme,27313,2026-02-04,February,Q4,South East,Brighton and Hove,Dance,"£30,000 and below",Not Time-Limited Priority,2026
Andreea Padurariu,Ariadne,24390,2026-02-04,February,Q4,London,Islington,Theatre,"£30,000 and below",Not Time-Limited Priority,2026
High Barnet Chamber Music Festival,High Barnet Chamber Music Festival 2026,2000,2026-02-04,February,Q4,London,Barnet,Music,"£30,000 and below",Not Time-Limited Priority,2026
Gemma Smith,MAM R&D (resubmission),24447,2026-02-04,February,Q4,North,Doncaster,Theatre,"£30,000 and below",Not Time-Limited Priority,2026
Hocus Pocus Theatre CIC,Over the Moon - Hospital Programme Lift Off,32000,2026-02-04,February,Q4,South East,Great Yarmouth,Theatre,"£30,000 and below",Not Time-Limited Priority,2026
Ensonglopedia,Co-creation with disabled & neurodivergent artists,37205,2026-02-04,February,Q4,South East,Brighton and Hove,Theatre,"£30,000 and below",Not Time-Limited Priority,2026
Ipswich Community Media and Learning,South Street Kids In Motion,29945,2026-02-04,February,Q4,South East,Ipswich,Combined arts,"£30,000 and below",Not Time-Limited Priority,2026
Tomorrow Projects,INVENTORS! The Joy Lab,30000,2026-02-04,February,Q4,North,North Tyneside,Visual arts,"£30,000 and below",Not Time-Limited Priority,2026
Elysium Creative Arts CIC,Long Day's Journey Into Night - Northern Tour 2026,30000,2026-02-04,February,Q4,North,County Durham,Theatre,"£30,000 and below",Not Time-Limited Priority,2026
Curious Directive,Heartwood,30995,2026-02-04,February,Q4,South East,South Norfolk,Theatre,"£30,000 and below",Not Time-Limited Priority,2026
Sophie Loosemore,'Seedlings' Early Years Dance R&D,29999,2026-02-04,February,Q4,Midlands,North Northamptonshire,Dance,"£30,000 and below",Not Time-Limited Priority,2026
Jez Dolan,POTBANK,29799,2026-02-04,February,Q4,North,Trafford,Visual arts,"£30,000 and below",Not Time-Limited Priority,2026
Fiona Bearman,Fini Bearman 'Last Night of the World' Album Tour with accompanying Songwriting Workshops,15984,2026-02-04,February,Q4,London,Lewisham,Music,"£30,000 and below",Not Time-Limited Priority,2026
Kate Taylor,Pigeon,29948,2026-02-04,February,Q4,Midlands,Stratford-on-Avon,Dance,"£30,000 and below",Not Time-Limited Priority,2026
Munotida Chinyanga,Co-creating An Interactive City,33000,2026-02-04,February,Q4,London,Newham,Combined arts,"£30,000 and below",Not Time-Limited Priority,2026
Joanna Bird Foundation,Michael OBrien: The Unsung Hero –Documentary,21000,2026-02-04,February,Q4,London,Hounslow,Visual arts,"£30,000 and below",Not Time-Limited Priority,2026
Seema Mattu,Local Superstar,29800,2026-02-04,February,Q4,Midlands,Birmingham,Visual arts,"£30,000 and below",Not Time-Limited Priority,2026
Chloe Charody Creations LTD,The Delightfully Disorderly Orchestra,29980,2026-02-04,February,Q4,Midlands,Rushcliffe,Combined arts,"£30,000 and below",Not Time-Limited Priority,2026
Newham Poetry Group,NLPG O30 Nov25,74000,2026-02-04,February,Q4,London,Newham,Literature,"Above £30,000",Not Time-Limited Priority,2026
Root 73 LTD,NLPG O30 Nov25,49775,2026-02-04,February,Q4,London,Hackney,Music,"Above £30,000",Not Time-Limited Priority,2026
Newcastle Libraries,NLPG O30 Nov25,46540,2026-02-04,February,Q4,North,Newcastle upon Tyne,Libraries,"Above £30,000",Universal Library Offers,2026
Umar Butt,NLPG O30 Oct25,50920,2026-02-04,February,Q4,North,Stockton-on-Tees,Theatre,"Above £30,000",Not Time-Limited Priority,2026
The Knotted Project,NLPG O30 Oct25,49200,2026-02-04,February,Q4,North,Westmorland and Furness,Combined arts,"Above £30,000",Not Time-Limited Priority,2026
Redcar Borough Council Events Team,NLPG O30 Oct25,78000,2026-02-04,February,Q4,North,Redcar and Cleveland,Combined arts,"Above £30,000",Not Time-Limited Priority,2026
Electric Pink Voices,NLPG O30 Oct25,56468,2026-02-04,February,Q4,North,Wyre,Music,"Above £30,000",Not Time-Limited Priority,2026
Mafwa Theatre CIC,NLPG O30 Oct25,46047,2026-02-04,February,Q4,North,Leeds,Dance,"Above £30,000",Not Time-Limited Priority,2026
Rotherham Music,NLPG O30 Oct25,68906,2026-02-04,February,Q4,North,Rotherham,Music,"Above £30,000",Not Time-Limited Priority,2026
Holocaust Centre North,NLPG O30 Oct25,64800,2026-02-04,February,Q4,North,Kirklees,Museums,"Above £30,000",Unlocking Collections,2026
Compass Festival,NLPG O30 Oct25,101849,2026-02-04,February,Q4,North,Leeds,Combined arts,"Above £30,000",Not Time-Limited Priority,2026
Gabriela Cala-Lesina,Gushing to Perform,18097,2026-02-04,February,Q4,London,Hackney,Visual arts,"£30,000 and below",Not Time-Limited Priority,2026
Adam Wadey,NLPG O30 Nov25,50695,2026-02-04,February,Q4,London,Islington,Visual arts,"Above £30,000",Not Time-Limited Priority,2026
Feel the Rhythm Productions Limited,NLPG O30 Nov25,68141,2026-02-04,February,Q4,London,Hammersmith and Fulham,Dance,"Above £30,000",Not Time-Limited Priority,2026
Our Father - Imagiphoria Productions,Our Father,21971,2026-02-04,February,Q4,London,Southwark,Theatre,"£30,000 and below",Not Time-Limited Priority,2026
Teesside University,MIMA Tees Valley The Next Wave,353205,2026-02-04,February,Q4,North,Middlesbrough,Visual arts,"Above £30,000 - Major Project",Not Time-Limited Priority,2026
The Yard Theatre Ltd.,THIS IS IT,289250,2026-02-04,February,Q4,London,Tower Hamlets,Combined arts,"Above £30,000 - Major Project",Not Time-Limited Priority,2026
Crying Out Loud,The Point is Portsmouth,105500,2026-02-04,February,Q4,South West,Fareham,Combined arts,"Above £30,000 - Major Project",Not Time-Limited Priority,2026
Athac,NLPG O30 Oct25,83886,2026-02-05,February,Q4,Midlands,Birmingham,Combined arts,"Above £30,000",Not Time-Limited Priority,2026
Theatre Porto,Ellesmere Port Place Partnership,203000,2026-02-09,February,Q4,North,Cheshire West and Chester,Not discipline specific,"Above £30,000 - Place Partnership project",Not Time-Limited Priority,2026
Commando Jugendstil,Star Chart for New Journeys,30000,2026-02-10,February,Q4,South East,Reading,Visual arts,"£30,000 and below",Not Time-Limited Priority,2026
Ben SantaMaria,Lulla,29958,2026-02-10,February,Q4,South East,Epping Forest,Theatre,"£30,000 and below",Not Time-Limited Priority,2026
RARE Communities CIC,That Amazing Thing,14055,2026-02-10,February,Q4,South East,South Cambridgeshire,Not discipline specific,"£30,000 and below",Not Time-Limited Priority,2026
Linos Magaya,Chaminuka Mbira School,26881,2026-02-10,February,Q4,South East,Brighton and Hove,Not discipline specific,"£30,000 and below",Not Time-Limited Priority,2026
Lisa Logan Opera Projects Limited,Battlefield (New Opera),30000,2026-02-10,February,Q4,London,Tower Hamlets,Music,"£30,000 and below",Not Time-Limited Priority,2026
Hippodrome Circus,Hippodrome Circus receiving house development,29999,2026-02-10,February,Q4,South East,Great Yarmouth,Theatre,"£30,000 and below",Not Time-Limited Priority,2026
Hive Curates,Light Up Kilburn 2026 Community Co-Creation Wraparound Activity,10800,2026-02-10,February,Q4,London,City of London,Combined arts,"£30,000 and below",Not Time-Limited Priority,2026
Sally Orr,R&D: Finding Our Voice,16496,2026-02-10,February,Q4,South East,Brighton and Hove,Theatre,"£30,000 and below",Not Time-Limited Priority,2026
Pina Magazine,Pina Magazine Issue 3,24945,2026-02-10,February,Q4,London,Hackney,Combined arts,"£30,000 and below",Not Time-Limited Priority,2026
Sharp Shots Photo Club,Lens on the Landscape: The young eyes of Crawley and Arun,9363,2026-02-10,February,Q4,South East,Guildford,Visual arts,"£30,000 and below",Not Time-Limited Priority,2026
Susanne Mojisola Adebayo,resisters,10600,2026-02-10,February,Q4,London,Greenwich,Theatre,"£30,000 and below",Not Time-Limited Priority,2026
Diana Feng,Don’t Call Me China Doll 2026 UK Tour,27927,2026-02-10,February,Q4,London,Lewisham,Theatre,"£30,000 and below",Not Time-Limited Priority,2026
Kelly Reynolds,Musical Foundations,16050,2026-02-10,February,Q4,South East,Gravesham,Music,"£30,000 and below",Not Time-Limited Priority,2026
Soledad Zarate,The Bear that Wasn't - R&D,27169,2026-02-10,February,Q4,London,Ealing,Theatre,"£30,000 and below",Not Time-Limited Priority,2026
Powell-Cotton Museum,PCT100,30000,2026-02-10,February,Q4,South East,Thanet,Museums,"£30,000 and below",Unlocking Collections,2026
Emma Pallett,The Curiosity Shop,12782,2026-02-10,February,Q4,South East,Brentwood,Theatre,"£30,000 and below",Not Time-Limited Priority,2026
Juliette Burton,ExperiMental,31609,2026-02-10,February,Q4,South East,North Hertfordshire,Theatre,"£30,000 and below",Not Time-Limited Priority,2026
Leon Bosch,Championing diversity and celebrating creativity through Black classical music,30000,2026-02-10,February,Q4,South East,Dacorum,Music,"£30,000 and below",Not Time-Limited Priority,2026
Eastbourne Carnival CIC,Eastbourne Carnival 2026,19119,2026-02-10,February,Q4,South East,Eastbourne,Combined arts,"£30,000 and below",Not Time-Limited Priority,2026
Little People Big Noise,LCS: Growing Seeds & Delivering Needs,19313,2026-02-10,February,Q4,London,Wandsworth,Music,"£30,000 and below",Not Time-Limited Priority,2026
Lewes Live Literature,Supporting new writing for theatre • Supporting grassroots live literature production,26111,2026-02-10,February,Q4,South East,Lewes,Literature,"£30,000 and below",Not Time-Limited Priority,2026
Spun Glass Theatre,Pizza and Plays - stories rooted in Hastings history at a time of great political unrest and change,31350,2026-02-10,February,Q4,South East,Hastings,Theatre,"£30,000 and below",Not Time-Limited Priority,2026
Dormouse Books CIC,Authors and Audience: Belper Conversations,11400,2026-02-11,February,Q4,Midlands,Amber Valley,Literature,"£30,000 and below",Not Time-Limited Priority,2026
Heritage Trust for the North West,Pendle Heritage Enhancement,21725,2026-02-11,February,Q4,North,Pendle,Museums,"£30,000 and below",Unlocking Collections,2026
Felicity Hammond,Research and development for bringing live performance into established installation practice,11200,2026-02-11,February,Q4,London,Lewisham,Visual arts,"£30,000 and below",Research and Development for Individuals,2026
Pieter Mammes,Entropy Studies: Experimental Sculptural Methods Using Recycled Materials,15000,2026-02-11,February,Q4,London,Tower Hamlets,Visual arts,"£30,000 and below",Research and Development for Individuals,2026
Lottie Dance,Theatre Research & Development,7000,2026-02-11,February,Q4,South West,Bath and North East Somerset,Theatre,"£30,000 and below",Research and Development for Individuals,2026
Sara Borrington,Researching Sound Design and Analog Production,22000,2026-02-11,February,Q4,South West,Southampton,Music,"£30,000 and below",Research and Development for Individuals,2026
Tafadzwa Gapara,The Overloaded Mind: Finding the Voice Within,30000,2026-02-11,February,Q4,Midlands,Oadby and Wigston,Music,"£30,000 and below",Research and Development for Individuals,2026
Natalia Harrison,R&D Developing Inclusive Project Producing & Programme Design Practice,12970,2026-02-11,February,Q4,South East,Lewes,Not discipline specific,"£30,000 and below",Research and Development for Individuals,2026
Tommi Bryson,technical and musical indie project R&D,22416,2026-02-11,February,Q4,North,Sheffield,Theatre,"£30,000 and below",Research and Development for Individuals,2026
Elizabeth Johnstone,'Go See' Project: International Screendance Festival,1500,2026-02-11,February,Q4,London,Camden,Dance,"£30,000 and below",Research and Development for Individuals,2026
Mark Nixon,Research and Development into Kinetic Systems,15000,2026-02-11,February,Q4,North,Northumberland,Visual arts,"£30,000 and below",Research and Development for Individuals,2026
Cromer ArtSpace,Cromer Artspace Autumn Symposium,14700,2026-02-11,February,Q4,South East,North Norfolk,Combined arts,"£30,000 and below",Not Time-Limited Priority,2026
Helen Stead,Nottingham Comedy Festival 2026,33647,2026-02-11,February,Q4,Midlands,Gedling,Theatre,"£30,000 and below",Not Time-Limited Priority,2026
Iole La Sala,Madama - Woman Body’s Stories,19085,2026-02-11,February,Q4,London,Tower Hamlets,Dance,"£30,000 and below",Not Time-Limited Priority,2026
Philip Hancock,On the Tools - R&D regional dialect project from poetry to prose,18800,2026-02-11,February,Q4,Midlands,Newcastle-under-Lyme,Literature,"£30,000 and below",Not Time-Limited Priority,2026
Linda Eerdmans,Star Girl,17640,2026-02-11,February,Q4,London,Richmond upon Thames,Theatre,"£30,000 and below",Not Time-Limited Priority,2026
Steven Fowler,European Poetry Festival 2026,13780,2026-02-11,February,Q4,London,Camden,Literature,"£30,000 and below",Not Time-Limited Priority,2026
Our Creative Connection,Art Of Connection,31300,2026-02-11,February,Q4,North,Kirklees,Visual arts,"£30,000 and below",Not Time-Limited Priority,2026
We Are The Unheard CIC,We Are The Unheard Academy,30000,2026-02-11,February,Q4,London,Greenwich,Music,"£30,000 and below",Not Time-Limited Priority,2026
SIXTH HOUSE THEATRE LTD,COW - R&D and Organisational Development,23810,2026-02-11,February,Q4,North,Salford,Theatre,"£30,000 and below",Not Time-Limited Priority,2026
MENT4,Mirror Mirror Project (Year 3-5),29000,2026-02-11,February,Q4,South East,Croydon,Music,"£30,000 and below",Not Time-Limited Priority,2026
PRXLUDES,"PRX.LIVE Touring Series / ""5 for 5"" Commissions - 2026",9789,2026-02-11,February,Q4,London,Wandsworth,Music,"£30,000 and below",Not Time-Limited Priority,2026
Misfits Music Foundation,"The Wednesday Boys - Creative Music for Gay, Bi, Trans and Queer Men in Birmingham",12746,2026-02-11,February,Q4,Midlands,Birmingham,Music,"£30,000 and below",Not Time-Limited Priority,2026
Flute Theatre,Neurodivergent artists create new King Lear,29950,2026-02-11,February,Q4,London,Hammersmith and Fulham,Theatre,"£30,000 and below",Not Time-Limited Priority,2026
&Piano,&Piano Music Festival 2026,10000,2026-02-11,February,Q4,North,Kirklees,Music,"£30,000 and below",Not Time-Limited Priority,2026
Julie Burrow,"Phase 2: An Evening with Me, Rosy Maple - Production Development",18213,2026-02-11,February,Q4,North,Manchester,Theatre,"£30,000 and below",Not Time-Limited Priority,2026
Caleb Staples,Squawk Spoken Word,9941,2026-02-11,February,Q4,North,Westmorland and Furness,Literature,"£30,000 and below",Not Time-Limited Priority,2026
Paul Digby,Fish & Chips,21850,2026-02-11,February,Q4,North,Leeds,Combined arts,"£30,000 and below",Not Time-Limited Priority,2026
A City in Frames,A City in Frames,29500,2026-02-11,February,Q4,North,Bradford,Visual arts,"£30,000 and below",Not Time-Limited Priority,2026
Rotherham Metropolitan Borough Council Events,WOW Festival 2026,29500,2026-02-11,February,Q4,North,Rotherham,Combined arts,"£30,000 and below",Not Time-Limited Priority,2026
KIN Culture CIC,Pathways@Kelham Jazz Festival,9385,2026-02-11,February,Q4,North,Sheffield,Music,"£30,000 and below",Not Time-Limited Priority,2026
Georgina Stone,Where is the Fun?,22000,2026-02-11,February,Q4,North,Sheffield,Theatre,"£30,000 and below",Not Time-Limited Priority,2026
Aziz Ibrahim,Desi Sonix DJs vs DesiGuitR,29950,2026-02-11,February,Q4,North,Manchester,Music,"£30,000 and below",Unlocking Collections,2026
Stevie Ronnie,Somewhere Places,32098,2026-02-11,February,Q4,North,Northumberland,Visual arts,"£30,000 and below",Not Time-Limited Priority,2026
Highfield Hall Primary School and Nursery,Impactful Education through Theatre: Our Relationship with the Internet,1680,2026-02-11,February,Q4,Midlands,Chesterfield,Theatre,"£30,000 and below",Not Time-Limited Priority,2026
Fiona Boothby,NLPG O30 Nov25,77540,2026-02-16,February,Q4,South East,Norwich,Theatre,"Above £30,000",Not Time-Limited Priority,2026
Free Range,NLPG O30 Nov25,44604,2026-02-16,February,Q4,South East,Canterbury,Combined arts,"Above £30,000",Not Time-Limited Priority,2026
MÓTUS,NLPG O30 Nov25,76673,2026-02-16,February,Q4,South East,Milton Keynes,Dance,"Above £30,000",Not Time-Limited Priority,2026
Divya Ravi,NLPG O30 Nov25,48890,2026-02-16,February,Q4,South East,Watford,Dance,"Above £30,000",Not Time-Limited Priority,2026
Soul and Sound,Jus Jammin - mentoring & performance opportunities for under-represented young artists,15382,2026-02-17,February,Q4,London,Barking and Dagenham,Music,"£30,000 and below",Not Time-Limited Priority,2026
TOTFest Festival Ltd,The Rainbow Crew Sensory Story Lab,12200,2026-02-17,February,Q4,London,Islington,Theatre,"£30,000 and below",Not Time-Limited Priority,2026
Richard Chappell Dance CIC,Us Folk Creation and Premiere Final Resubmission,29890,2026-02-17,February,Q4,South West,Exeter,Combined arts,"£30,000 and below",Not Time-Limited Priority,2026
Karl Murphy,As I Said,29083,2026-02-17,February,Q4,London,Haringey,Combined arts,"£30,000 and below",Not Time-Limited Priority,2026
Liam Fallon,Stiff Upper Lip- Resubmission,25615,2026-02-17,February,Q4,London,Lambeth,Visual arts,"£30,000 and below",Not Time-Limited Priority,2026
Sadie Harrison,POETRY TO SONG,9000,2026-02-17,February,Q4,South West,Dorset,Music,"£30,000 and below",Not Time-Limited Priority,2026
Daniel Lipton,Dybbuk - R&D,28180,2026-02-17,February,Q4,London,Harrow,Theatre,"£30,000 and below",Not Time-Limited Priority,2026
Christine Sandford,Apples and Mangoes: Filipinos in Narrative Non-Fiction,29612,2026-02-17,February,Q4,London,Redbridge,Literature,"£30,000 and below",Not Time-Limited Priority,2026
The Other Way Works,A Rainbow for Amala - Engagement & Book Distribution,29880,2026-02-17,February,Q4,Midlands,Birmingham,Literature,"£30,000 and below",Not Time-Limited Priority,2026
Mooville Theatre,Don't Forget the Rush -Developing a tour,32000,2026-02-17,February,Q4,Midlands,Birmingham,Theatre,"£30,000 and below",Not Time-Limited Priority,2026
Lazarus Outdoor Limited,Creative Trainee Scheme,18433,2026-02-17,February,Q4,London,Greenwich,Combined arts,"£30,000 and below",Not Time-Limited Priority,2026
Amanda Louise Hose-Hawley,IMPulse Inclusive Movement Practice for Change,29950,2026-02-17,February,Q4,Midlands,Nottingham,Dance,"£30,000 and below",Not Time-Limited Priority,2026
Patricia Weaver,Box of Frogs 2,17373,2026-02-17,February,Q4,South West,"Bristol, City of",Theatre,"£30,000 and below",Not Time-Limited Priority,2026
That! Dance,Building Foundations: Growing Inclusive Dance in Burton,29895,2026-02-17,February,Q4,Midlands,East Staffordshire,Dance,"£30,000 and below",Not Time-Limited Priority,2026
Louise Orwin and Company,OPERA FOR A DYING WORLD - PHASE 2,31593,2026-02-17,February,Q4,South East,Wealden,Music,"£30,000 and below",Not Time-Limited Priority,2026
Katie Holtom,"Our Words, Our Walls",28864,2026-02-17,February,Q4,Midlands,Bromsgrove,Combined arts,"£30,000 and below",Not Time-Limited Priority,2026
West Midlands Readers' Network,Reading for Pleasure in Libraries & Bookshops 2026-27,29730,2026-02-17,February,Q4,Midlands,Birmingham,Literature,"£30,000 and below",Universal Library Offers,2026
James Wilton Dance Limited,RESUBMISSION Spring 2026 tour BACH Reimagined and The Four Seasons,30000,2026-02-17,February,Q4,South West,Cornwall,Dance,"£30,000 and below",Not Time-Limited Priority,2026
Jonah Corren,SOUND: Plymouth Poetry Festival,15000,2026-02-17,February,Q4,South West,Exeter,Literature,"£30,000 and below",Not Time-Limited Priority,2026
Teign Heritage Limited,New pathways and better access for wider audiences,30000,2026-02-17,February,Q4,South West,Teignbridge,Museums,"£30,000 and below",Unlocking Collections,2026
The Brickworks Museum,Unearthing our history - phase 1,21250,2026-02-17,February,Q4,South West,Fareham,Museums,"£30,000 and below",Unlocking Collections,2026
Blackbridge Charitable Community Benefit Society,Podsmead in Portrait,25457,2026-02-17,February,Q4,South West,Gloucester,Combined arts,"£30,000 and below",Not Time-Limited Priority,2026
David Kendall,Inside Take expansion across 15 prisons,5900,2026-02-17,February,Q4,South West,Wiltshire,Literature,"£30,000 and below",Not Time-Limited Priority,2026
Haynes Motor Museum,Red Room Inspired,30000,2026-02-17,February,Q4,South West,Somerset,Museums,"£30,000 and below",Unlocking Collections,2026
The Nimbus Group,Underworld - immersive AR storytelling,28792,2026-02-18,February,Q4,South East,Adur,Digital Arts,"£30,000 and below",Not Time-Limited Priority,2026
Komola Collective,R&D for The Elephant in the Room and Strengthening an Inclusive Komola Collective,27297,2026-02-18,February,Q4,London,Redbridge,Combined arts,"£30,000 and below",Not Time-Limited Priority,2026
Josephine Rogers,The Anchoress R&D Phase 2,17595,2026-02-18,February,Q4,South East,Wealden,Not discipline specific,"£30,000 and below",Not Time-Limited Priority,2026
Electro Studios Project Space,Drowning in a sea of you,22906,2026-02-18,February,Q4,South East,Hastings,Not discipline specific,"£30,000 and below",Not Time-Limited Priority,2026
Sharon Sinclair,Worlds Apart,24450,2026-02-18,February,Q4,North,Blackpool,Theatre,"£30,000 and below",Not Time-Limited Priority,2026
Adam Glover,Land Of The Lost Presents: Acid House In The Town Hall,2065,2026-02-18,February,Q4,North,Westmorland and Furness,Music,"£30,000 and below",Not Time-Limited Priority,2026
Victoria Oldman,Hastings Queer Underground Live,18817,2026-02-18,February,Q4,South East,Hastings,Combined arts,"£30,000 and below",Not Time-Limited Priority,2026
Terehas Kelly,Notting Nill Carnival 2026: The 60th Year of Love and Community,30000,2026-02-18,February,Q4,London,Haringey,Combined arts,"£30,000 and below",Not Time-Limited Priority,2026
Sheila Hill,My Home,30200,2026-02-18,February,Q4,London,Kensington and Chelsea,Combined arts,"£30,000 and below",Not Time-Limited Priority,2026
Lila Bhattacherjee,Free to Create,14963,2026-02-18,February,Q4,London,Waltham Forest,Music,"£30,000 and below",Not Time-Limited Priority,2026
Jessica Edwards,Taliesin,27463,2026-02-18,February,Q4,North,Manchester,Theatre,"£30,000 and below",Not Time-Limited Priority,2026
Jennifer Kelley,Supporting vulnerable families through music,7404,2026-02-18,February,Q4,North,Warrington,Music,"£30,000 and below",Not Time-Limited Priority,2026
Every Life Matters,A Moment Of Connection,14980,2026-02-18,February,Q4,North,Westmorland and Furness,Visual arts,"£30,000 and below",Not Time-Limited Priority,2026
CAMERON FORRESTER,Another VU,10977,2026-02-18,February,Q4,South East,Tendring,Combined arts,"£30,000 and below",Not Time-Limited Priority,2026
Drum and Brass CIC,Brass at the Castle 2026,23888,2026-02-18,February,Q4,Midlands,Westmorland and Furness,Music,"£30,000 and below",Not Time-Limited Priority,2026
Eleanor Hyde,R&D on the play Burnout by Ellie Hyde,18492,2026-02-18,February,Q4,South East,Colchester,Theatre,"£30,000 and below",Not Time-Limited Priority,2026
Karla Shacklock,"Niplash - a solo performance, participatory arts and social activism project",29990,2026-02-18,February,Q4,South West,"Bristol, City of",Dance,"£30,000 and below",Not Time-Limited Priority,2026
Deanna Rodger,Creative Facilitation Training (Nationwide),29707,2026-02-18,February,Q4,South West,"Bristol, City of",Combined arts,"£30,000 and below",Not Time-Limited Priority,2026
Holme Valley Sharing Memories,Creatures of the Walk,13950,2026-02-18,February,Q4,North,Kirklees,Visual arts,"£30,000 and below",Not Time-Limited Priority,2026
Dickson Mbi Company,Lost R&D + Fiya Works artist development,31795,2026-02-18,February,Q4,London,Barking and Dagenham,Dance,"£30,000 and below",Not Time-Limited Priority,2026
Project Auske Ltd,"Immersive, participatory, and co-creative choreography with and for audiences and communities",25465,2026-02-18,February,Q4,North,Manchester,Dance,"£30,000 and below",Not Time-Limited Priority,2026
JanFirst Productions,CRUSH,32681,2026-02-18,February,Q4,London,Islington,Theatre,"£30,000 and below",Not Time-Limited Priority,2026
Marie-Louise Flexen,Bird Nerd & The Red List Part 2,14975,2026-02-18,February,Q4,South West,Stroud,Combined arts,"£30,000 and below",Not Time-Limited Priority,2026
kirris riviere,Pieces Of My Life,37078,2026-02-18,February,Q4,South West,"Bristol, City of",Theatre,"£30,000 and below",Not Time-Limited Priority,2026
Harriet Ashton,Resubmission 3: Writing a children’s book with child survivors of domestic abuse,17950,2026-02-18,February,Q4,South East,West Suffolk,Literature,"£30,000 and below",Not Time-Limited Priority,2026
Aidan Moesby,Taking The Air,29424,2026-02-18,February,Q4,North,Gateshead,Visual arts,"£30,000 and below",Not Time-Limited Priority,2026
Contra Productions,Raving R&D,25658,2026-02-18,February,Q4,South West,"Bristol, City of",Combined arts,"£30,000 and below",Not Time-Limited Priority,2026
Making Space,A Craft Centre for the Village,23000,2026-02-18,February,Q4,South West,Havant,Visual arts,"£30,000 and below",Not Time-Limited Priority,2026
BIG TEAM CIC,Open Mic Sessions,29846,2026-02-18,February,Q4,South West,"Bristol, City of",Music,"£30,000 and below",Not Time-Limited Priority,2026
Jill Brewster,Wood Works,22000,2026-02-18,February,Q4,North,Darlington,Visual arts,"£30,000 and below",Not Time-Limited Priority,2026
Pushback Theatre,HER OWN WORDS,24536,2026-02-18,February,Q4,London,Westminster,Theatre,"£30,000 and below",Not Time-Limited Priority,2026
Michele O'Brien,The Dippers,30000,2026-02-18,February,Q4,South West,"Bournemouth, Christchurch and Poole",Theatre,"£30,000 and below",Not Time-Limited Priority,2026
Jamil Ahmed,Jamz Song in a Day,29848,2026-02-18,February,Q4,South East,Buckinghamshire,Music,"£30,000 and below",Not Time-Limited Priority,2026
Rebecca Fidler,MotherSong,30000,2026-02-18,February,Q4,South East,Brighton and Hove,Music,"£30,000 and below",Not Time-Limited Priority,2026
Bayard Bryan,Queen Bayard Cabaret: Phase 1 Development,11957,2026-02-18,February,Q4,North,Trafford,Theatre,"£30,000 and below",Not Time-Limited Priority,2026
Goofus Theatre CIC,Tale of Nobody Nose Tour,16210,2026-02-18,February,Q4,North,Wigan,Theatre,"£30,000 and below",Not Time-Limited Priority,2026
Cheshire West and Chester Library Service,Story Joy,25876,2026-02-18,February,Q4,North,Cheshire West and Chester,Libraries,"£30,000 and below",Universal Library Offers,2026
Epoque Press,Publishing an Underrepresented Author,12120,2026-02-18,February,Q4,South East,Brighton and Hove,Literature,"£30,000 and below",Not Time-Limited Priority,2026
Steven Blackshaw,The Mighty Booth R&D: Interactive theatre experience co-created with communities in County Durham,30600,2026-02-18,February,Q4,North,Newcastle upon Tyne,Theatre,"£30,000 and below",Not Time-Limited Priority,2026
Whispered Tales,NLPG O30 Nov25,63196,2026-02-18,February,Q4,North,Liverpool,Dance,"Above £30,000",Not Time-Limited Priority,2026
Things That Go On Things,NLPG O30 Nov25,92000,2026-02-18,February,Q4,North,Manchester,Combined arts,"Above £30,000",Not Time-Limited Priority,2026
Breach LLP,NLPG O30 Nov25,46088,2026-02-18,February,Q4,London,Camden,Theatre,"Above £30,000",Not Time-Limited Priority,2026
Front Room WSM,NLPG O30 Nov25,80000,2026-02-18,February,Q4,South West,North Somerset,Theatre,"Above £30,000",Not Time-Limited Priority,2026
Fluid Motion Theatre Company,NLPG O30 Oct25,75500,2026-02-18,February,Q4,South West,New Forest,Theatre,"Above £30,000",Not Time-Limited Priority,2026
Salford City Council,Salford 100,149406,2026-02-18,February,Q4,North,Salford,Combined arts,"Above £30,000 - Over £100k application",Not Time-Limited Priority,2026
Jasmin Vardimon Company Limited,The Touring Project,95644,2026-02-18,February,Q4,South East,Ashford,Dance,"Above £30,000 - Over £30k Touring project",Not Time-Limited Priority,2026
Play Ground Proms,Playground Proms,226113,2026-02-18,February,Q4,London,Kingston upon Thames,Music,"Above £30,000 - Over £30k Touring project",Not Time-Limited Priority,2026
Autin Dance Theatre CIO,2026 Outdoor Arts Programme - Touring Performance works in and with local communities,95000,2026-02-18,February,Q4,Midlands,Walsall,Dance,"Above £30,000 - Over £30k Touring project",Not Time-Limited Priority,2026
Devonshire Collective,Where We Touch the Archive,42500,2026-02-18,February,Q4,South East,Eastbourne,Visual arts,"Above £30,000 - Over £30k Touring project",Not Time-Limited Priority,2026
Wrongsemble,Rapunzel 2026 Tour,52725,2026-02-18,February,Q4,North,Leeds,Theatre,"Above £30,000 - Over £30k Touring project",Not Time-Limited Priority,2026
Salto Arts,NLPG O30 Oct25,49500,2026-02-18,February,Q4,North,North Tyneside,Combined arts,"Above £30,000",Not Time-Limited Priority,2026
Arts on the Run: The Arts & Refugees Hub for Yorkshire & Humberside,NLPG O30 Oct25,100000,2026-02-18,February,Q4,North,Sheffield,Combined arts,"Above £30,000",Not Time-Limited Priority,2026
Great Northern Events (NW) Ltd,NLPG O30 Oct25,66308,2026-02-18,February,Q4,North,Stockport,Visual arts,"Above £30,000",Not Time-Limited Priority,2026
The Revel Pucks Ltd,Revel Puck Circus audience development tour 2026,99674,2026-02-18,February,Q4,London,Newham,Theatre,"Above £30,000 - Over £30k Touring project",Not Time-Limited Priority,2026
Wild Arts,Summer Opera Tour 2026,91662,2026-02-18,February,Q4,South East,Colchester,Music,"Above £30,000 - Over £30k Touring project",Not Time-Limited Priority,2026
Creative Arts East,Create King's Lynn,242489,2026-02-19,February,Q4,South East,Norwich,Combined arts,"Above £30,000 - Place Partnership project",Not Time-Limited Priority,2026
Manuela Schwarz,HIGH VIBE: THE WRITER’S ROOM,30732,2026-02-19,February,Q4,Midlands,Nottingham,Literature,"£30,000 and below",Not Time-Limited Priority,2026
Paul Stringer,Crate Poetry,32785,2026-02-19,February,Q4,Midlands,Sandwell,Literature,"£30,000 and below",Not Time-Limited Priority,2026
Nikki Charlesworth,"Puppetry, Health and Young Audiences: International development",55444,2026-02-19,February,Q4,Midlands,Broxtowe,Theatre,"£30,000 and below",Not Time-Limited Priority,2026
Julie Bagshaw,Community Theatre R&D,35400,2026-02-19,February,Q4,Midlands,Mansfield,Theatre,"£30,000 and below",Not Time-Limited Priority,2026
The Story Forge Project,Story Fest - Grantham 2026,2599,2026-02-19,February,Q4,Midlands,Melton,Visual arts,"£30,000 and below",Not Time-Limited Priority,2026
Boston Hanse Group,Boston Hanse Festival 2026,30000,2026-02-19,February,Q4,Midlands,Boston,Combined arts,"£30,000 and below",Not Time-Limited Priority,2026
Danny Pandolfi,Raise the Bar: Artist Development Programme 2026,29995,2026-02-24,February,Q4,South West,"Bristol, City of",Literature,"£30,000 and below",Not Time-Limited Priority,2026
Torbay Virtual School,Art On Your Doorstep,15440,2026-02-24,February,Q4,South West,Torbay,Combined arts,"£30,000 and below",Not Time-Limited Priority,2026
Sarah Lloyd-Winder,East Anglian Storytelling Festival 2026,30788,2026-02-24,February,Q4,South East,Hertsmere,Literature,"£30,000 and below",Not Time-Limited Priority,2026
Claire Barrett,Island of Weirdhope,29930,2026-02-24,February,Q4,South East,Brighton and Hove,Visual arts,"£30,000 and below",Not Time-Limited Priority,2026
Art of the Puppet,Liquid Histories 2,25000,2026-02-24,February,Q4,London,Hackney,Theatre,"£30,000 and below",Not Time-Limited Priority,2026
Synergy Theatre Project,Providers Revival Tour & Engagement Programme,30000,2026-02-24,February,Q4,London,Lambeth,Theatre,"£30,000 and below",Not Time-Limited Priority,2026
Life Brooks International,Dare to Achieve: Walls that speak,30000,2026-02-24,February,Q4,South West,"Bournemouth, Christchurch and Poole",Visual arts,"£30,000 and below",Not Time-Limited Priority,2026
TG WORKS,The Uncontainable Nausea of Alec Baldwin,21180,2026-02-24,February,Q4,South East,Brighton and Hove,Theatre,"£30,000 and below",Not Time-Limited Priority,2026
And We Move (Threads Radio Ltd),And We Move launches at Ten87’s new container village in Tottenham,29829,2026-02-24,February,Q4,London,Newham,Not discipline specific,"£30,000 and below",Not Time-Limited Priority,2026
Darren Irving,Electroniq 26,10000,2026-02-24,February,Q4,London,Merton,Music,"£30,000 and below",Not Time-Limited Priority,2026
Matilda McCarthy,BROS: What Kind of Masculinity does the UK need now?,13107,2026-02-24,February,Q4,London,Hounslow,Theatre,"£30,000 and below",Not Time-Limited Priority,2026
Shapeshifter Productions,Singing for Health & Happiness with The Smiling Sessions,29245,2026-02-24,February,Q4,London,Waltham Forest,Music,"£30,000 and below",Not Time-Limited Priority,2026
Grace Watkins,The Telephone - Opera in Schools and Workspaces,19943,2026-02-24,February,Q4,London,Wandsworth,Music,"£30,000 and below",Not Time-Limited Priority,2026
Shahaduz Zaman,AND THE MYNA BIRD SPEAKS,25866,2026-02-24,February,Q4,South East,Crawley,Theatre,"£30,000 and below",Not Time-Limited Priority,2026
Sarah Choudhrey,ELEMENTS - A Continuing Legacy,20945,2026-02-24,February,Q4,London,Hammersmith and Fulham,Visual arts,"£30,000 and below",Not Time-Limited Priority,2026
Lucy Havard,Wood Wide Web; a theatre R&D for a new immersive children's show about community and sustainability,20428,2026-02-24,February,Q4,London,Hammersmith and Fulham,Theatre,"£30,000 and below",Not Time-Limited Priority,2026
Michaela Nettell,Encounters with Kazuo Shinohara's Umbrella House,2545,2026-02-24,February,Q4,London,Southwark,Visual arts,"£30,000 and below",Not Time-Limited Priority,2026
Joseph Poulton,Eliza: A Bloomin' new Ballet,28000,2026-02-24,February,Q4,London,Tower Hamlets,Dance,"£30,000 and below",Not Time-Limited Priority,2026
Drew Gardner,Diverse World War One Descendants,28577,2026-02-24,February,Q4,South West,Somerset,Visual arts,"£30,000 and below",Not Time-Limited Priority,2026
Show Pony,The Souvenir Shop,29181,2026-02-24,February,Q4,London,Waltham Forest,Theatre,"£30,000 and below",Not Time-Limited Priority,2026
Nicola Streeten,Yield graphic novel,14652,2026-02-24,February,Q4,Midlands,Breckland,Literature,"£30,000 and below",Not Time-Limited Priority,2026
Becoming Mums,The Beacon - fostering shared understanding of the role of the arts in perinatal mental health,32730,2026-02-24,February,Q4,South East,Wokingham,Visual arts,"£30,000 and below",Not Time-Limited Priority,2026
imPOSSIBLE Producing,The South West End - Resubmission,34500,2026-02-24,February,Q4,South West,Cornwall,Combined arts,"£30,000 and below",Not Time-Limited Priority,2026
Smoking Apples Theatre Limited,Spectrum Youth Theatre Residencies 2026,41831,2026-02-24,February,Q4,South East,Folkestone and Hythe,Theatre,"£30,000 and below",Not Time-Limited Priority,2026
Creative Mile Arts Trail,Creative Mile with National Gallery Art on your Doorstep 2026/27,14550,2026-02-24,February,Q4,London,Hounslow,Visual arts,"£30,000 and below",Not Time-Limited Priority,2026
Rosie Jones,Enclosures Programme (Resubmission),25000,2026-02-24,February,Q4,South East,Runnymede,Combined arts,"£30,000 and below",Not Time-Limited Priority,2026
The Social Society,Accessibility For Outdoor Arts Spaces,24210,2026-02-24,February,Q4,South East,Brighton and Hove,Combined arts,"£30,000 and below",Not Time-Limited Priority,2026
Charlotte Eyres,DANI'S INFERNO - FINAL DEVELOPMENT AND FIRST PUBLIC PERFORMANCE,20347,2026-02-24,February,Q4,South West,North Somerset,Theatre,"£30,000 and below",Not Time-Limited Priority,2026
Voices Gloucester,Threads,29950,2026-02-24,February,Q4,South West,Gloucester,Visual arts,"£30,000 and below",Not Time-Limited Priority,2026
Henry,Beast on the Moon R&D and Performances,20652,2026-02-24,February,Q4,London,Bexley,Theatre,"£30,000 and below",Not Time-Limited Priority,2026
Animate Puppet Co CIC,Puppetry for Wellbeing workshop tour,24644,2026-02-24,February,Q4,South West,Winchester,Theatre,"£30,000 and below",Not Time-Limited Priority,2026
The Lyric Theatre Hammersmith Limited,H&F Young People's Borough of Culture,350000,2026-02-24,February,Q4,London,Hammersmith and Fulham,Combined arts,"Above £30,000 - Place Partnership project",Not Time-Limited Priority,2026
George Jenkins,Stories in Song,22926,2026-02-25,February,Q4,North,Liverpool,Music,"£30,000 and below",Not Time-Limited Priority,2026
Spinning Wheel Theatre,Shared Spaces - An Active Research Project,29900,2026-02-25,February,Q4,South East,Mid Suffolk,Theatre,"£30,000 and below",Not Time-Limited Priority,2026
Permindar Lundh Von Leithner,Market Stalls,31908,2026-02-25,February,Q4,South East,St Albans,Visual arts,"£30,000 and below",Not Time-Limited Priority,2026
Unbound Dance Theatre CIC,Unbound Echoes: Inclusive Dance Project for Blind and Visually Impaired People,36802,2026-02-25,February,Q4,North,Leeds,Dance,"£30,000 and below",Not Time-Limited Priority,2026
Kamila Kessler,The Circle of Everything- Performance and Exhibition,27380,2026-02-25,February,Q4,Midlands,North Kesteven,Combined arts,"£30,000 and below",Not Time-Limited Priority,2026
Big Human Theatre Ltd,Mama Time Project,34099,2026-02-25,February,Q4,Midlands,West Northamptonshire,Theatre,"£30,000 and below",Not Time-Limited Priority,2026
University of Sheffield,Enable US Dance Festival 2026,28550,2026-02-25,February,Q4,North,Sheffield,Dance,"£30,000 and below",Not Time-Limited Priority,2026
Together Culture,What Does It Mean to Be a Gardener? - An Immersive Theatre Experience,18845,2026-02-25,February,Q4,South East,East Cambridgeshire,Theatre,"£30,000 and below",Not Time-Limited Priority,2026
Seethrough Theatre Company,CarnivALL,27995,2026-02-25,February,Q4,London,Camden,Combined arts,"£30,000 and below",Not Time-Limited Priority,2026
Apollo Music Projects,Apollo Concerts for Children's Creativity and Wellbeing,24000,2026-02-25,February,Q4,London,Hackney,Music,"£30,000 and below",Not Time-Limited Priority,2026
Robert Heath,Cacophany Arkestra presents; Crow and the Oak Tree,28600,2026-02-25,February,Q4,North,Fylde,Combined arts,"£30,000 and below",Not Time-Limited Priority,2026
Durham Singers,St Mark Passion,2000,2026-02-25,February,Q4,North,County Durham,Music,"£30,000 and below",Not Time-Limited Priority,2026
Justwin cic,Homeless but not heArtless,22261,2026-02-25,February,Q4,North,Rotherham,Visual arts,"£30,000 and below",Not Time-Limited Priority,2026
Richmond Arts Service,Ronald Moody exhibition and associated programme,23000,2026-02-25,February,Q4,London,Richmond upon Thames,Visual arts,"£30,000 and below",Not Time-Limited Priority,2026
Roxanne Carney,Producer Lab: Creative Practice Training Series in East Anglia,21292,2026-02-25,February,Q4,South East,Colchester,Not discipline specific,"£30,000 and below",Not Time-Limited Priority,2026
The Brockley Jack Theatre Limited,SE FEST 2026,21585,2026-02-25,February,Q4,London,Lewisham,Theatre,"£30,000 and below",Not Time-Limited Priority,2026
Mash Academy CIC,Pro Track,10569,2026-02-25,February,Q4,Midlands,Birmingham,Combined arts,"£30,000 and below",Not Time-Limited Priority,2026
University of Chester,"Our City, Our Story: Deva Victrix in VR",29500,2026-02-25,February,Q4,North,Cheshire West and Chester,Visual arts,"£30,000 and below",Unlocking Collections,2026
Sam Keelan,Curtain,17206,2026-02-25,February,Q4,London,Barnsley,Visual arts,"£30,000 and below",Not Time-Limited Priority,2026
Lewis G. Burton's INFERNO,INFERNO 11 Year Anniversary & Future Proofing the Organisation,33330,2026-02-25,February,Q4,London,Birmingham,Music,"£30,000 and below",Not Time-Limited Priority,2026
lisa watts,The Wonderful After,12959,2026-02-25,February,Q4,North,Sheffield,Visual arts,"£30,000 and below",Not Time-Limited Priority,2026
Animate Arts Company,The Paper Allotment,29646,2026-02-25,February,Q4,South East,Swale,Theatre,"£30,000 and below",Not Time-Limited Priority,2026
Victoria Hayward,Fair Realms: New Fantasies for New Readers,20340,2026-02-25,February,Q4,Midlands,Nottingham,Literature,"£30,000 and below",Not Time-Limited Priority,2026
Benjamin Elliott,Slugageddon! Tour & Outreach,27580,2026-02-25,February,Q4,Midlands,Ashfield,Theatre,"£30,000 and below",Not Time-Limited Priority,2026
Greta Gauhe,Superpower Seaweed Research and Development,29974,2026-02-25,February,Q4,London,Bromley,Dance,"£30,000 and below",Not Time-Limited Priority,2026
Marcus Dove,PyroLab Residency: Creation Through Collaboration,29454,2026-02-25,February,Q4,Midlands,Leicester,Visual arts,"£30,000 and below",Not Time-Limited Priority,2026
Chatteris Town Council,Around The World In 80 Days,27000,2026-02-25,February,Q4,South East,Fenland,Combined arts,"£30,000 and below",Not Time-Limited Priority,2026
East Midlands Dance Artist Network C.I.C.,East Midlands Dance Artist Network C.I.C CPD and Mentoring Programme,30000,2026-02-25,February,Q4,Midlands,South Derbyshire,Dance,"£30,000 and below",Not Time-Limited Priority,2026
Anthony Ekundayo Lennon,Mistaken Identity,15937,2026-02-25,February,Q4,Midlands,Leicester,Theatre,"£30,000 and below",Not Time-Limited Priority,2026
Jessica Milnes,Tales As Old As Time,4000,2026-02-25,February,Q4,North,Cheshire West and Chester,Visual arts,"£30,000 and below",Not Time-Limited Priority,2026
Lauren Ash,Cabinet of Curiosity,19550,2026-02-25,February,Q4,North,Sheffield,Combined arts,"£30,000 and below",Not Time-Limited Priority,2026
Wendy Benefer,Creative music programme for neurodivergent young artists in rural Norfolk,12614,2026-02-25,February,Q4,South East,Breckland,Music,"£30,000 and below",Not Time-Limited Priority,2026
Hannah Greenstreet,Four Letter Words - Liverpool Playhouse studio production,41678,2026-02-25,February,Q4,North,Liverpool,Theatre,"£30,000 and below",Not Time-Limited Priority,2026
Vanessa Grasse,Elysia co-creation-Production-Premiere (2nd resubmission),33600,2026-02-25,February,Q4,North,Leeds,Combined arts,"£30,000 and below",Not Time-Limited Priority,2026
Culture Community CIC,Culture Community Carnival,30000,2026-02-25,February,Q4,South East,Peterborough,Combined arts,"£30,000 and below",Not Time-Limited Priority,2026
Toby Campion,UniSlam 2026,29500,2026-02-25,February,Q4,Midlands,Leicester,Literature,"£30,000 and below",Not Time-Limited Priority,2026
Molly Wright,A Day of Dance 2026,8045,2026-02-25,February,Q4,Midlands,Lichfield,Dance,"£30,000 and below",Not Time-Limited Priority,2026
Hayley Cartwright,Don't Judge Me,5000,2026-02-25,February,Q4,North,Salford,Theatre,"£30,000 and below",Not Time-Limited Priority,2026
Forge Local Cultural Education Partnership,"Creative Futures. Creative Today, Creative Tomorrow.",29300,2026-02-25,February,Q4,North,Salford,Not discipline specific,"£30,000 and below",Not Time-Limited Priority,2026
Jonathan Enright,Orchestra Mambo International:  Album and Tour,30000,2026-02-25,February,Q4,North,Bradford,Music,"£30,000 and below",Not Time-Limited Priority,2026
Sam Harrison,69 Cities,25821,2026-02-25,February,Q4,Midlands,Lincoln,Music,"£30,000 and below",Not Time-Limited Priority,2026
Michael Mulvihill,Memories of Sputnik and the Evolving Space Age in the North East of England,30000,2026-02-25,February,Q4,North,North Tyneside,Visual arts,"£30,000 and below",Not Time-Limited Priority,2026
Amy Scott-Samuel,Go Gently,13847,2026-02-25,February,Q4,North,Liverpool,Music,"£30,000 and below",Not Time-Limited Priority,2026
Caroline Murray,Knitting the Air: The Exhibition,17133,2026-02-25,February,Q4,London,Haringey,Visual arts,"£30,000 and below",Not Time-Limited Priority,2026
MANAV SEVA COMMUNITY CENTRE CIC,"Memory, Song and Me: musical memory interventions for South Asian elders",29810,2026-02-25,February,Q4,Midlands,Leicester,Music,"£30,000 and below",Not Time-Limited Priority,2026
Debbie Adele Cooper,Icons of Nature,27660,2026-02-25,February,Q4,Midlands,Derbyshire Dales,Visual arts,"£30,000 and below",Not Time-Limited Priority,2026
EMPOWER POETRY CIC,Insight to Impact: Empower Poetry Development Project,33688,2026-02-25,February,Q4,Midlands,Birmingham,Literature,"£30,000 and below",Not Time-Limited Priority,2026
The Atkinson,Southport 2026,475000,2026-02-26,February,Q4,North,Sefton,Combined arts,"Above £30,000 - Place Partnership project",Not Time-Limited Priority,2026
Stephen Wadcock,Horizon Protocols: Seasonal Research across Urban and Rural Thresholds,10275,2026-03-02,March,Q4,London,Wandsworth,Visual arts,"£30,000 and below",Research and Development for Individuals,2026
Rajandeep Sebastian Bharj,From stage to score: compositional development with under-represented voices,13610,2026-03-02,March,Q4,London,Waltham Forest,Music,"£30,000 and below",Research and Development for Individuals,2026
Mateus De Oliveira Domingos,Critical Creative Technologies Arts Workshops,11900,2026-03-02,March,Q4,Midlands,Leicester,Visual arts,"£30,000 and below",Research and Development for Individuals,2026
Sophie van Well Groeneveld,Development for Nonfiction Essay Collection on community and connection in public spaces,11340,2026-03-02,March,Q4,London,Croydon,Literature,"£30,000 and below",Research and Development for Individuals,2026
Helen Leaf,"Japan/ply-split braiding, R&D project",11986,2026-03-02,March,Q4,Midlands,Ashfield,Visual arts,"£30,000 and below",Research and Development for Individuals,2026
Benjamin Mastericks,Individual R&D - Redesigning Access for Immersive Work,11968,2026-03-02,March,Q4,Midlands,Charnwood,Visual arts,"£30,000 and below",Research and Development for Individuals,2026
Sharyn Wortman,How Can I Begin to Tell You? Unpacking the Arctic,11599,2026-03-02,March,Q4,London,Merton,Visual arts,"£30,000 and below",Research and Development for Individuals,2026
Anna Jefferson,Women over 50- imagined v reality R and D,8290,2026-03-02,March,Q4,South East,Brighton and Hove,Literature,"£30,000 and below",Research and Development for Individuals,2026
Thomas Heath-Harvey,COMMUNE,8000,2026-03-02,March,Q4,Midlands,Newark and Sherwood,Theatre,"£30,000 and below",Research and Development for Individuals,2026
Rachel Spungin,The Gaze Interrupted,12034,2026-03-02,March,Q4,London,Haringey,Visual arts,"£30,000 and below",Research and Development for Individuals,2026
Nathan Britton,Soho Music Land,12000,2026-03-02,March,Q4,London,Merton,Digital Arts,"£30,000 and below",Research and Development for Individuals,2026
Pamela Glintenkamp,R&D: Experimentation and skills development: archive-inspired generative AI sound and image,10000,2026-03-02,March,Q4,London,Tower Hamlets,Digital Arts,"£30,000 and below",Research and Development for Individuals,2026
Amanda Haran,Irregular Thread,12559,2026-03-02,March,Q4,Midlands,Amber Valley,Visual arts,"£30,000 and below",Research and Development for Individuals,2026
Holly Stevenson,"Messages In Mud: An R&D exploration into clay, performance and British cordwainers' folklore.",8000,2026-03-02,March,Q4,London,Greenwich,Visual arts,"£30,000 and below",Research and Development for Individuals,2026
Nilupa Yasmin,"R&D: Weaving Sculpture, Image, and Material Practice",12000,2026-03-02,March,Q4,Midlands,Birmingham,Not discipline specific,"£30,000 and below",Research and Development for Individuals,2026
Flywheel Productions,The Emperor 2,29878,2026-03-03,March,Q4,London,Southwark,Theatre,"£30,000 and below",Not Time-Limited Priority,2026
Libraries Unlimited South West,Devon Digital Skills Framework in Libraries,28852,2026-03-03,March,Q4,South West,Exeter,Libraries,"£30,000 and below",Universal Library Offers,2026
Inkandescent,Bold,29983,2026-03-03,March,Q4,London,Kensington and Chelsea,Literature,"£30,000 and below",Not Time-Limited Priority,2026
Moving Memory Dance Theatre,"We'll Take It From Here, Dear",29850,2026-03-03,March,Q4,South East,Folkestone and Hythe,Dance,"£30,000 and below",Not Time-Limited Priority,2026
Chloe Langlois,Hot Snakes,24722,2026-03-03,March,Q4,London,Southwark,Visual arts,"£30,000 and below",Not Time-Limited Priority,2026
Grooveschool,Grooveschool Re-Engage: Inclusive Music & Digital Arts,24500,2026-03-03,March,Q4,London,Lambeth,Music,"£30,000 and below",Not Time-Limited Priority,2026
Samara Langham,Who Are Your Eyes: dance work creation and premiere,22626,2026-03-03,March,Q4,London,Southwark,Dance,"£30,000 and below",Not Time-Limited Priority,2026
OxygenArts,Into the Light exhibition tour,29700,2026-03-03,March,Q4,London,Lambeth,Dance,"£30,000 and below",Not Time-Limited Priority,2026
Alexander Dennis,Building an Innovative and Sustainable Practice,24775,2026-03-03,March,Q4,South East,Luton,Visual arts,"£30,000 and below",Not Time-Limited Priority,2026
Gold & Silver Interprises CIC,‘Voices of River Moselle’ engages Haringey’s Supported Housing Community,32920,2026-03-03,March,Q4,London,Enfield,Combined arts,"£30,000 and below",Not Time-Limited Priority,2026
The Black Art Hub,Medway Lens,28500,2026-03-03,March,Q4,South East,Medway,Visual arts,"£30,000 and below",Not Time-Limited Priority,2026
African Activities CIC,The Nightjar Project,21655,2026-03-03,March,Q4,South West,New Forest,Theatre,"£30,000 and below",Not Time-Limited Priority,2026
Scott Peacock,On Track,35549,2026-03-03,March,Q4,South West,Tewkesbury,Theatre,"£30,000 and below",Not Time-Limited Priority,2026
David Whitaker,Saving Britney Revival 4th Resubmission,25120,2026-03-03,March,Q4,London,Croydon,Theatre,"£30,000 and below",Not Time-Limited Priority,2026
Abdoulaye Seck,"Simb of Senegal at South East Dance, Brighton",23740,2026-03-03,March,Q4,South East,Brighton and Hove,Dance,"£30,000 and below",Not Time-Limited Priority,2026
Clarke Reynolds,Mr Dots Dot Shop,34000,2026-03-03,March,Q4,South West,Havant,Visual arts,"£30,000 and below",Not Time-Limited Priority,2026
Amritha Jayakrishnan,London Margazhi 2026,20000,2026-03-03,March,Q4,London,Ealing,Dance,"£30,000 and below",Not Time-Limited Priority,2026
Edward Hopkins,WYRD SISTER,26520,2026-03-03,March,Q4,South East,North Norfolk,Theatre,"£30,000 and below",Not Time-Limited Priority,2026
Thenix Sound Foundation,The Unlimited Dream Company,25000,2026-03-03,March,Q4,South East,Canterbury,Visual arts,"£30,000 and below",Not Time-Limited Priority,2026
Jane Hayes Greenwood,A Complex Entanglement,14685,2026-03-03,March,Q4,London,Greenwich,Visual arts,"£30,000 and below",Not Time-Limited Priority,2026
John Houston,The Romney Flock and Tide Tales Part 1,29952,2026-03-03,March,Q4,South East,Folkestone and Hythe,Visual arts,"£30,000 and below",Not Time-Limited Priority,2026
Ipswich Windrush Society,"Windrush 78 – Heritage, Unity & Legacy",32549,2026-03-03,March,Q4,South East,Ipswich,Combined arts,"£30,000 and below",Not Time-Limited Priority,2026
Abigail Parkes,Transcribe,9338,2026-03-03,March,Q4,South West,Southampton,Literature,"£30,000 and below",Not Time-Limited Priority,2026
Harun Cehovic,Evo Evo R&D,24739,2026-03-03,March,Q4,London,Haringey,Theatre,"£30,000 and below",Not Time-Limited Priority,2026
Jam Nice CIC,Sound Futures: A Tiered Training Course Developing the Next Generation of Live Engineers,29957,2026-03-03,March,Q4,South West,"Bristol, City of",Music,"£30,000 and below",Not Time-Limited Priority,2026
Groundswell,Look Out! Newquay Festival 2026,32800,2026-03-03,March,Q4,South West,Cornwall,Combined arts,"£30,000 and below",Not Time-Limited Priority,2026
The Cholmondeleys,Bugs,7982,2026-03-03,March,Q4,South West,North Devon,Dance,"£30,000 and below",Not Time-Limited Priority,2026
Asian Pirate Musical Collective,NLPG O30 Nov25,56731,2026-03-03,March,Q4,London,Westminster,Theatre,"Above £30,000",Not Time-Limited Priority,2026
Sadler's Wells,Elevating Dance Talent: A National Talent Development Pipeline for the Future of Dance in England,1000000,2026-03-03,March,Q4,London,Islington,Dance,"Above £30,000 - Major Project",Not Time-Limited Priority,2026
The Bank of Dreams and Nightmares,NLPG O30 Nov25,88231,2026-03-03,March,Q4,South West,Dorset,Literature,"Above £30,000",Not Time-Limited Priority,2026
Council of the Isles of Scilly,NLPG O30 Nov25,87072,2026-03-03,March,Q4,South West,Isles of Scilly,Combined arts,"Above £30,000",Not Time-Limited Priority,2026
National Literacy Trust,Growing Lifelong Readers,300000,2026-03-03,March,Q4,London,Lambeth,Literature,"Above £30,000 - Major Project",Not Time-Limited Priority,2026
Southampton Forward,NLPG O30 Oct25,100000,2026-03-03,March,Q4,South West,Southampton,Combined arts,"Above £30,000",Not Time-Limited Priority,2026
Cultural Services - Portsmouth City Council,NLPG O30 Oct25,99495,2026-03-03,March,Q4,South West,Portsmouth,Combined arts,"Above £30,000",Not Time-Limited Priority,2026
Artbox London,NLPG O30 Oct25,81958,2026-03-03,March,Q4,London,Greenwich,Visual arts,"Above £30,000",Not Time-Limited Priority,2026
Dance Umbrella,Diversifying Curatorial Stewardship,350000,2026-03-03,March,Q4,London,Westminster,Dance,"Above £30,000 - Major Project",Not Time-Limited Priority,2026
Migration Museum Project,REMIX,405931,2026-03-03,March,Q4,London,Lewisham,Museums,"Above £30,000 - Major Project",Not Time-Limited Priority,2026
We Are Unlimited Arts,Unlimited Symposium,300000,2026-03-03,March,Q4,North,Wakefield,Not discipline specific,"Above £30,000 - Major Project",Not Time-Limited Priority,2026
Junction CDC Ltd,DISRUPT,241123,2026-03-03,March,Q4,South East,Cambridge,Combined arts,"Above £30,000 - Major Project",Not Time-Limited Priority,2026
Finborough Theatre,NLPG O30 Oct25,39740,2026-03-03,March,Q4,London,Kensington and Chelsea,Theatre,"Above £30,000",Not Time-Limited Priority,2026
Gren Bartley,NLPG O30 Oct25,90000,2026-03-04,March,Q4,Midlands,Dudley,Combined arts,"Above £30,000",Not Time-Limited Priority,2026
Sarah Saeed,NLPG O30 Oct25,55307,2026-03-04,March,Q4,South East,Brighton and Hove,Theatre,"Above £30,000",Not Time-Limited Priority,2026
Folkestone Museum,NLPG O30 Oct25,49000,2026-03-04,March,Q4,South East,Folkestone and Hythe,Museums,"Above £30,000",Unlocking Collections,2026
Rachel Stockdale-Cook,NLPG O30 Oct25,65890,2026-03-04,March,Q4,North,North Tyneside,Theatre,"Above £30,000",Not Time-Limited Priority,2026
Samia Malik,NLPG O30 Oct25,39915,2026-03-04,March,Q4,South East,Norwich,Combined arts,"Above £30,000",Not Time-Limited Priority,2026
Red Robin Productions,NLPG O30 Oct25,99999,2026-03-04,March,Q4,North,Sheffield,Dance,"Above £30,000",Not Time-Limited Priority,2026
Museum of Royal Worcester CIO,NLPG O30 Oct25,99999,2026-03-04,March,Q4,Midlands,Worcester,Museums,"Above £30,000",Unlocking Collections,2026
The Henry Moore Foundation,NLPG O30 Oct25,105680,2026-03-04,March,Q4,North,Leeds,Visual arts,"Above £30,000",Not Time-Limited Priority,2026
Culture Warrington,NLPG O30 Oct25,78847,2026-03-04,March,Q4,North,Warrington,Combined arts,"Above £30,000",Not Time-Limited Priority,2026
Little Seeds Music,NLPG O30 Oct25,76483,2026-03-04,March,Q4,South East,Cherwell,Theatre,"Above £30,000",Not Time-Limited Priority,2026
Studio Spectroscope,NLPG O30 Oct25,127000,2026-03-04,March,Q4,South West,"Bristol, City of",Combined arts,"Above £30,000",Not Time-Limited Priority,2026
Fun Guy Theatre Productions,NLPG O30 Oct25,51490,2026-03-04,March,Q4,South East,Woking,Theatre,"Above £30,000",Not Time-Limited Priority,2026
SV2G,NLPG O30 Oct25,98010,2026-03-04,March,Q4,South East,Buckinghamshire,Music,"Above £30,000",Not Time-Limited Priority,2026
Sandwell Library and Information Service,NLPG O30 Oct25,99908,2026-03-04,March,Q4,Midlands,Sandwell,Libraries,"Above £30,000",Universal Library Offers,2026
Black Country Dance Hub,NLPG O30 Oct25,100000,2026-03-04,March,Q4,Midlands,Walsall,Dance,"Above £30,000",Not Time-Limited Priority,2026
Adam Carver,NLPG O30 Oct25,107378,2026-03-04,March,Q4,Midlands,Birmingham,Music,"Above £30,000",Not Time-Limited Priority,2026
Hay Festival Foundation Ltd,NLPG O30 Oct25,99652,2026-03-04,March,Q4,Midlands,Powys,Combined arts,"Above £30,000",Not Time-Limited Priority,2026
Craig Brown,NLPG O30 Nov25,71827,2026-03-04,March,Q4,South East,West Oxfordshire,Theatre,"Above £30,000",Not Time-Limited Priority,2026
Tim and Barry,NLPG O30 Nov25,71645,2026-03-04,March,Q4,South East,Hastings,Music,"Above £30,000",Not Time-Limited Priority,2026
BRILLIANT BAMBOO CIC,NLPG O30 Nov25,50000,2026-03-04,March,Q4,Midlands,Stafford,Visual arts,"Above £30,000",Not Time-Limited Priority,2026
Roots Mbili Theatre,Never Look Back: A cultural and historical experience honouring the forgotten heroes of World War II,125000,2026-03-04,March,Q4,North,Sheffield,Theatre,"Above £30,000 - Over £100k application",Not Time-Limited Priority,2026
Holmfirth Arts Festival,Holmfirth Arts Festival - Flow year 3,30000,2026-03-04,March,Q4,North,Kirklees,Combined arts,"£30,000 and below",Not Time-Limited Priority,2026
YESYESNONO Productions,See Me Waving - new touring show & integrated youth engagement programme,24184,2026-03-04,March,Q4,London,Islington,Theatre,"£30,000 and below",Not Time-Limited Priority,2026
The Thomas-Ferdinand Gallery,The Artist Accelerator R&D,32452,2026-03-04,March,Q4,London,Barnet,Visual arts,"£30,000 and below",Not Time-Limited Priority,2026
Unsettled Theatre,'The Untold Fable of Fritz' 2026 Tour,10754,2026-03-04,March,Q4,South East,Bedford,Theatre,"£30,000 and below",Not Time-Limited Priority,2026
Concrete Youth,Blueprint 2026 R&D,50137,2026-03-04,March,Q4,North,"Kingston upon Hull, City of",Theatre,"£30,000 and below",Not Time-Limited Priority,2026
Rosemary Barrett,Sounding Out – Unlocking Museum Collections Through Music and Making,23400,2026-03-04,March,Q4,North,North Yorkshire,Museums,"£30,000 and below",Unlocking Collections,2026
Sensong Workshops CIC,SENSONG: SEND Songwriting & Music-Making Workshops,29995,2026-03-04,March,Q4,South East,Brighton and Hove,Music,"£30,000 and below",Not Time-Limited Priority,2026
Stuart Waters,Queer:mess R&D and building partnerships,30540,2026-03-04,March,Q4,South East,Eastbourne,Dance,"£30,000 and below",Not Time-Limited Priority,2026
Skedaddle Theatre Limited,Levelling up of Talent via A Brief Case of Crazy Show,33693,2026-03-04,March,Q4,North,Sheffield,Theatre,"£30,000 and below",Not Time-Limited Priority,2026
NorthCare Charity,Creative Crotchets,29376,2026-03-04,March,Q4,North,Salford,Theatre,"£30,000 and below",Not Time-Limited Priority,2026
THIRUNARAYAN PRODUCTIONS LTD,Holy Dirt-Community engagement and Touring ambitions,28800,2026-03-04,March,Q4,South East,Arun,Dance,"£30,000 and below",Not Time-Limited Priority,2026
Colum Findlay,Others: a new musical - development and public performances,34960,2026-03-04,March,Q4,London,Enfield,Theatre,"£30,000 and below",Not Time-Limited Priority,2026
Lancashire County Council Libraries,Culture Hacks Rishton Library,26781,2026-03-04,March,Q4,North,Preston,Libraries,"£30,000 and below",Universal Library Offers,2026
catherine barr,Big Walk to Little Schools Phase 2,11000,2026-03-04,March,Q4,Midlands,"Herefordshire, County of",Literature,"£30,000 and below",Not Time-Limited Priority,2026
Isabel Brittain,The Smalls - Creation and Testing for Community Touring,29620,2026-03-04,March,Q4,North,Leeds,Theatre,"£30,000 and below",Not Time-Limited Priority,2026
Madelaine Noddings,GET BETTER,25923,2026-03-04,March,Q4,South East,Brighton and Hove,Theatre,"£30,000 and below",Not Time-Limited Priority,2026
Abda Khan,The See-SAWW Project,22400,2026-03-04,March,Q4,Midlands,Solihull,Literature,"£30,000 and below",Not Time-Limited Priority,2026
Hunter Millington,Trans Joy on Tour: A Strategic Tour and Creative Outreach Programme,33562,2026-03-04,March,Q4,North,Bury,Theatre,"£30,000 and below",Not Time-Limited Priority,2026
Oliver Sutherland,Gorthyp Seni: Hidden Spaces Heard,12328,2026-03-04,March,Q4,South West,Plymouth,Visual arts,"£30,000 and below",Research and Development for Individuals,2026
Nanette Brimble,Documenting Bradford's Jazz Heritage,9000,2026-03-04,March,Q4,North,Bradford,Music,"£30,000 and below",Research and Development for Individuals,2026
Iman Sultan West,Iman Sultan West,11904,2026-03-04,March,Q4,South West,"Bristol, City of",Museums,"£30,000 and below",Research and Development for Individuals,2026
Ben Simpson,Wythenshawe Multi-sensory Archive: A Working-Class Town Centre at the Edge of Regeneration,11928,2026-03-04,March,Q4,North,Manchester,Visual arts,"£30,000 and below",Research and Development for Individuals,2026
Helen Kara,Creative Writing for Late-Diagnosed Neurodivergent Adults,25354,2026-03-04,March,Q4,Midlands,East Staffordshire,Literature,"£30,000 and below",Not Time-Limited Priority,2026
NCUH Charitable Funds,Unfold Further,29625,2026-03-04,March,Q4,North,Cumberland,Combined arts,"£30,000 and below",Not Time-Limited Priority,2026
Brighton Early Music Festival,Dream Lab: support for emerging artists to increase skills & to ‘dream big’ when developing new work,28382,2026-03-04,March,Q4,South East,Mid Sussex,Music,"£30,000 and below",Not Time-Limited Priority,2026
Pianka Maria Pärna,"Curtain Call - a queer, post-soviet Live Art ballet",27000,2026-03-04,March,Q4,London,Newham,Dance,"£30,000 and below",Not Time-Limited Priority,2026
Mohammed Siddique Akbar,Khandan Tour,35382,2026-03-04,March,Q4,North,Manchester,Theatre,"£30,000 and below",Not Time-Limited Priority,2026
The Centre for Processional Culture in the UK,The Centre for Processional Culture in the UK,29600,2026-03-04,March,Q4,North,Rossendale,Combined arts,"£30,000 and below",Not Time-Limited Priority,2026
Grace Oon Hooi Ng Ralph,Creatives House,33792,2026-03-04,March,Q4,North,Manchester,Combined arts,"£30,000 and below",Not Time-Limited Priority,2026
Intra Community Trust,IntraFest,29665,2026-03-04,March,Q4,South East,Medway,Combined arts,"£30,000 and below",Not Time-Limited Priority,2026
Nottingham City Council Library Service,Nottingham City & County Libraries: Joining and Celebrating the Living Knowledge Network,30000,2026-03-04,March,Q4,Midlands,Nottingham,Libraries,"£30,000 and below",Universal Library Offers,2026
"Centre of Wellbeing, Training & Culture",The Qawwali Connection,24661,2026-03-04,March,Q4,North,Oldham,Music,"£30,000 and below",Not Time-Limited Priority,2026
Speak Volumes Festival 2025,Speak Volumes Festival 2026,18646,2026-03-04,March,Q4,Midlands,Worcester,Combined arts,"£30,000 and below",Not Time-Limited Priority,2026
Orange Tree,Orange Tree Theatre – Richmond Myths,30000,2026-03-04,March,Q4,London,Richmond upon Thames,Theatre,"£30,000 and below",Not Time-Limited Priority,2026
Edward Hurst,Dream Park: creating the world’s greatest theme park R&D,25355,2026-03-04,March,Q4,North,Trafford,Theatre,"£30,000 and below",Not Time-Limited Priority,2026
Emily Cropton,Hefted,26149,2026-03-04,March,Q4,North,Scottish Borders,Visual arts,"£30,000 and below",Not Time-Limited Priority,2026
Three Score Dance Company,"Betwixt - Develop, Perform, Engage",29220,2026-03-04,March,Q4,South East,Brighton and Hove,Dance,"£30,000 and below",Not Time-Limited Priority,2026
Beverley Harling,Hey Good Lookin' Phase 1,29286,2026-03-04,March,Q4,South East,Hastings,Theatre,"£30,000 and below",Not Time-Limited Priority,2026
Mahamadou Kanoute,Jaliyaa Kumbengo: From West African Griot Traditions to Western Music & Improv,31902,2026-03-04,March,Q4,South East,Tameside,Music,"£30,000 and below",Not Time-Limited Priority,2026
Tyler Cunningham,Speak Up,30000,2026-03-04,March,Q4,Midlands,Stafford,Literature,"£30,000 and below",Not Time-Limited Priority,2026
James Baldwin,Sound Stories: a creative libraries project in prisons,31988,2026-03-04,March,Q4,London,"Herefordshire, County of",Literature,"£30,000 and below",Not Time-Limited Priority,2026
Ouseburn Trust,Ouseburn Festival 2026 - Local Artist Commissions,15089,2026-03-04,March,Q4,North,Newcastle upon Tyne,Combined arts,"£30,000 and below",Not Time-Limited Priority,2026
Matthew Denham,Threshold Ecologies,11997,2026-03-04,March,Q4,North,Newcastle upon Tyne,Digital Arts,"£30,000 and below",Research and Development for Individuals,2026
Tim Etchells,Individual R&D,15455,2026-03-04,March,Q4,North,Sheffield,Combined arts,"£30,000 and below",Research and Development for Individuals,2026
Annie Chapter,"Living Kinetics: R&D of Wind-Powered, Habitat-Integrated Eco-Sculpture",12000,2026-03-04,March,Q4,South West,"Bristol, City of",Visual arts,"£30,000 and below",Research and Development for Individuals,2026
Flora Parrott,Metalwork and Network,10900,2026-03-04,March,Q4,South East,Thanet,Visual arts,"£30,000 and below",Research and Development for Individuals,2026
Elizabeth Lanfear,Ferus Pigment: a project of regenerative and reciprocal colour,9454,2026-03-04,March,Q4,South West,Mid Devon,Visual arts,"£30,000 and below",Research and Development for Individuals,2026
Jessica Hitchman,Storytelling Research for 9 - 12s,11400,2026-03-04,March,Q4,North,York,Literature,"£30,000 and below",Research and Development for Individuals,2026
Emily McLennan,Radiating Connections,10850,2026-03-04,March,Q4,North,Stirling,Visual arts,"£30,000 and below",Research and Development for Individuals,2026
Pete Codling,Dust to Data,25000,2026-03-04,March,Q4,South West,Portsmouth,Visual arts,"£30,000 and below",Research and Development for Individuals,2026
Arty-Folks,Hand on Heart,32790,2026-03-05,March,Q4,Midlands,Coventry,Visual arts,"£30,000 and below",Not Time-Limited Priority,2026
Ruth Singer,Hand & Heart,41326,2026-03-05,March,Q4,Midlands,Charnwood,Visual arts,"£30,000 and below",Not Time-Limited Priority,2026
Samantha Peberdy,Tales in Textiles: Folklore of Leicester,24000,2026-03-05,March,Q4,Midlands,Leicester,Visual arts,"£30,000 and below",Universal Library Offers,2026
Assunta Ruocco,Assunta and Lou Spring Summer 26 programme,11800,2026-03-05,March,Q4,Midlands,Nottingham,Visual arts,"£30,000 and below",Not Time-Limited Priority,2026
Gather Create Grow CIC,Cosby Yarn Bomb 2026,29989,2026-03-05,March,Q4,Midlands,Blaby,Visual arts,"£30,000 and below",Not Time-Limited Priority,2026
Small Talk Productions Ltd,Allardici's (The Big Sam Musical) Phase 1: Community Engagement & Creative Development,18774,2026-03-05,March,Q4,Midlands,Lincoln,Theatre,"£30,000 and below",Not Time-Limited Priority,2026
The Emma Press,Beyond the Book - Primary & SEND 2026,28246,2026-03-05,March,Q4,Midlands,Birmingham,Literature,"£30,000 and below",Not Time-Limited Priority,2026
Jo-anne Cox,Enter the Dragon's Cave pre tour Research and Development,38216,2026-03-10,March,Q4,London,Waltham Forest,Theatre,"£30,000 and below",Not Time-Limited Priority,2026
Joe Sellman-Leava,COPYCAT - Research and Development,12300,2026-03-10,March,Q4,South West,Mid Devon,Theatre,"£30,000 and below",Research and Development for Individuals,2026
Daisy Dooks,Songwriting & Vocal R&D Residency (Fiskars AiR),30937,2026-03-10,March,Q4,North,Newcastle upon Tyne,Music,"£30,000 and below",Research and Development for Individuals,2026
Rose London,Artist Development in Heritage Blacksmithing,11862,2026-03-10,March,Q4,North,Manchester,Visual arts,"£30,000 and below",Research and Development for Individuals,2026
Jack Smith,"Atmospheric Firing for Today: Research into Accessible, Sustainable Methods",12000,2026-03-10,March,Q4,South East,Brighton and Hove,Visual arts,"£30,000 and below",Research and Development for Individuals,2026
Debbie Sharp,Beyond The Frame,23905,2026-03-10,March,Q4,South West,Cornwall,Combined arts,"£30,000 and below",Research and Development for Individuals,2026
April Key,Enduring Neon: Pennine Editions,12500,2026-03-10,March,Q4,North,Wakefield,Visual arts,"£30,000 and below",Research and Development for Individuals,2026
Alastair Knowles Lenoir,Ali R&D,14370,2026-03-10,March,Q4,South East,Thanet,Visual arts,"£30,000 and below",Research and Development for Individuals,2026
Suad Kamardeen,Writing My Father and Me Back to Health,11980,2026-03-10,March,Q4,London,South Cambridgeshire,Literature,"£30,000 and below",Research and Development for Individuals,2026
MINE KAPLANGI,Queering the Ends of the World: A Curatorial R&D Project,8200,2026-03-10,March,Q4,London,Folkestone and Hythe,Combined arts,"£30,000 and below",Research and Development for Individuals,2026
Jiahao Ji,Healing Panels: Co-create Comics as Self-care Approach,8861,2026-03-10,March,Q4,London,Richmond upon Thames,Visual arts,"£30,000 and below",Not Time-Limited Priority,2026
PRONK!,BIRTH: The Musical,27626,2026-03-10,March,Q4,London,Waltham Forest,Theatre,"£30,000 and below",Not Time-Limited Priority,2026
Wyatt Sinfonia,The Planets: Beyond Earth,20000,2026-03-10,March,Q4,London,Tower Hamlets,Music,"£30,000 and below",Not Time-Limited Priority,2026
Lake Space CIC,Lake Public Programme 2026,29850,2026-03-10,March,Q4,London,Lewisham,Visual arts,"£30,000 and below",Not Time-Limited Priority,2026
Cineatre,Merry Mubarak Resubmission,27940,2026-03-10,March,Q4,London,Tower Hamlets,Theatre,"£30,000 and below",Not Time-Limited Priority,2026
Eek & Wild,Under One Sky,14189,2026-03-10,March,Q4,London,Wandsworth,Dance,"£30,000 and below",Not Time-Limited Priority,2026
Emma Taylor,NewsRevue - Levelling Up,29540,2026-03-10,March,Q4,London,Westminster,Combined arts,"£30,000 and below",Not Time-Limited Priority,2026
The Spitz,Reaching Out 2026,29995,2026-03-10,March,Q4,London,Islington,Music,"£30,000 and below",Not Time-Limited Priority,2026
JUST INCARNIVAL Arts and Culture CIC,JUST INCARNIVAL - Carnival 360 Barnet: Mas | Pan | Community,27000,2026-03-10,March,Q4,London,Barnet,Combined arts,"£30,000 and below",Not Time-Limited Priority,2026
Tanya Truman,How To Make a Mess - New Musical,31647,2026-03-10,March,Q4,London,Islington,Theatre,"£30,000 and below",Not Time-Limited Priority,2026
Dervish Productions,PUNK DAYS,29792,2026-03-10,March,Q4,London,Bexley,Theatre,"£30,000 and below",Not Time-Limited Priority,2026
Yeovil Art Space,Yeovil Reimagine,203500,2026-03-10,March,Q4,South West,Somerset,Combined arts,"Above £30,000 - Place Partnership project",Not Time-Limited Priority,2026
Read Now Write Now,Knowsley Novels: Creative Writing Project for Adult Beginners in Knowsley,21564,2026-03-11,March,Q4,North,Wirral,Libraries,"£30,000 and below",Universal Library Offers,2026
Patrick Swain,Drone Play R&D,18240,2026-03-11,March,Q4,North,Cheshire East,Theatre,"£30,000 and below",Not Time-Limited Priority,2026
Margate Pride CIC,Margate Pride 2026: 10-year anniversary,30000,2026-03-11,March,Q4,South East,Thanet,Combined arts,"£30,000 and below",Not Time-Limited Priority,2026
Hannah Maxwell,"TURN YOUR F***ING PHONES OFF: R&D, workshops & presentation",29679,2026-03-11,March,Q4,South East,North Hertfordshire,Theatre,"£30,000 and below",Not Time-Limited Priority,2026
LW Arts CIC,CommuniTree Participatory Festival of Global Music and Dance 2026,29480,2026-03-11,March,Q4,Midlands,Rushcliffe,Combined arts,"£30,000 and below",Not Time-Limited Priority,2026
originalprojects,"By Doing, Together: Shared Stewardship in Practice",28590,2026-03-11,March,Q4,South East,Great Yarmouth,Combined arts,"£30,000 and below",Not Time-Limited Priority,2026
Victoria Moran,Life Before The Line - R&D,32335,2026-03-11,March,Q4,South East,Windsor and Maidenhead,Theatre,"£30,000 and below",Not Time-Limited Priority,2026
Silent Uproar Productions,Silent Uproar's 2026 Queer Community Programme,30850,2026-03-11,March,Q4,North,"Kingston upon Hull, City of",Theatre,"£30,000 and below",Not Time-Limited Priority,2026
Sarnai Byambadorj,Dance for healthier aging,7500,2026-03-11,March,Q4,North,Blackpool,Dance,"£30,000 and below",Not Time-Limited Priority,2026
frank prazer,Black Country Multicultural Weekend,29500,2026-03-11,March,Q4,South East,Luton,Combined arts,"£30,000 and below",Not Time-Limited Priority,2026
-,-,27394,2026-03-11,March,Q4,South East,Brighton and Hove,Visual arts,"£30,000 and below",Not Time-Limited Priority,2026
Circle 101,Leicester Mela Festival (LMF) 2026,30000,2026-03-11,March,Q4,Midlands,Leicester,Combined arts,"£30,000 and below",Not Time-Limited Priority,2026
Creative Workshop Coaches,Creative Workshop Coaches : Making it Happen,29695,2026-03-11,March,Q4,Midlands,Warwick,Not discipline specific,"£30,000 and below",Not Time-Limited Priority,2026
In Between Time,Breathe,30000,2026-03-11,March,Q4,South West,North Somerset,Visual arts,"£30,000 and below",Not Time-Limited Priority,2026
Bruce Ncube,Cultural Creatives - Bruce Ncube meets Mr Will,29400,2026-03-11,March,Q4,Midlands,Lichfield,Music,"£30,000 and below",Not Time-Limited Priority,2026
Osun Arts Foundation,Exploring Culture From The Root,28500,2026-03-11,March,Q4,North,Liverpool,Combined arts,"£30,000 and below",Not Time-Limited Priority,2026
The Krazy Kat Theatre Company,Visible Voices a Communication Workshop,27265,2026-03-11,March,Q4,South East,Brighton and Hove,Theatre,"£30,000 and below",Not Time-Limited Priority,2026
Patchwork Community Music,Patchwork Music Performance Programme in Sunderland,10855,2026-03-11,March,Q4,North,Newcastle upon Tyne,Music,"£30,000 and below",Not Time-Limited Priority,2026
Monika Johnson,EARTH CALLING BEAR-STRONAUT!,24960,2026-03-11,March,Q4,Midlands,Rushcliffe,Theatre,"£30,000 and below",Not Time-Limited Priority,2026
GIFT,GIFT 2026,30000,2026-03-11,March,Q4,North,Gateshead,Combined arts,"£30,000 and below",Not Time-Limited Priority,2026
Olana Light,Between Land and Tide,30000,2026-03-11,March,Q4,South West,Havant,Combined arts,"£30,000 and below",Not Time-Limited Priority,2026
Pauline Giacomelli Harris,Warwick Children's Literary Festival,5850,2026-03-11,March,Q4,Midlands,Warwick,Literature,"£30,000 and below",Not Time-Limited Priority,2026
Ashley Dilks,Drink and Draw Bakewell,2596,2026-03-11,March,Q4,Midlands,Derbyshire Dales,Visual arts,"£30,000 and below",Not Time-Limited Priority,2026
Joe Strickland,Horrorshow: Gig Theatre Development,29962,2026-03-11,March,Q4,Midlands,Nottingham,Theatre,"£30,000 and below",Not Time-Limited Priority,2026
Solid Purpose Community Change CIC,Shared Frequencies,8500,2026-03-11,March,Q4,North,Trafford,Music,"£30,000 and below",Not Time-Limited Priority,2026
Sarah Maple,Mixed Heritage Photography,22120,2026-03-11,March,Q4,South East,Crawley,Visual arts,"£30,000 and below",Not Time-Limited Priority,2026
David J Shaw,Jaywick Youth Visual Storytelling Project,19952,2026-03-11,March,Q4,South East,Hastings,Visual arts,"£30,000 and below",Not Time-Limited Priority,2026
The butterfly effected,The Big Heart Projects Blackpool,12500,2026-03-11,March,Q4,North,Blackpool,Visual arts,"£30,000 and below",Not Time-Limited Priority,2026
Alex Modiano,The Divine Trinity Immersive Experience,26731,2026-03-11,March,Q4,South East,Buckinghamshire,Music,"£30,000 and below",Not Time-Limited Priority,2026
Hollie Notman,The Pop-up Cardboard Museum of Natural History from the Future - 2.0,32500,2026-03-11,March,Q4,North,Redcar and Cleveland,Visual arts,"£30,000 and below",Not Time-Limited Priority,2026
Bradford Culture Company Ltd,Beyond Bradford 2025,1500000,2026-03-11,March,Q4,North,Bradford,Combined arts,"Above £30,000 - Place Partnership project",Not Time-Limited Priority,2026
Phoebe Rowell John,Developing an International Theatre Practice and Network,5020,2026-03-11,March,Q4,London,Islington,Theatre,"£30,000 and below",Research and Development for Individuals,2026
Tom Mence,New Knowledge via Visual Stuttering,11336,2026-03-11,March,Q4,Midlands,Malvern Hills,Visual arts,"£30,000 and below",Research and Development for Individuals,2026
Yuliya Trishkeu,Sunflowers: World Premiere of Chamber Vocal Work by Adam Gorb,1100,2026-03-11,March,Q4,North,Manchester,Music,"£30,000 and below",Not Time-Limited Priority,2026
Andrew Cameron,Documentary & Film Photography,3715,2026-03-11,March,Q4,South West,Basingstoke and Deane,Visual arts,"£30,000 and below",Research and Development for Individuals,2026
Juliet Brown,Exploring My Songwriting Identity (R&D),7548,2026-03-11,March,Q4,South East,Windsor and Maidenhead,Music,"£30,000 and below",Research and Development for Individuals,2026
Phillip Jaype Omotosho,To My Art I Must Be True,15000,2026-03-11,March,Q4,London,Enfield,Theatre,"£30,000 and below",Research and Development for Individuals,2026
Suleiman Suleiman,Kabuki–Film–Dance Hybrid Language: Research & Development,12000,2026-03-11,March,Q4,London,Camden,Theatre,"£30,000 and below",Research and Development for Individuals,2026
Rebecca Skinner,Stitched into History,12998,2026-03-11,March,Q4,North,Cumberland,Museums,"£30,000 and below",Research and Development for Individuals,2026
Rose Attridge,Soul in Cyan: Visualising the Emotional Power of Live Music,11500,2026-03-11,March,Q4,Midlands,North Northamptonshire,Combined arts,"£30,000 and below",Research and Development for Individuals,2026
Tayla Kenyon,Tell Me Where It Hurts,29971,2026-03-11,March,Q4,South East,Birmingham,Theatre,"£30,000 and below",Not Time-Limited Priority,2026
Sarah Taylor,"SOLSTICE, creation and tour",30000,2026-03-11,March,Q4,South West,Cornwall,Dance,"£30,000 and below",Not Time-Limited Priority,2026
Aimi Jayne Donnelly,Hidden Places,13823,2026-03-12,March,Q4,Midlands,Coventry,Visual arts,"£30,000 and below",Research and Development for Individuals,2026
M Gallego,Inclusive Ballroom Dance: Developing an Accessible Teaching Framework,10000,2026-03-12,March,Q4,London,Wandsworth,Dance,"£30,000 and below",Research and Development for Individuals,2026
Hannah Rolley,Unearthed,19060,2026-03-12,March,Q4,Midlands,West Northamptonshire,Literature,"£30,000 and below",Research and Development for Individuals,2026
Hazel Sealeaf,The Universal*-Ish Declaration of Human Rights,11560,2026-03-12,March,Q4,Midlands,Birmingham,Visual arts,"£30,000 and below",Research and Development for Individuals,2026
Sam Williams,The Disorderly Garden R&D,10976,2026-03-12,March,Q4,London,Hackney,Visual arts,"£30,000 and below",Research and Development for Individuals,2026
Pablo Herrera Trujillo,The Music Lab Training & Testing,13000,2026-03-12,March,Q4,London,Waltham Forest,Music,"£30,000 and below",Research and Development for Individuals,2026
Melissa Addey,The Regency Outsiders,11978,2026-03-12,March,Q4,London,Merton,Literature,"£30,000 and below",Research and Development for Individuals,2026
Emma Bentley Fox,Safelight R&D,25076,2026-03-12,March,Q4,London,Lambeth,Combined arts,"£30,000 and below",Research and Development for Individuals,2026
David Goodenough,The Multimedia Producer: Digital Upskilling & Remote Collaboration R&D,12000,2026-03-12,March,Q4,London,Camden,Music,"£30,000 and below",Research and Development for Individuals,2026
Kate Chapman,Ears Wide Open,12000,2026-03-12,March,Q4,Midlands,Broxtowe,Not discipline specific,"£30,000 and below",Research and Development for Individuals,2026
Susannah Weiland,Expanded Drawing,5220,2026-03-12,March,Q4,London,Richmond upon Thames,Visual arts,"£30,000 and below",Research and Development for Individuals,2026
Longfield Hall Trust,Longfield Hall Theatre's Young Company production of The Trials,29525,2026-03-17,March,Q4,London,Lambeth,Theatre,"£30,000 and below",Not Time-Limited Priority,2026
Compass Collective,Next Stage,30000,2026-03-17,March,Q4,London,Lambeth,Theatre,"£30,000 and below",Not Time-Limited Priority,2026
Jenny Witzel,WORK WHILE THEY $LEEP! resubmission,27168,2026-03-17,March,Q4,South West,"Bristol, City of",Theatre,"£30,000 and below",Not Time-Limited Priority,2026
Jackson Rouse,Jackson Rouse - The Live Series/EP,3700,2026-03-17,March,Q4,London,Wandsworth,Visual arts,"£30,000 and below",Not Time-Limited Priority,2026
Ted Tinkler,"Tactility, mosaics & lace - exhibition & workshop series in SE London",10788,2026-03-17,March,Q4,London,Greenwich,Visual arts,"£30,000 and below",Not Time-Limited Priority,2026
Play Nicely Theatre,There is a Light and a Whistle for Attracting Attention festival tour,23839,2026-03-17,March,Q4,South East,Cornwall,Theatre,"£30,000 and below",Not Time-Limited Priority,2026
The Vandens Karta Ensemble,Magdalena: Embedded BSL Development and Premiere,16610,2026-03-17,March,Q4,London,Islington,Theatre,"£30,000 and below",Not Time-Limited Priority,2026
Sebastian Mayer,Hannibaby,29992,2026-03-18,March,Q4,London,Haringey,Theatre,"£30,000 and below",Not Time-Limited Priority,2026
Ridiculusmus Theatre Company,Alas! Poor Yorick tour April 2026,3628,2026-03-18,March,Q4,London,Barnet,Theatre,"£30,000 and below",Not Time-Limited Priority,2026
Tmesis Theatre,Physical Fest 26/ R&D,29905,2026-03-18,March,Q4,North,Liverpool,Theatre,"£30,000 and below",Not Time-Limited Priority,2026
Sunderland Literacy Aid,Creative Compass,29750,2026-03-18,March,Q4,North,Sunderland,Not discipline specific,"£30,000 and below",Not Time-Limited Priority,2026
Charlie Baylis,Anthropocene writing workshops,4079,2026-03-18,March,Q4,Midlands,Nottingham,Literature,"£30,000 and below",Not Time-Limited Priority,2026
Maximilian Hombach,libiversary #03,26390,2026-03-18,March,Q4,South East,Thanet,Combined arts,"£30,000 and below",Not Time-Limited Priority,2026
Philip Pearson,DJ IN LIBRARIES EXPERIENCE 26,18200,2026-03-18,March,Q4,Midlands,Gedling,Theatre,"£30,000 and below",Not Time-Limited Priority,2026
Veritas Theatre Company,Blindfolded,29901,2026-03-18,March,Q4,South East,Vale of White Horse,Theatre,"£30,000 and below",Not Time-Limited Priority,2026
Arts 2 Heal,Made by Many Hands,28500,2026-03-18,March,Q4,North,Blackburn with Darwen,Visual arts,"£30,000 and below",Not Time-Limited Priority,2026
RAWD CIO,Write to Thrive: RAWD x Tip Tray Co-Devised Collaboration 2026,34833,2026-03-18,March,Q4,North,Liverpool,Theatre,"£30,000 and below",Not Time-Limited Priority,2026
Melodramatic Productions Ltd,Romeo & Juliet New Production R&D,29212,2026-03-18,March,Q4,South East,Milton Keynes,Theatre,"£30,000 and below",Not Time-Limited Priority,2026
Essex County Council,Jaywick’s Creative Library Project,28500,2026-03-18,March,Q4,South East,Chelmsford,Combined arts,"£30,000 and below",Universal Library Offers,2026
Scala Worcester,Scala Launch Party: Fire and Folk,29950,2026-03-18,March,Q4,Midlands,Worcester,Combined arts,"£30,000 and below",Not Time-Limited Priority,2026
OSR Projects,NLPG O30 Jan26,49845,2026-03-18,March,Q4,South West,Somerset,Visual arts,"Above £30,000",Not Time-Limited Priority,2026
International Documentary Festival Sheffield,NLPG O30 Jan26,107775,2026-03-18,March,Q4,North,Sheffield,Digital Arts,"Above £30,000",Not Time-Limited Priority,2026
Relish Theatre,NLPG O30 Jan26,102460,2026-03-18,March,Q4,London,Haringey,Theatre,"Above £30,000",Not Time-Limited Priority,2026
Misty Dampier,Music is for Everyone,2600,2026-03-18,March,Q4,London,Newham,Music,"£30,000 and below",Not Time-Limited Priority,2026
Wimbledon BookFest,Wimbledon Bookfest 2026,30000,2026-03-18,March,Q4,London,Merton,Literature,"£30,000 and below",Not Time-Limited Priority,2026
Counterminers CIC,As Yet UnScene,30000,2026-03-18,March,Q4,South East,Hertsmere,Theatre,"£30,000 and below",Not Time-Limited Priority,2026
Leicester City Council (Festivals & Events),Riverside Festival 2026,29500,2026-03-18,March,Q4,Midlands,Leicester,Combined arts,"£30,000 and below",Not Time-Limited Priority,2026
Sutton on Sea & Trusthorpe Carnival,Sutton-on-Sea Carnival 2026,29989,2026-03-18,March,Q4,Midlands,East Lindsey,Combined arts,"£30,000 and below",Not Time-Limited Priority,2026
INDUS ARTS FESTIVAL LIMITED,MYSTIC TRADITION SERIES,30000,2026-03-18,March,Q4,South East,Fenland,Music,"£30,000 and below",Not Time-Limited Priority,2026
Edrahil Lucifer,Carnival Creed 2026: The Legacy of 60,30000,2026-03-18,March,Q4,South East,Reading,Combined arts,"£30,000 and below",Not Time-Limited Priority,2026
Ashbourne Arts Ltd,Night Watch Ashbourne,29976,2026-03-18,March,Q4,Midlands,Derbyshire Dales,Combined arts,"£30,000 and below",Not Time-Limited Priority,2026
Brit Seaton,Quiet Time,22705,2026-03-18,March,Q4,North,Manchester,Visual arts,"£30,000 and below",Not Time-Limited Priority,2026
Karma Dance (Mental Health & Trauma) CIC,Boot Polish,29654,2026-03-18,March,Q4,North,Leeds,Dance,"£30,000 and below",Not Time-Limited Priority,2026
Tina Hagger,A Woman's Place Is....,9000,2026-03-18,March,Q4,South East,Swale,Visual arts,"£30,000 and below",Not Time-Limited Priority,2026
Nikki & JD,NLPG O30 Jan26,64679,2026-03-18,March,Q4,London,Hackney,Theatre,"Above £30,000",Not Time-Limited Priority,2026
Let's Go Yorkshire,NLPG O30 Jan26,74000,2026-03-18,March,Q4,North,Kirklees,Visual arts,"Above £30,000",Not Time-Limited Priority,2026
Wimborne Minster Town Council,NLPG O30 Dec25,76993,2026-03-18,March,Q4,South West,Dorset,Combined arts,"Above £30,000",Not Time-Limited Priority,2026
Wac Arts,NLPG O30 Dec25,60000,2026-03-18,March,Q4,London,Camden,Combined arts,"Above £30,000",Not Time-Limited Priority,2026
GL4 CIC,NLPG O30 Dec25,103137,2026-03-18,March,Q4,South West,Gloucester,Combined arts,"Above £30,000",Not Time-Limited Priority,2026
Roustabout Theatre,NLPG O30 Dec25,99294,2026-03-18,March,Q4,South West,"Bristol, City of",Theatre,"Above £30,000",Not Time-Limited Priority,2026
Preston City Council,NLPG O30 Dec25,79000,2026-03-18,March,Q4,North,Preston,Combined arts,"Above £30,000",Not Time-Limited Priority,2026
Collective Encounters,NLPG O30 Dec25,109360,2026-03-18,March,Q4,North,Liverpool,Theatre,"Above £30,000",Not Time-Limited Priority,2026
Caboclos Ltd,Catapluf Dreamweavers - Building Bridges Through Music and Stories,29186,2026-03-18,March,Q4,London,Lewisham,Combined arts,"£30,000 and below",Not Time-Limited Priority,2026
The Untold Orchestra,NLPG O30 Dec25,37500,2026-03-18,March,Q4,North,Manchester,Music,"Above £30,000",Not Time-Limited Priority,2026
Wentworth Woodhouse Preservation Trust,NLPG O30 Dec25,56500,2026-03-18,March,Q4,North,Rotherham,Combined arts,"Above £30,000",Not Time-Limited Priority,2026
DreamArts,NLPG O30 Dec25,90000,2026-03-18,March,Q4,London,Westminster,Theatre,"Above £30,000",Not Time-Limited Priority,2026
Rebecca Johnson,NLPG O30 Dec25,41592,2026-03-18,March,Q4,South West,New Forest,Literature,"Above £30,000",Not Time-Limited Priority,2026
Adam Henry Kammerling,NLPG O30 Dec25,36910,2026-03-18,March,Q4,London,Waltham Forest,Literature,"Above £30,000",Not Time-Limited Priority,2026
Mudbelly Teaches,NLPG O30 Dec25,100000,2026-03-18,March,Q4,London,Redbridge,Visual arts,"Above £30,000",Not Time-Limited Priority,2026
D6 Culture Ltd,NLPG O30 Dec25,57565,2026-03-18,March,Q4,North,Newcastle upon Tyne,Visual arts,"Above £30,000",Not Time-Limited Priority,2026
Erica Mulkern,NLPG O30 Dec25,36360,2026-03-18,March,Q4,North,Bradford,Dance,"Above £30,000",Not Time-Limited Priority,2026
Jonluke McKie,NLPG O30 Dec25,40850,2026-03-18,March,Q4,North,North Tyneside,Theatre,"Above £30,000",Not Time-Limited Priority,2026
Bloc Projects,NLPG O30 Dec25,69556,2026-03-18,March,Q4,North,Sheffield,Visual arts,"Above £30,000",Not Time-Limited Priority,2026
Pirates of the Carabina,NLPG O30 Dec25,89090,2026-03-18,March,Q4,South West,Somerset,Theatre,"Above £30,000",Not Time-Limited Priority,2026
New Diorama,NLPG O30 Nov25,75000,2026-03-18,March,Q4,London,Camden,Theatre,"Above £30,000",Not Time-Limited Priority,2026
REDRUTH FORMER LIBRARY,NLPG O30 Dec25,37393,2026-03-18,March,Q4,South West,Cornwall,Theatre,"Above £30,000",Not Time-Limited Priority,2026
Royal Shakespeare Company,RSC Touring 2026-2029,2019149,2026-03-18,March,Q4,Midlands,Stratford-on-Avon,Theatre,"Above £30,000 - Over £30k Touring project",Not Time-Limited Priority,2026
ECH,NLPG O30 Dec25,64424,2026-03-18,March,Q4,London,Newham,Visual arts,"Above £30,000",Not Time-Limited Priority,2026
Black Gold Arts Festival,NLPG O30 Dec25,42650,2026-03-18,March,Q4,North,Manchester,Combined arts,"Above £30,000",Not Time-Limited Priority,2026
Tuba Dance Theatre LTD,NLPG O30 Nov25,43084,2026-03-18,March,Q4,London,Newham,Combined arts,"Above £30,000",Not Time-Limited Priority,2026
Reach Inclusive Arts,NLPG O30 Nov25,92579,2026-03-18,March,Q4,South West,Swindon,Theatre,"Above £30,000",Not Time-Limited Priority,2026
Ukon Careers,NLPG O30 Nov25,76748,2026-03-18,March,Q4,London,Barking and Dagenham,Combined arts,"Above £30,000",Not Time-Limited Priority,2026
Equal Arts,NLPG O30 Nov25,74400,2026-03-18,March,Q4,North,Newcastle upon Tyne,Visual arts,"Above £30,000",Not Time-Limited Priority,2026
Sunderland Music Arts and Culture Trust,NLPG O30 Nov25,72500,2026-03-18,March,Q4,North,Sunderland,Combined arts,"Above £30,000",Not Time-Limited Priority,2026
Exmouth Festival,NLPG O30 Nov25,39500,2026-03-18,March,Q4,South West,East Devon,Combined arts,"Above £30,000",Not Time-Limited Priority,2026
ArtichokePrintWorkshop,NLPG O30 Nov25,59815,2026-03-18,March,Q4,London,Lambeth,Visual arts,"Above £30,000",Not Time-Limited Priority,2026
Preston City Mela,NLPG O30 Nov25,66602,2026-03-18,March,Q4,North,Preston,Combined arts,"Above £30,000",Not Time-Limited Priority,2026
Playing ON,NLPG O30 Nov25,59589,2026-03-18,March,Q4,London,Lewisham,Theatre,"Above £30,000",Not Time-Limited Priority,2026
Stephanie Singer,NLPG O30 Nov 2025,73320,2026-03-18,March,Q4,London,Lambeth,Music,"Above £30,000",Not Time-Limited Priority,2026
Jessica Wright,NLPG O30 Nov 2025,82370,2026-03-18,March,Q4,London,Newham,Dance,"Above £30,000",Not Time-Limited Priority,2026
In Bed With My Brother,Philosophy of the World,104926,2026-03-18,March,Q4,South West,Exeter,Theatre,"Above £30,000 - Over £30k Touring project",Not Time-Limited Priority,2026
Luca Rutherford,NLPG O30 Nov25,72466,2026-03-18,March,Q4,North,Newcastle upon Tyne,Theatre,"Above £30,000",Not Time-Limited Priority,2026
The Habbit Factory,NLPG O30 Nov25,63500,2026-03-18,March,Q4,London,Havering,Theatre,"Above £30,000",Not Time-Limited Priority,2026
Mahogany Opera Group,NLPG O30 Nov25,69390,2026-03-18,March,Q4,North,Cumberland,Music,"Above £30,000",Not Time-Limited Priority,2026
Joseph Morgan Schofield,NLPG O30 Oct25,80000,2026-03-18,March,Q4,London,Lewisham,Combined arts,"Above £30,000",Not Time-Limited Priority,2026
JW3 Trust Ltd,NLPG O30 Oct25,64456,2026-03-18,March,Q4,London,Camden,Combined arts,"Above £30,000",Not Time-Limited Priority,2026
Blue Cabin CIO,NLPG O30 Oct25,54115,2026-03-18,March,Q4,North,Gateshead,Visual arts,"Above £30,000",Not Time-Limited Priority,2026
SI Leeds Literary Prize,NLPG O30 Oct25,55165,2026-03-18,March,Q4,North,Calderdale,Literature,"Above £30,000",Not Time-Limited Priority,2026
Neon Dance,NLPG O30 Oct25,85850,2026-03-18,March,Q4,South West,Swindon,Dance,"Above £30,000",Not Time-Limited Priority,2026
The Firebird Theatre,NLPG O30 Oct25,75875,2026-03-18,March,Q4,South West,"Bristol, City of",Theatre,"Above £30,000",Not Time-Limited Priority,2026
The Future is Ours,NLPG O30 Oct25,71255,2026-03-18,March,Q4,North,Manchester,Visual arts,"Above £30,000",Not Time-Limited Priority,2026
Rian Treanor,NLPG O30 Nov25,60000,2026-03-18,March,Q4,North,Rotherham,Music,"Above £30,000",Not Time-Limited Priority,2026
Small Things Dance Collective,NLPG O30 Nov25,56000,2026-03-18,March,Q4,North,St. Helens,Dance,"Above £30,000",Not Time-Limited Priority,2026
Collage Arts,NLPG O30 Nov25,63910,2026-03-18,March,Q4,London,Haringey,Combined arts,"Above £30,000",Not Time-Limited Priority,2026
Room 13 Hareclive,NLPG O30 Nov25,44700,2026-03-18,March,Q4,South West,"Bristol, City of",Visual arts,"Above £30,000",Not Time-Limited Priority,2026
Basingstoke and Deane Borough Council,NLPG O30 Nov25,40393,2026-03-18,March,Q4,South West,Basingstoke and Deane,Combined arts,"Above £30,000",Not Time-Limited Priority,2026
The Mowlem Theatre,NLPG O30 Oct25,35208,2026-03-18,March,Q4,South West,Dorset,Combined arts,"Above £30,000",Not Time-Limited Priority,2026
MACFEST UK,NLPG O30 Oct25,100000,2026-03-18,March,Q4,North,Manchester,Combined arts,"Above £30,000",Not Time-Limited Priority,2026
Somerset Libraries (Somerset Council),NLPG O30 Oct25,75674,2026-03-18,March,Q4,South West,Somerset,Libraries,"Above £30,000",Universal Library Offers,2026
La Petite Mort Theatre,NLPG O30 Oct25,59256,2026-03-18,March,Q4,North,Wyre,Dance,"Above £30,000",Not Time-Limited Priority,2026
Blackpool Arts Service,NLPG O30 Oct25,96500,2026-03-18,March,Q4,North,Blackpool,Visual arts,"Above £30,000",Not Time-Limited Priority,2026
National Poetry Centre,NLPG O30 Oct25,99945,2026-03-18,March,Q4,North,Leeds,Literature,"Above £30,000",Not Time-Limited Priority,2026
Fallen Angels Dance Theatre,NLPG O30 Oct25,45736,2026-03-18,March,Q4,North,Cheshire West and Chester,Dance,"Above £30,000",Not Time-Limited Priority,2026
Leeds Lieder,NLPG O30 Oct25,59500,2026-03-18,March,Q4,North,Leeds,Music,"Above £30,000",Not Time-Limited Priority,2026
Ri Ri's Dance Academy,The Magic Stick Tour 2026,52785,2026-03-19,March,Q4,North,Tameside,Combined arts,"Above £30,000 - Over £30k Touring project",Not Time-Limited Priority,2026
Rhum & Clay Theatre Company,Technicolor regional midscale tour,99000,2026-03-19,March,Q4,London,Camden,Theatre,"Above £30,000 - Over £30k Touring project",Not Time-Limited Priority,2026
Sonrisa Arts CIC,Dance in the Dark - National Tour,99930,2026-03-19,March,Q4,Midlands,Warwick,Theatre,"Above £30,000 - Over £30k Touring project",Not Time-Limited Priority,2026
Ramshacklicious Ltd,Truth - Inclusive accesible touring 2026,67023,2026-03-19,March,Q4,South West,Bath and North East Somerset,Combined arts,"Above £30,000 - Over £30k Touring project",Not Time-Limited Priority,2026
Kadir Karababa,One Song,67733,2026-03-19,March,Q4,London,Hackney,Combined arts,"Above £30,000 - Over £30k Touring project",Not Time-Limited Priority,2026
Unicorn Theatre London Ltd,Tim Crouch's Toto Kerblammo!,48740,2026-03-19,March,Q4,London,Southwark,Theatre,"Above £30,000 - Over £30k Touring project",Not Time-Limited Priority,2026
On The Wire Prodcutions CIC,Fell 2026 - Community tour and workshop programme,35000,2026-03-19,March,Q4,South West,East Devon,Theatre,"Above £30,000 - Over £30k Touring project",Not Time-Limited Priority,2026
Zoe Hopper,NLPG O30 Nov25,83498,2026-03-19,March,Q4,South East,Tendring,Theatre,"Above £30,000",Not Time-Limited Priority,2026
Arts Melbourne CIC,NLPG O30 Oct25,53706,2026-03-19,March,Q4,Midlands,South Derbyshire,Combined arts,"Above £30,000",Not Time-Limited Priority,2026
The Sixteen,The Sixteen: Choral Pilgrimage 2026,65000,2026-03-19,March,Q4,London,Westminster,Music,"Above £30,000 - Over £30k Touring project",Not Time-Limited Priority,2026
Platform Thirty1 Limited,NLPG O30 Oct25,104000,2026-03-19,March,Q4,Midlands,Bolsover,Combined arts,"Above £30,000",Not Time-Limited Priority,2026
Brixton Chamber Orchestra,Estates Tours 2025/26,57566,2026-03-19,March,Q4,London,Lambeth,Music,"Above £30,000 - Over £30k Touring project",Not Time-Limited Priority,2026
ZoieLogic Dance Theatre,ZoieLogic Touring Programme: Ride & The Ostentatious Ball,72887,2026-03-19,March,Q4,South West,Southampton,Dance,"Above £30,000 - Over £30k Touring project",Not Time-Limited Priority,2026
Dylan Faye,NLPG O30 Nov 2025,42233,2026-03-19,March,Q4,South East,Gravesham,Not discipline specific,"Above £30,000",Not Time-Limited Priority,2026
"Museum of Oxford, Oxford City Council",NLPG O30 Nov25,84409,2026-03-19,March,Q4,South East,Oxford,Music,"Above £30,000",Not Time-Limited Priority,2026
Art Voyage Biennial CIC,NLPG O30 Dec25,49175,2026-03-19,March,Q4,South East,Mole Valley,Visual arts,"Above £30,000",Not Time-Limited Priority,2026
Yes/No Productions,NLPG O30 Dec25,49165,2026-03-19,March,Q4,South East,Brighton and Hove,Theatre,"Above £30,000",Not Time-Limited Priority,2026
LIT THEATRE COMPANY LTD,NLPG O30 Dec25,45000,2026-03-19,March,Q4,Midlands,Nottingham,Theatre,"Above £30,000",Not Time-Limited Priority,2026
Open University,NLPG O30 Dec25,59775,2026-03-19,March,Q4,South East,Milton Keynes,Literature,"Above £30,000",Not Time-Limited Priority,2026
GreenHouse Theatre Project,NLPG O30 Dec25,99689,2026-03-19,March,Q4,Midlands,Stoke-on-Trent,Theatre,"Above £30,000",Not Time-Limited Priority,2026
Vanhulle Dance Theatre,NLPG O30 Dec25,54853,2026-03-19,March,Q4,South East,East Cambridgeshire,Dance,"Above £30,000",Not Time-Limited Priority,2026
Thaxted Festival Foundation,NLPG O30 Dec25,46500,2026-03-19,March,Q4,South East,Uttlesford,Music,"Above £30,000",Not Time-Limited Priority,2026
TOAST Poetry,NLPG O30 Dec25,64344,2026-03-19,March,Q4,South East,Norwich,Literature,"Above £30,000",Not Time-Limited Priority,2026
Nottingham Poetry Festival,NLPG O30 Dec25,72713,2026-03-19,March,Q4,Midlands,Rushcliffe,Literature,"Above £30,000",Not Time-Limited Priority,2026
soundLINCS,NLPG O30 Dec25,97524,2026-03-19,March,Q4,Midlands,Lincoln,Music,"Above £30,000",Not Time-Limited Priority,2026
RACHAEL MAINWARING,Bright Places 2026 Tour,97337,2026-03-19,March,Q4,Midlands,Birmingham,Theatre,"Above £30,000 - Over £30k Touring project",Not Time-Limited Priority,2026
DanceEast,The Region of Creative Health,350000,2026-03-20,March,Q4,South East,Ipswich,Dance,"Above £30,000 - Place Partnership project",Not Time-Limited Priority,2026
London Borough of Waltham Forest – Culture & Heritage Department,Creative Pathways Waltham Forest,279000,2026-03-20,March,Q4,London,Waltham Forest,Not discipline specific,"Above £30,000 - Place Partnership project",Not Time-Limited Priority,2026
Citizens of the World Choir,Leading with Song: Refugee-led creativity building stronger creative communities,31120,2026-03-24,March,Q4,London,Greenwich,Music,"£30,000 and below",Not Time-Limited Priority,2026
Camille Dawson,Body Odyssey Book series Development,19762,2026-03-24,March,Q4,London,Lewisham,Literature,"£30,000 and below",Not Time-Limited Priority,2026
Artspace Lifespace,FutureVille Bristol: Who Builds This City?,27336,2026-03-24,March,Q4,South West,"Bristol, City of",Combined arts,"£30,000 and below",Not Time-Limited Priority,2026
Bola Akeji,Sonder R&D,32691,2026-03-24,March,Q4,London,Enfield,Theatre,"£30,000 and below",Not Time-Limited Priority,2026
Ellie Barrett,Embedding socially-engaged sculpture: new programmes for children's engagement with making,12285,2026-03-24,March,Q4,North,Lancaster,Visual arts,"£30,000 and below",Not Time-Limited Priority,2026
Julia Moore,Arts In Care Homes Swindon,2000,2026-03-24,March,Q4,South West,Swindon,Visual arts,"£30,000 and below",Not Time-Limited Priority,2026
Lloyd Balatongan,Filipino Culture Live,13500,2026-03-24,March,Q4,Midlands,Derby,Combined arts,"£30,000 and below",Not Time-Limited Priority,2026
Yawning Dog Productions Ltd,The SCALES,29722,2026-03-24,March,Q4,South West,New Forest,Theatre,"£30,000 and below",Not Time-Limited Priority,2026
Lee Benson,Poetry-athon,29495,2026-03-24,March,Q4,Midlands,Dudley,Literature,"£30,000 and below",Not Time-Limited Priority,2026
The Common Press CIC,The Common Press - printing press and events pilot,32700,2026-03-24,March,Q4,London,Tower Hamlets,Literature,"£30,000 and below",Not Time-Limited Priority,2026
University of Nottingham,Young carers storytelling,28415,2026-03-24,March,Q4,Midlands,Nottingham,Literature,"£30,000 and below",Not Time-Limited Priority,2026
Elliot Liburd,A Murder Most Foley,32657,2026-03-24,March,Q4,London,Haringey,Theatre,"£30,000 and below",Not Time-Limited Priority,2026
Barnaby Joseph Gibbons,Travel Reminiscence,1440,2026-03-24,March,Q4,London,Lewisham,Combined arts,"£30,000 and below",Not Time-Limited Priority,2026
Orli Ivanov,Ceramics for Confidence: Creative Skills and Community Engagement,30000,2026-03-24,March,Q4,London,Greenwich,Visual arts,"£30,000 and below",Not Time-Limited Priority,2026
SHEWOLVES,Development and Showcase of VAMP & Phoenix Theatre Youth Project,30956,2026-03-24,March,Q4,Midlands,Nottingham,Theatre,"£30,000 and below",Not Time-Limited Priority,2026
Springbok Production House,BokFest,0,2026-03-24,March,Q4,London,Wandsworth,Theatre,"£30,000 and below",Not Time-Limited Priority,2026
AcrobaticArts Circus Entertainment,CIRCUS PARADE,27752,2026-03-24,March,Q4,North,Brent,Theatre,"£30,000 and below",Not Time-Limited Priority,2026
HandMade Theatre,The Butterfly House,28300,2026-03-24,March,Q4,Midlands,Gedling,Theatre,"£30,000 and below",Not Time-Limited Priority,2026
Christof R Davis,Re:Verse,7516,2026-03-24,March,Q4,Midlands,Solihull,Combined arts,"£30,000 and below",Not Time-Limited Priority,2026
Elizabeth Treece,Peter and the Wolf: An early childhood adventure through dance & music,28529,2026-03-24,March,Q4,London,Sutton,Dance,"£30,000 and below",Not Time-Limited Priority,2026
Gabrielle de la Puente,Where the Devil lost his poncho,22823,2026-03-25,March,Q4,North,Liverpool,Literature,"£30,000 and below",Not Time-Limited Priority,2026
Clare Gibbons,Finding Our Voices - Storytelling Arts for Young People with Autism and DLD,22500,2026-03-25,March,Q4,South East,Brighton and Hove,Not discipline specific,"£30,000 and below",Not Time-Limited Priority,2026
Kelly Hoye,Staring At The Walls -2,28479,2026-03-25,March,Q4,North,Salford,Theatre,"£30,000 and below",Not Time-Limited Priority,2026
Ryan Mackenzie Limited,"Em Sintonia - a day of Brazilian music, culture and collaboration",17394,2026-03-25,March,Q4,London,Reigate and Banstead,Music,"£30,000 and below",Not Time-Limited Priority,2026
Damian Appleby,Sex and Disability: The Musical,31174,2026-03-25,March,Q4,South East,Brighton and Hove,Theatre,"£30,000 and below",Not Time-Limited Priority,2026
Junction 7 Creatives C.I.C.,Urban Arts Festival 2026,9690,2026-03-25,March,Q4,South East,Stevenage,Combined arts,"£30,000 and below",Not Time-Limited Priority,2026
Ascendance,Fuse Forward (FF),29754,2026-03-25,March,Q4,North,Leeds,Dance,"£30,000 and below",Not Time-Limited Priority,2026
Redcar and Cleveland Borough Council Cultural Services,Kite Festival 2026,27050,2026-03-25,March,Q4,North,Redcar and Cleveland,Combined arts,"£30,000 and below",Not Time-Limited Priority,2026
Active Communities Teesside CIC,Eid Fusion Festival,20000,2026-03-25,March,Q4,North,Stockton-on-Tees,Combined arts,"£30,000 and below",Not Time-Limited Priority,2026
Harry Clayton-Wright,Mr Blackpool 2026,25214,2026-03-25,March,Q4,North,Wyre,Theatre,"£30,000 and below",Not Time-Limited Priority,2026
Antonello Apicella,Blue Passport,20395,2026-03-25,March,Q4,North,Salford,Dance,"£30,000 and below",Not Time-Limited Priority,2026
Choir Boys Productions,An Adequate Abridgement of Boarding School Life as a Homo,4586,2026-03-25,March,Q4,North,Manchester,Theatre,"£30,000 and below",Not Time-Limited Priority,2026
ruby kitching,Still Life With Mangos R&D - Resubmission,31630,2026-03-25,March,Q4,South East,Reigate and Banstead,Theatre,"£30,000 and below",Not Time-Limited Priority,2026
James Stenhouse,R&D - Stage Fright - Performing without a safety net,12925,2026-03-25,March,Q4,South West,"Bristol, City of",Theatre,"£30,000 and below",Research and Development for Individuals,2026
Nicola Hills,The Spell Garden,29750,2026-03-25,March,Q4,North,Westmorland and Furness,Combined arts,"£30,000 and below",Not Time-Limited Priority,2026
HurlyBurly,NLPG O30 Jan26,51975,2026-03-25,March,Q4,South East,Brighton and Hove,Music,"Above £30,000",Not Time-Limited Priority,2026
The Long Goodbye,Until The Room Was Empty,8500,2026-03-25,March,Q4,South East,Broadland,Combined arts,"£30,000 and below",Not Time-Limited Priority,2026
Photo Hub North CIC,Creative Earth Eco Fest,24975,2026-03-25,March,Q4,North,Bradford,Combined arts,"£30,000 and below",Not Time-Limited Priority,2026
Figs in Wigs Ltd,"Figs in Wigs Activity 2026: Little Wimmin, Astrology Bingo, SISTER R&D",29995,2026-03-25,March,Q4,South East,Cambridge,Theatre,"£30,000 and below",Not Time-Limited Priority,2026
Iain Chambers,The Waste Symphony,11445,2026-03-25,March,Q4,South East,Peterborough,Music,"£30,000 and below",Research and Development for Individuals,2026
Preston Jazz Fest,Jazz Festival 2026,29798,2026-03-25,March,Q4,North,Preston,Music,"£30,000 and below",Not Time-Limited Priority,2026
Richard Orasinski,From Digital Space to Machine Output: Advanced 3D Fabrication Research,9000,2026-03-25,March,Q4,South East,Folkestone and Hythe,Visual arts,"£30,000 and below",Research and Development for Individuals,2026
Georgia Rowan,Developing my socially engaged dance theatre practice,13952,2026-03-25,March,Q4,North,Sheffield,Dance,"£30,000 and below",Research and Development for Individuals,2026
Oladimeji Benson Mawanomi,"Developing My Practice in Immersive Audio, Spatial Mixing and Digital Sound Innovation",4500,2026-03-25,March,Q4,North,Newcastle upon Tyne,Visual arts,"£30,000 and below",Research and Development for Individuals,2026
John Antony Lyons,"Hidden Sounds, Voices, Echoes - R&D for new sonic art projects",10925,2026-03-25,March,Q4,South West,"Bristol, City of",Visual arts,"£30,000 and below",Research and Development for Individuals,2026
Barbara Santi,Material Memory: Exploring Cultural Heritage Through Experimental Moving Image,12700,2026-03-25,March,Q4,South West,Cornwall,Visual arts,"£30,000 and below",Research and Development for Individuals,2026
Preston Caribbean Carnival Ltd.,NLPG O30 Jan26,58900,2026-03-25,March,Q4,North,Preston,Combined arts,"Above £30,000",Not Time-Limited Priority,2026
Ryan Margaret Hay,R&D: Pinocchio,12998,2026-03-25,March,Q4,North,North Tyneside,Theatre,"£30,000 and below",Research and Development for Individuals,2026
Maraid Mcewan,Ephemerality R&D,12095,2026-03-25,March,Q4,London,East Hertfordshire,Visual arts,"£30,000 and below",Research and Development for Individuals,2026
Gravity & Levity,NLPG O30 Jan26,95841,2026-03-25,March,Q4,South East,Brighton and Hove,Combined arts,"Above £30,000",Not Time-Limited Priority,2026
Matthew E Myer,QOW Trio celebrates Spike Wells' contribution to jazz music with 21 date UK tour,14735,2026-03-25,March,Q4,South East,Brighton and Hove,Music,"£30,000 and below",Not Time-Limited Priority,2026
Slaget Theatre,NLPG O30 Dec25,70340,2026-03-25,March,Q4,South East,Tendring,Theatre,"Above £30,000",Not Time-Limited Priority,2026
Worthing Festival C.I.C,NLPG O30 Dec25,98906,2026-03-25,March,Q4,South East,Worthing,Combined arts,"Above £30,000",Not Time-Limited Priority,2026
Alistair Walsh,NLPG O30 Dec25,49305,2026-03-25,March,Q4,Midlands,North Kesteven,Theatre,"Above £30,000",Not Time-Limited Priority,2026
Hubbub Theatre Company,NLPG O30 Dec25,61722,2026-03-25,March,Q4,Midlands,Derby,Theatre,"Above £30,000",Not Time-Limited Priority,2026
Resurgence Productions,NLPG O30 Dec25,75885,2026-03-25,March,Q4,Midlands,Nottingham,Theatre,"Above £30,000",Not Time-Limited Priority,2026
Hikapee,NLPG O30 Dec25,59111,2026-03-25,March,Q4,South East,Epsom and Ewell,Theatre,"Above £30,000",Not Time-Limited Priority,2026
Blueprint Arts Foundation Limited,NLPG O30 Oct25,60000,2026-03-25,March,Q4,South East,Gravesham,Combined arts,"Above £30,000",Not Time-Limited Priority,2026
Concerteenies,NLPG O30 Oct25,95196,2026-03-25,March,Q4,North,Sheffield,Music,"Above £30,000",Not Time-Limited Priority,2026
Daniel Canham,NLPG O30 Oct25,52230,2026-03-25,March,Q4,South West,South Cambridgeshire,Dance,"Above £30,000",Not Time-Limited Priority,2026
Buckinghamshire Libraries,NLPG O30 Oct25,47827,2026-03-25,March,Q4,South East,Buckinghamshire,Libraries,"Above £30,000",Universal Library Offers,2026
People's Theatre Collective,NLPG O30 Nov25,102517,2026-03-25,March,Q4,South East,Cherwell,Theatre,"Above £30,000",Not Time-Limited Priority,2026
Hockley Hustle,NLPG O30 Nov25,100650,2026-03-25,March,Q4,Midlands,Rushcliffe,Music,"Above £30,000",Not Time-Limited Priority,2026
Armonico Consort Limited,NLPG O30 Nov25,50000,2026-03-25,March,Q4,Midlands,Warwick,Music,"Above £30,000",Not Time-Limited Priority,2026
Libraries & Communities - Staffordshire County Council,NLPG O30 Nov25,69600,2026-03-25,March,Q4,Midlands,Stafford,Libraries,"Above £30,000",Universal Library Offers,2026
Leamington Art in the Park Festival,NLPG O30 Nov25,48500,2026-03-25,March,Q4,Midlands,Warwick,Combined arts,"Above £30,000",Not Time-Limited Priority,2026
Anjali Dance Company,NLPG O30 Nov25,69746,2026-03-25,March,Q4,Midlands,Nottingham,Dance,"Above £30,000",Not Time-Limited Priority,2026
Glass Art Society UK,International Festival of Glass,194511,2026-03-26,March,Q4,Midlands,Dudley,Visual arts,"Above £30,000 - Major Project",Not Time-Limited Priority,2026
The Hepworth Wakefield Trust,Museum AI: Pilot,166184,2026-03-26,March,Q4,North,Wakefield,Museums,"Above £30,000 - Major Project",Unlocking Collections,2026
Inpress Ltd,Poetry Book Society - Next Generation Poets,145000,2026-03-26,March,Q4,North,Newcastle upon Tyne,Literature,"Above £30,000 - Major Project",Not Time-Limited Priority,2026
Vicky Streater,"Exit Hazardous Acid Dyes, Hello Food Waste Dyes",7902,2026-03-26,March,Q4,London,Merton,Visual arts,"£30,000 and below",Research and Development for Individuals,2026
Christopher Roberts,Cerdd Dant as Compositional Method,11900,2026-03-26,March,Q4,London,Barnet,Music,"£30,000 and below",Research and Development for Individuals,2026
Eliza Jean Scott,Research and Development in Sonic Practice: Building an Embodied Sound Language,11978,2026-03-26,March,Q4,London,Islington,Theatre,"£30,000 and below",Research and Development for Individuals,2026
Roo Dhissou,returning sound to soul,14496,2026-03-26,March,Q4,Midlands,South Staffordshire,Music,"£30,000 and below",Research and Development for Individuals,2026
Owen Craven-Griffiths,Last Chance,17550,2026-03-26,March,Q4,Midlands,Leicester,Literature,"£30,000 and below",Research and Development for Individuals,2026
Christopher Hutchings,Research and development for ADHD-led choreographic publishing,15944,2026-03-26,March,Q4,London,Camden,Dance,"£30,000 and below",Research and Development for Individuals,2026
Viviana Rocha,A K.R.U.M.P. and Flameenco Choreographic Practice,11409,2026-03-26,March,Q4,London,Hackney,Dance,"£30,000 and below",Research and Development for Individuals,2026
Rosemary Cronin,Rosemary Jane Cronin Research & Development Activity,20000,2026-03-26,March,Q4,London,Camden,Visual arts,"£30,000 and below",Research and Development for Individuals,2026
