ace_area,local_authority,main_discipline,award_tier
South West,"Bournemouth, Christchurch and Poole",Music,Medium
South West,Portsmouth,Theatre,Medium
South West,Bath and North East Somerset,Combined arts,Medium
South West,"Bristol, City of",Visual arts,High
South West,South Gloucestershire,Theatre,Low
South West,Torbay,Theatre,High
South West,Cornwall,Literature,Low
South West,Isles of Scilly,Music,Low
South West,Cornwall,Libraries,Low
South West,Eastleigh,Theatre,Medium
South West,New Forest,Dance,Low
South West,New Forest,Combined arts,Low
South West,Cornwall,Combined arts,Low
South West,Teignbridge,Combined arts,Medium
Midlands,Shropshire,Visual arts,High
South West,Dorset,Visual arts,Low
South West,Portsmouth,Combined arts,High
South West,South Gloucestershire,Theatre,Low
South West,Bath and North East Somerset,Combined arts,High
Midlands,Birmingham,Dance,High
Midlands,Birmingham,Literature,Low
Midlands,Birmingham,Dance,Low
London,Wiltshire,Theatre,Low
South West,Gloucester,Music,High
South East,Westminster,Combined arts,Medium
London,Westminster,Combined arts,Medium
South East,Norwich,Theatre,High
London,Lewisham,Music,Low
North,Leeds,Theatre,Medium
London,Newham,Dance,High
South East,Thurrock,Combined arts,Medium
South East,Epsom and Ewell,Theatre,Medium
North,Leeds,Libraries,Medium
London,Hackney,Theatre,High
South East,Milton Keynes,Theatre,Medium
South East,Maidstone,Music,Low
South East,West Suffolk,Theatre,Medium
North,Calderdale,Music,Medium
North,Kirklees,Music,Low
North,Hartlepool,Combined arts,High
North,Middlesbrough,Visual arts,High
North,Darlington,Theatre,Low
North,Manchester,Visual arts,Low
London,Islington,Theatre,Low
London,Westminster,Music,Low
London,Tower Hamlets,Visual arts,Low
London,Lambeth,Music,High
London,Lewisham,Dance,High
London,Southwark,Dance,Medium
London,Enfield,Combined arts,Medium
London,Hackney,Combined arts,Low
London,Newham,Literature,Medium
London,Richmond upon Thames,Literature,Medium
London,Southwark,Combined arts,Medium
North,Manchester,Visual arts,Low
London,Camden,Combined arts,Medium
London,Enfield,Combined arts,High
London,Hackney,Combined arts,Low
South East,Hillingdon,Theatre,Low
London,Croydon,Music,Medium
London,Hackney,Theatre,Medium
South East,Brighton and Hove,Combined arts,High
South East,Brighton and Hove,Visual arts,Medium
South East,Wokingham,Combined arts,Low
North,"Kingston upon Hull, City of",Theatre,Medium
South East,Brighton and Hove,Music,High
South East,Lewes,Theatre,Low
London,Dartford,Combined arts,Low
South East,Tonbridge and Malling,Music,Low
North,North Yorkshire,Combined arts,Low
South East,South Oxfordshire,Music,Low
South East,Dover,Theatre,Medium
North,Lancaster,Theatre,Medium
North,Preston,Combined arts,High
South East,Eastbourne,Dance,Low
North,Cumberland,Theatre,Low
South East,Hastings,Music,Low
South East,Hastings,Theatre,High
South East,Ashford,Combined arts,Low
South East,Rother,Museums,Low
South East,Peterborough,Combined arts,High
South East,Crawley,Combined arts,High
London,Tower Hamlets,Theatre,Low
London,Lewisham,Visual arts,Low
London,Enfield,Theatre,High
London,Barnet,Combined arts,Low
London,Sutton,Dance,Medium
London,Camden,Theatre,High
London,Wandsworth,Combined arts,Low
London,Lambeth,Visual arts,Medium
London,Lewisham,Combined arts,Medium
North,Liverpool,Visual arts,Medium
North,Calderdale,Dance,Medium
North,Bury,Theatre,Medium
London,Tower Hamlets,Music,Medium
London,Merton,Theatre,Low
London,Kingston upon Thames,Dance,Low
London,Lambeth,Visual arts,High
London,Lambeth,Combined arts,Medium
London,Hackney,Music,Medium
London,Haringey,Dance,Low
London,Lewisham,Theatre,Low
South West,Swindon,Literature,Medium
South West,Bath and North East Somerset,Combined arts,Medium
South East,Brighton and Hove,Visual arts,Low
South West,Isle of Wight,Literature,Low
South East,Buckinghamshire,Music,Low
South East,Slough,Theatre,Low
South West,Torbay,Literature,Medium
South West,"Bristol, City of",Dance,Medium
South East,Hastings,Visual arts,Medium
South West,South Hams,Visual arts,Low
South East,Brighton and Hove,Visual arts,Medium
South West,Isle of Wight,Visual arts,Medium
South West,"Bristol, City of",Music,Low
South West,Plymouth,Music,Medium
North,"Kingston upon Hull, City of",Theatre,High
South West,North Somerset,Theatre,Medium
South East,Brighton and Hove,Theatre,High
South East,Tendring,Theatre,Medium
South East,Gravesham,Combined arts,Medium
North,County Durham,Combined arts,Medium
South East,Hastings,Visual arts,High
South East,North Hertfordshire,Visual arts,Medium
North,North Yorkshire,Theatre,Low
South East,Swale,Theatre,Medium
South East,Canterbury,Music,Low
South East,Cherwell,Literature,Low
London,Waltham Forest,Theatre,Low
North,Cheshire East,Theatre,Low
North,Northumberland,Theatre,Low
South East,Colchester,Theatre,Low
North,North East Lincolnshire,Music,Medium
North,Bradford,Visual arts,High
London,Hackney,Music,Medium
North,Sunderland,Theatre,Low
London,Hillingdon,Combined arts,Medium
North,Burnley,Combined arts,Low
South East,West Suffolk,Theatre,Medium
North,Northumberland,Visual arts,Medium
North,Northumberland,Theatre,Low
South West,Eastleigh,Visual arts,Medium
South East,Luton,Combined arts,Medium
South West,Wiltshire,Visual arts,Low
South West,Shropshire,Theatre,High
Midlands,Leicester,Literature,Low
Midlands,Amber Valley,Combined arts,Medium
Midlands,Coventry,Theatre,Medium
Midlands,Birmingham,Combined arts,Low
Midlands,Erewash,Dance,Low
Midlands,Birmingham,Visual arts,Medium
Midlands,Birmingham,Literature,Medium
Midlands,Coventry,Theatre,Medium
Midlands,Birmingham,Combined arts,Medium
Midlands,Birmingham,Combined arts,Medium
Midlands,Birmingham,Combined arts,Medium
Midlands,Birmingham,Combined arts,High
Midlands,Dudley,Dance,Medium
London,Lewisham,Music,Medium
London,Barnet,Music,Medium
North,Lambeth,Music,Low
London,Camden,Music,Low
London,Camden,Music,High
London,Enfield,Music,Medium
South East,North Hertfordshire,Theatre,High
South East,Watford,Dance,Low
South East,Tendring,Combined arts,High
South East,Southend-on-Sea,Theatre,Low
Midlands,Stoke-on-Trent,Visual arts,Medium
Midlands,Nottingham,Combined arts,Low
South East,Norwich,Theatre,Medium
Midlands,Newark and Sherwood,Combined arts,Medium
South East,Colchester,Theatre,Low
South East,Hastings,Theatre,Low
South West,Plymouth,Visual arts,High
South West,Plymouth,Combined arts,High
Midlands,"Herefordshire, County of",Music,Medium
South East,Mid Sussex,Dance,Medium
London,Newham,Combined arts,Medium
South East,Worthing,Visual arts,Low
Midlands,Worcester,Combined arts,Medium
London,Waltham Forest,Music,Low
South East,Harlow,Visual arts,Medium
South East,Mid Sussex,Theatre,High
South East,Canterbury,Combined arts,Low
South West,Wiltshire,Visual arts,Low
North,Manchester,Music,High
North,Sheffield,Visual arts,Low
North,"Kingston upon Hull, City of",Theatre,Medium
South West,Bath and North East Somerset,Visual arts,Medium
North,Rotherham,Visual arts,Low
London,Hackney,Visual arts,High
London,Hounslow,Music,Low
London,Brent,Music,High
London,Islington,Literature,High
South West,Dorset,Theatre,Low
South East,Braintree,Theatre,Low
South West,Somerset,Combined arts,Low
South West,Somerset,Literature,Low
North,Northumberland,Literature,Low
South West,Somerset,Dance,Low
South West,Bath and North East Somerset,Combined arts,Medium
South West,Southampton,Theatre,High
North,Blackburn with Darwen,Visual arts,Low
South East,Brighton and Hove,Dance,Low
South West,North Somerset,Theatre,Medium
South East,Hastings,Visual arts,Medium
London,Hackney,Theatre,High
London,Hounslow,Combined arts,Medium
London,Islington,Literature,Medium
London,Camden,Dance,High
London,Camden,Music,Low
London,Tower Hamlets,Dance,Low
North,Trafford,Music,Medium
North,Wigan,Combined arts,Medium
London,Haringey,Theatre,High
London,Croydon,Theatre,Low
London,Bromley,Dance,High
London,Camden,Not discipline specific,High
North,York,Literature,Low
North,Stockton-on-Tees,Combined arts,Medium
London,Southwark,Visual arts,Low
North,Wigan,Visual arts,Medium
North,Barnsley,Theatre,Medium
North,St. Helens,Dance,High
North,South Tyneside,Combined arts,High
London,Wandsworth,Theatre,High
North,Liverpool,Theatre,High
Midlands,Dudley,Combined arts,High
London,Lambeth,Dance,High
London,Lambeth,Dance,High
London,Southwark,Visual arts,High
London,Croydon,Theatre,High
South West,Somerset,Theatre,High
North,Cheshire East,Combined arts,High
North,Manchester,Combined arts,High
South East,Folkestone and Hythe,Theatre,High
North,Manchester,Combined arts,High
Midlands,Worcester,Combined arts,High
South East,Welwyn Hatfield,Libraries,High
South East,Lewes,Dance,High
South East,Lewes,Combined arts,High
South East,Cherwell,Music,High
South West,Stroud,Theatre,Medium
South West,South Hams,Visual arts,Low
South West,Cornwall,Theatre,Medium
South West,Cornwall,Dance,Medium
South West,Portsmouth,Combined arts,Low
South West,North Somerset,Music,Low
South West,"Bristol, City of",Theatre,Medium
South West,"Bournemouth, Christchurch and Poole",Music,Medium
South West,Wiltshire,Combined arts,Medium
London,Adur,Music,Low
South East,Worthing,Dance,High
South East,Reading,Combined arts,Medium
London,Lambeth,Combined arts,Medium
North,Leeds,Dance,Medium
Midlands,Sandwell,Combined arts,Medium
London,Kingston upon Thames,Theatre,Low
South East,Chichester,Visual arts,Low
North,Lancaster,Music,Medium
London,Hackney,Theatre,Low
Midlands,Birmingham,Combined arts,Medium
Midlands,Powys,Literature,Medium
London,Lewisham,Theatre,Medium
South East,Southend-on-Sea,Music,Low
Midlands,Nottingham,Visual arts,Low
South East,Slough,Music,Medium
Midlands,Stoke-on-Trent,Combined arts,Low
South East,Brighton and Hove,Music,High
South East,Brighton and Hove,Music,High
South East,Broxbourne,Music,Low
South East,East Cambridgeshire,Combined arts,Low
South East,Eastbourne,Visual arts,Low
South East,Hastings,Literature,Medium
North,County Durham,Music,Medium
South East,South Oxfordshire,Museums,Low
South East,King's Lynn and West Norfolk,Music,Low
Midlands,Lincoln,Music,Medium
Midlands,Shropshire,Music,Medium
North,North Yorkshire,Theatre,Low
South East,Ipswich,Combined arts,High
London,Haringey,Music,Medium
London,Haringey,Theatre,High
London,Lewisham,Theatre,Medium
North,Rochdale,Combined arts,Medium
London,Westminster,Music,Medium
London,Croydon,Music,Medium
London,Camden,Visual arts,Low
London,Havering,Theatre,High
London,Kingston upon Thames,Music,Low
London,Sutton,Combined arts,Low
North,Kirklees,Music,Medium
North,Kirklees,Literature,Medium
Midlands,Sandwell,Combined arts,Low
North,Redcar and Cleveland,Music,Medium
North,Sheffield,Theatre,Low
North,Sunderland,Visual arts,Low
Midlands,Birmingham,Theatre,Low
Midlands,Birmingham,Dance,Medium
North,Calderdale,Music,Low
Midlands,Walsall,Dance,High
London,Lewisham,Music,Medium
London,Richmond upon Thames,Dance,Low
London,Southwark,Visual arts,Low
Midlands,Dudley,Combined arts,Low
North,Trafford,Dance,High
Midlands,Derby,Not discipline specific,High
London,Greenwich,Combined arts,Low
South West,Wiltshire,Theatre,Low
South West,Somerset,Music,Medium
London,Islington,Dance,Low
Midlands,Solihull,Theatre,Medium
London,Westminster,Combined arts,Low
London,Westminster,Theatre,Low
London,Westminster,Theatre,Low
London,Merton,Dance,Low
Midlands,Birmingham,Literature,Medium
Midlands,Walsall,Combined arts,Medium
London,Hackney,Combined arts,Low
London,Camden,Visual arts,Medium
Midlands,Shropshire,Combined arts,High
Midlands,South Holland,Theatre,Medium
Midlands,Newark and Sherwood,Dance,Medium
South West,East Devon,Combined arts,Low
Midlands,Derbyshire Dales,Combined arts,Low
South West,Cornwall,Theatre,Low
South West,Dorset,Dance,Medium
South West,South Gloucestershire,Theatre,Medium
South West,"Bristol, City of",Music,Medium
North,York,Combined arts,Low
South West,"Bristol, City of",Theatre,High
South East,Canterbury,Music,Medium
South West,Cornwall,Museums,High
South East,Southend-on-Sea,Theatre,Medium
North,Cumberland,Music,Medium
South West,Cornwall,Combined arts,High
South East,Hertsmere,Theatre,Medium
South West,New Forest,Combined arts,High
South East,Tendring,Theatre,Medium
Midlands,High Peak,Combined arts,High
North,Fylde,Combined arts,Medium
South East,Dover,Visual arts,Low
London,Hackney,Dance,High
London,Southwark,Music,High
London,Lewisham,Dance,High
North,Newcastle upon Tyne,Theatre,High
Midlands,Birmingham,Combined arts,High
North,Gateshead,Music,Low
North,Rochdale,Combined arts,Medium
London,Hackney,Music,High
South East,Thanet,Theatre,Low
Midlands,Birmingham,Literature,High
South East,Ipswich,Music,Medium
South East,Cherwell,Music,Medium
North,"Kingston upon Hull, City of",Literature,High
London,Newham,Theatre,Low
South East,Chichester,Visual arts,Low
North,Sheffield,Visual arts,High
South East,Canterbury,Theatre,Low
London,Ealing,Theatre,Low
London,Hackney,Dance,Low
North,Manchester,Combined arts,High
North,Stockton-on-Tees,Combined arts,High
North,Kirklees,Combined arts,High
London,Kensington and Chelsea,Combined arts,Medium
North,Sunderland,Combined arts,High
London,Lambeth,Music,Low
London,Bromley,Dance,Low
London,Croydon,Theatre,Medium
London,Westminster,Theatre,Medium
London,Kensington and Chelsea,Theatre,Medium
South East,Dover,Combined arts,High
South East,Folkestone and Hythe,Theatre,High
North,Northumberland,Theatre,High
South East,Rother,Visual arts,Medium
South East,Bedford,Literature,High
South East,Hastings,Theatre,Medium
London,Hackney,Theatre,Low
North,Stockton-on-Tees,Combined arts,Medium
North,Newcastle upon Tyne,Combined arts,Low
North,Liverpool,Theatre,Low
North,Calderdale,Music,Medium
North,Liverpool,Theatre,Low
North,Wyre,Combined arts,Low
Midlands,West Northamptonshire,Music,Medium
South West,Somerset,Visual arts,Medium
London,Greenwich,Music,Medium
London,Lewisham,Music,High
South West,Wiltshire,Music,Low
Midlands,Wolverhampton,Literature,Low
London,Lewisham,Theatre,Medium
South West,"Bristol, City of",Music,Low
South West,Gloucester,Dance,Low
South East,Thanet,Visual arts,Low
Midlands,Birmingham,Dance,High
London,Lewisham,Combined arts,Low
London,Tower Hamlets,Literature,Medium
London,Southwark,Combined arts,Medium
Midlands,Birmingham,Dance,Medium
London,Newham,Visual arts,Medium
London,Southwark,Theatre,Medium
London,Southwark,Combined arts,Medium
London,Haringey,Visual arts,High
London,Hackney,Combined arts,High
South East,Lewes,Museums,Medium
South East,Brighton and Hove,Music,Medium
South West,"Bristol, City of",Theatre,Medium
South West,North Somerset,Visual arts,Medium
South West,North Somerset,Visual arts,Low
South East,Brighton and Hove,Music,Low
South East,Brighton and Hove,Music,Medium
South West,Portsmouth,Visual arts,Medium
South West,Southampton,Theatre,Low
Midlands,Telford and Wrekin,Music,Low
Midlands,Nottingham,Combined arts,Medium
South East,Southend-on-Sea,Theatre,Low
South West,Plymouth,Theatre,Medium
South East,Tendring,Combined arts,Medium
South West,South Hams,Theatre,Low
South East,Folkestone and Hythe,Combined arts,Medium
South East,Thanet,Not discipline specific,Low
South East,Folkestone and Hythe,Museums,High
London,Rushcliffe,Theatre,Low
Midlands,Broxtowe,Dance,Medium
South East,East Suffolk,Combined arts,Medium
South East,Thanet,Music,Medium
South East,Thanet,Theatre,Medium
South East,Brighton and Hove,Visual arts,Medium
South East,Brighton and Hove,Visual arts,Medium
North,York,Music,Low
North,North East Lincolnshire,Combined arts,High
South East,Brighton and Hove,Literature,Low
London,Greenwich,Music,Medium
North,Newcastle upon Tyne,Visual arts,Low
North,East Riding of Yorkshire,Museums,Medium
North,North East Lincolnshire,Combined arts,Medium
North,Manchester,Theatre,Low
South East,Peterborough,Visual arts,Medium
North,Manchester,Music,Medium
South East,Buckinghamshire,Theatre,Low
North,Leeds,Music,Low
North,Lancaster,Combined arts,High
North,Leeds,Music,Low
North,Calderdale,Music,Medium
North,"Kingston upon Hull, City of",Theatre,Low
London,Hackney,Literature,High
London,City of London,Combined arts,High
London,Kensington and Chelsea,Combined arts,High
London,Hackney,Visual arts,High
London,Southwark,Combined arts,High
South West,"Bristol, City of",Combined arts,Low
South West,Somerset,Music,Medium
South West,Basingstoke and Deane,Combined arts,Medium
South West,Bath and North East Somerset,Theatre,Medium
South West,Cornwall,Visual arts,Low
South West,Dorset,Combined arts,Low
South West,Cornwall,Theatre,Medium
South West,New Forest,Theatre,Low
South West,Dorset,Music,Medium
South East,Colchester,Visual arts,Medium
Midlands,Bolsover,Combined arts,High
South East,Breckland,Theatre,Medium
South East,West Oxfordshire,Visual arts,Low
South East,North Norfolk,Combined arts,Medium
South East,Sevenoaks,Combined arts,High
South East,Thanet,Theatre,Medium
South East,Thanet,Theatre,Low
North,North Yorkshire,Theatre,Low
South East,Vale of White Horse,Theatre,Medium
South East,Medway,Combined arts,Medium
North,"Kingston upon Hull, City of",Theatre,Low
Midlands,Nottingham,Combined arts,High
South East,Brighton and Hove,Music,Medium
South East,Brighton and Hove,Music,Medium
London,Camden,Literature,Low
London,Greenwich,Combined arts,Low
London,Brent,Theatre,Low
London,Croydon,Theatre,High
North,Wigan,Dance,High
North,Manchester,Literature,Medium
London,Lambeth,Literature,Low
South West,Islington,Theatre,Medium
London,Lewisham,Visual arts,Low
North,Tameside,Music,Medium
London,Ealing,Combined arts,Medium
North,Kirklees,Music,High
North,Redcar and Cleveland,Combined arts,High
London,Newham,Music,Low
North,Oldham,Combined arts,High
London,Lambeth,Combined arts,Medium
London,Southwark,Theatre,Medium
North,Middlesbrough,Combined arts,Medium
North,Sheffield,Music,Low
North,Sheffield,Theatre,Medium
North,Rotherham,Combined arts,Medium
North,Knowsley,Theatre,High
London,Waltham Forest,Literature,Low
Midlands,Rushcliffe,Theatre,High
South East,East Suffolk,Combined arts,Medium
North,North Yorkshire,Theatre,Medium
North,Rochdale,Theatre,Low
North,Gateshead,Dance,High
Midlands,Tamworth,Visual arts,High
North,Rotherham,Combined arts,Medium
North,Rotherham,Combined arts,High
South East,Medway,Combined arts,Medium
London,Tower Hamlets,Dance,Medium
Midlands,Birmingham,Literature,Medium
North,"Kingston upon Hull, City of",Music,Low
Midlands,Leicester,Visual arts,Low
Midlands,Birmingham,Combined arts,High
North,Kirklees,Music,High
North,Kirklees,Theatre,High
South West,"Bristol, City of",Combined arts,High
South East,Cambridge,Theatre,High
South West,Gosport,Theatre,High
South East,Ipswich,Dance,High
South East,Brighton and Hove,Combined arts,High
South East,Hastings,Music,High
South West,North Somerset,Theatre,High
South East,Oxford,Combined arts,High
South West,Exeter,Theatre,High
South East,Brighton and Hove,Theatre,High
London,Kingston upon Thames,Dance,High
London,Westminster,Theatre,High
London,Southwark,Theatre,High
North,Liverpool,Theatre,High
North,North Tyneside,Dance,High
London,Westminster,Combined arts,High
Midlands,Wychavon,Theatre,High
South West,"Bristol, City of",Theatre,High
North,Newcastle upon Tyne,Dance,Medium
North,Lancaster,Visual arts,Low
London,Lambeth,Theatre,Low
Midlands,Stoke-on-Trent,Music,High
Midlands,Warwick,Dance,Medium
North,Lancaster,Theatre,High
London,Haringey,Theatre,Low
London,Hillingdon,Visual arts,Low
London,Kensington and Chelsea,Theatre,Medium
London,Islington,Music,Medium
London,Hammersmith and Fulham,Dance,Medium
London,Haringey,Theatre,Low
Midlands,Coventry,Visual arts,High
North,Kirklees,Visual arts,Medium
North,Blackburn with Darwen,Theatre,Low
South East,Luton,Combined arts,Medium
North,Westmorland and Furness,Music,Medium
Midlands,Nottingham,Dance,High
South East,Brighton and Hove,Music,Low
South West,East Devon,Theatre,Medium
South West,Dorset,Theatre,Low
South East,Rother,Combined arts,Medium
Midlands,Tamworth,Combined arts,Medium
Midlands,Mansfield,Museums,High
London,Lambeth,Theatre,High
London,Enfield,Music,High
South East,Oxford,Museums,High
London,Croydon,Libraries,High
South West,Gloucester,Visual arts,Low
South West,Somerset,Combined arts,Medium
London,Tower Hamlets,Theatre,Medium
North,Stockport,Visual arts,Medium
North,Salford,Museums,Medium
North,Salford,Theatre,High
South West,Somerset,Theatre,Low
South East,Adur,Visual arts,Low
South East,Norwich,Visual arts,Medium
South East,Central Bedfordshire,Combined arts,Medium
London,Lambeth,Combined arts,High
London,Lewisham,Combined arts,Low
London,Lambeth,Music,Low
London,Hammersmith and Fulham,Dance,High
North,Wirral,Literature,Low
North,Knowsley,Combined arts,High
North,Liverpool,Music,High
North,Liverpool,Theatre,Low
North,North Tyneside,Theatre,Medium
North,Redcar and Cleveland,Combined arts,Low
North,Calderdale,Dance,Low
North,Northumberland,Theatre,Low
South West,Stroud,Combined arts,Low
North,County Durham,Combined arts,High
South West,Cornwall,Theatre,Low
South East,Reading,Literature,Low
North,York,Music,High
North,York,Combined arts,Low
South East,Peterborough,Combined arts,High
South East,Thurrock,Music,Medium
South West,Plymouth,Dance,Low
Midlands,West Northamptonshire,Music,Low
Midlands,Worcester,Combined arts,High
Midlands,Mansfield,Theatre,Medium
Midlands,Newcastle-under-Lyme,Music,Medium
South East,Elmbridge,Visual arts,High
Midlands,Derby,Theatre,High
Midlands,Nottingham,Visual arts,High
South East,Colchester,Combined arts,High
South East,Elmbridge,Museums,High
Midlands,Derbyshire Dales,Literature,High
South East,Hastings,Music,High
South West,Rushmoor,Theatre,High
North,Warrington,Theatre,High
North,Leeds,Dance,High
London,Manchester,Combined arts,High
London,Hammersmith and Fulham,Visual arts,High
London,Waltham Forest,Dance,High
London,Hackney,Theatre,High
London,Waltham Forest,Theatre,High
North,Bolton,Combined arts,Medium
South East,Rochford,Theatre,High
London,Lambeth,Theatre,Low
London,Bromley,Theatre,Medium
London,Hackney,Combined arts,Medium
London,Hackney,Theatre,Low
London,Barnet,Combined arts,Low
North,Tameside,Combined arts,Medium
North,Manchester,Literature,Medium
London,Kensington and Chelsea,Theatre,Low
North,Wigan,Theatre,Low
North,Sheffield,Visual arts,Medium
North,North Lincolnshire,Dance,Low
South East,Bedford,Visual arts,Low
South East,Bedford,Dance,Medium
South West,"Bournemouth, Christchurch and Poole",Theatre,Medium
North,Blackburn with Darwen,Music,Low
South East,Brighton and Hove,Music,Medium
North,Blackburn with Darwen,Combined arts,Medium
South East,Lewes,Visual arts,Low
South West,Exeter,Theatre,Medium
South East,Oxford,Theatre,Low
South East,Dover,Combined arts,Low
Midlands,Amber Valley,Theatre,High
North,North East Lincolnshire,Not discipline specific,High
Midlands,"Herefordshire, County of",Theatre,Medium
North,Salford,Not discipline specific,High
Midlands,Birmingham,Combined arts,High
Midlands,Bromsgrove,Dance,High
South East,Folkestone and Hythe,Visual arts,Medium
South East,Thanet,Dance,Medium
South East,Brighton and Hove,Music,Medium
South East,Buckinghamshire,Theatre,Low
South East,Great Yarmouth,Theatre,Medium
North,North Yorkshire,Museums,High
Midlands,Rushcliffe,Combined arts,High
South West,Somerset,Literature,Low
North,Northumberland,Theatre,High
North,Lancaster,Music,High
North,Cheshire West and Chester,Music,Medium
South West,West Devon,Theatre,Medium
Midlands,High Peak,Visual arts,Low
South West,Isle of Wight,Combined arts,Low
North,Cumberland,Combined arts,High
North,North East Lincolnshire,Music,High
South East,Brighton and Hove,Combined arts,High
South West,Swindon,Museums,High
South West,"Bournemouth, Christchurch and Poole",Visual arts,Low
London,Lewisham,Theatre,High
London,Haringey,Music,Low
London,Hackney,Theatre,Medium
North,Tameside,Visual arts,High
London,Lambeth,Dance,High
North,Leeds,Combined arts,Medium
London,Solihull,Dance,Medium
North,Bury,Theatre,Medium
London,Lambeth,Music,Medium
London,Tower Hamlets,Visual arts,Low
North,Leeds,Music,High
North,Liverpool,Theatre,High
North,Leeds,Theatre,High
Midlands,Wolverhampton,Combined arts,High
Midlands,Birmingham,Theatre,Low
North,Newcastle upon Tyne,Combined arts,High
Midlands,Birmingham,Theatre,High
North,Stockton-on-Tees,Dance,High
South West,Southampton,Literature,High
North,Liverpool,Music,High
London,Hackney,Music,Low
London,Westminster,Music,Medium
Midlands,Shropshire,Museums,High
Midlands,Coventry,Visual arts,High
London,Croydon,Theatre,High
London,Haringey,Dance,High
London,Hackney,Music,High
Midlands,Shropshire,Visual arts,High
South East,West Berkshire,Theatre,High
South East,Arun,Museums,High
Midlands,Broxtowe,Visual arts,Low
Midlands,Nottingham,Theatre,High
London,Harrow,Music,Low
London,Brent,Theatre,Medium
London,Wandsworth,Dance,Low
London,Brent,Combined arts,Medium
South West,Lambeth,Literature,Low
London,Lambeth,Visual arts,Medium
South West,Richmond upon Thames,Theatre,High
London,Greenwich,Theatre,Medium
London,Camden,Theatre,Medium
London,Hounslow,Literature,Low
London,Waltham Forest,Visual arts,Low
North,Liverpool,Theatre,Medium
North,South Tyneside,Combined arts,Low
North,South Tyneside,Combined arts,Medium
North,Tameside,Theatre,Low
South West,Bath and North East Somerset,Theatre,Medium
South East,Reading,Combined arts,High
South East,Brighton and Hove,Combined arts,Medium
North,Westmorland and Furness,Music,Medium
South West,New Forest,Not discipline specific,Low
London,South Cambridgeshire,Theatre,Medium
South West,North Devon,Visual arts,Low
South East,Brighton and Hove,Visual arts,Medium
North,North East Lincolnshire,Literature,Medium
South East,Reading,Theatre,Medium
South East,Thanet,Theatre,Medium
South East,Swale,Dance,Medium
South East,South Oxfordshire,Music,Low
South East,Hastings,Combined arts,Medium
South West,East Hampshire,Theatre,Medium
North,Leeds,Dance,High
South East,South Norfolk,Music,Low
North,Manchester,Visual arts,High
Midlands,Derbyshire Dales,Combined arts,High
Midlands,Stoke-on-Trent,Not discipline specific,High
South West,Exeter,Dance,High
South East,County Durham,Combined arts,High
London,Islington,Dance,High
North,Sheffield,Visual arts,High
London,Southwark,Music,High
Midlands,Birmingham,Theatre,High
South East,Reigate and Banstead,Theatre,High
London,Hackney,Visual arts,High
London,Waltham Forest,Music,High
London,Waltham Forest,Combined arts,High
London,Camden,Theatre,High
London,Lewisham,Music,High
London,Hackney,Visual arts,Medium
London,Bromley,Literature,Low
London,Camden,Combined arts,Medium
London,Harrow,Combined arts,Low
London,Hounslow,Theatre,High
London,Richmond upon Thames,Music,Low
South West,Gosport,Combined arts,Low
South West,Havant,Combined arts,Medium
South East,South Cambridgeshire,Dance,High
South West,Basingstoke and Deane,Theatre,Low
South West,Dorset,Dance,Low
South West,East Hampshire,Music,Medium
South West,Isle of Wight,Theatre,Low
South West,Wiltshire,Music,Low
London,Lewisham,Theatre,Medium
South West,"Bristol, City of",Theatre,Medium
London,Newham,Theatre,Low
London,Newham,Music,Medium
North,Leeds,Combined arts,High
South East,Thanet,Combined arts,Medium
South East,Folkestone and Hythe,Music,Medium
Midlands,South Staffordshire,Theatre,High
South East,West Suffolk,Visual arts,Medium
South East,Oxford,Music,Low
South East,Thanet,Combined arts,Low
South East,Canterbury,Combined arts,Medium
North,Leeds,Combined arts,High
Midlands,Birmingham,Dance,Medium
North,Leeds,Theatre,High
North,Leeds,Theatre,Low
South East,Thurrock,Theatre,Low
South East,Luton,Combined arts,Low
London,Buckinghamshire,Dance,Medium
North,"Kingston upon Hull, City of",Theatre,Low
South West,Isles of Scilly,Combined arts,High
South East,Peterborough,Combined arts,High
Midlands,Stoke-on-Trent,Combined arts,Medium
South East,Lewes,Combined arts,High
South East,North Hertfordshire,Dance,Medium
South East,Castle Point,Combined arts,Medium
South East,Rochford,Theatre,High
North,County Durham,Combined arts,Medium
South East,Norwich,Theatre,Low
Midlands,North West Leicestershire,Museums,Low
Midlands,Blaby,Combined arts,Medium
South West,Somerset,Literature,High
South East,East Suffolk,Combined arts,Low
London,Hillingdon,Combined arts,Low
London,Lambeth,Literature,Medium
North,Newcastle upon Tyne,Combined arts,High
Midlands,Wolverhampton,Visual arts,High
North,Knowsley,Dance,High
North,Newcastle upon Tyne,Literature,Low
Midlands,Birmingham,Theatre,Medium
North,Kirklees,Combined arts,High
North,Leeds,Dance,Low
North,Calderdale,Literature,Low
North,Gateshead,Theatre,Low
London,Haringey,Dance,Medium
London,Kensington and Chelsea,Museums,Low
North,Wigan,Visual arts,Medium
North,Wigan,Visual arts,High
London,Haringey,Theatre,Medium
London,Greenwich,Music,Medium
London,Lewisham,Visual arts,Medium
London,Lewisham,Visual arts,Low
North,Trafford,Theatre,Low
North,Wigan,Theatre,High
Midlands,Gedling,Music,High
Midlands,Derbyshire Dales,Music,High
Midlands,Warwick,Museums,High
Midlands,Worcester,Museums,High
North,Wakefield,Museums,High
South East,Adur,Combined arts,High
London,Barking and Dagenham,Not discipline specific,High
South East,Medway,Libraries,High
Midlands,Birmingham,Theatre,High
South West,"Bristol, City of",Theatre,High
South East,Ipswich,Combined arts,Medium
Midlands,Worcester,Visual arts,Medium
South East,Chichester,Visual arts,Medium
Midlands,Nuneaton and Bedworth,Theatre,High
South East,Chichester,Dance,Low
Midlands,Leicester,Theatre,Medium
South West,Dorset,Theatre,Low
South West,East Hampshire,Music,Low
South East,Epping Forest,Theatre,Medium
South East,Lewes,Visual arts,High
South East,Folkestone and Hythe,Dance,Medium
Midlands,Shropshire,Combined arts,Low
South East,Southend-on-Sea,Theatre,Low
South East,Windsor and Maidenhead,Theatre,High
South East,Brighton and Hove,Visual arts,Low
South West,Portsmouth,Visual arts,Medium
South West,Portsmouth,Dance,Medium
South West,Exeter,Visual arts,Low
South East,South Cambridgeshire,Theatre,Low
South West,Bath and North East Somerset,Theatre,High
South West,"Bristol, City of",Music,Medium
South East,Milton Keynes,Combined arts,Medium
South West,"Bournemouth, Christchurch and Poole",Dance,High
Midlands,Birmingham,Theatre,Medium
North,Newcastle upon Tyne,Theatre,High
North,Newcastle upon Tyne,Visual arts,Low
North,Manchester,Theatre,Medium
North,Stockton-on-Tees,Dance,Medium
North,Middlesbrough,Combined arts,Medium
London,Tower Hamlets,Literature,Medium
London,Westminster,Theatre,Low
London,Southwark,Combined arts,Low
London,Wandsworth,Literature,Low
London,Waltham Forest,Theatre,Low
London,Southwark,Combined arts,Low
London,Lewisham,Theatre,Low
London,Islington,Visual arts,Low
London,Harrow,Dance,High
London,Lewisham,Theatre,High
North,Bolton,Theatre,Low
London,Lambeth,Music,Medium
London,Islington,Dance,Medium
North,North Yorkshire,Music,Medium
London,Enfield,Visual arts,Low
North,Leeds,Dance,Medium
London,Tower Hamlets,Music,Medium
Midlands,Leicester,Dance,High
South West,Stroud,Not discipline specific,High
London,Camden,Libraries,High
London,Wandsworth,Music,High
North,Leeds,Combined arts,High
Midlands,Birmingham,Music,Low
London,Waltham Forest,Theatre,Medium
Midlands,Birmingham,Theatre,Low
London,Lewisham,Music,High
North,Greenwich,Theatre,High
London,Croydon,Dance,Medium
London,Richmond upon Thames,Theatre,Medium
London,Croydon,Music,Medium
South West,North Devon,Visual arts,High
Midlands,Leicester,Visual arts,Low
Midlands,Nottingham,Combined arts,Medium
South West,"Bristol, City of",Music,High
South West,Plymouth,Music,High
South West,North Somerset,Visual arts,Medium
South West,"Bristol, City of",Theatre,Medium
South West,North Somerset,Music,Low
Midlands,South Holland,Theatre,Low
South West,North Devon,Theatre,Medium
South West,Cornwall,Combined arts,High
London,New Forest,Theatre,Low
South West,Dorset,Theatre,Medium
South East,Eastbourne,Dance,High
South East,Eastbourne,Theatre,Medium
South East,Rother,Dance,Medium
North,Westmorland and Furness,Music,High
South East,Braintree,Theatre,Low
South East,Dover,Music,Medium
South East,St Albans,Theatre,Low
North,Lancaster,Combined arts,High
Midlands,West Northamptonshire,Theatre,High
South East,South Oxfordshire,Theatre,Low
North,North Yorkshire,Theatre,High
South East,Thanet,Literature,Low
North,North Yorkshire,Visual arts,Medium
North,Northumberland,Theatre,Medium
North,Blackpool,Combined arts,High
South East,Brighton and Hove,Music,Medium
South East,Luton,Combined arts,Low
South East,Hastings,Dance,High
North,Westmorland and Furness,Museums,High
North,Manchester,Music,Low
London,Lewisham,Dance,Low
London,Camden,Theatre,High
London,Croydon,Music,Medium
London,Croydon,Dance,Medium
London,Greenwich,Literature,Low
London,Lewisham,Theatre,Medium
London,Westminster,Visual arts,Low
North,Knowsley,Combined arts,Medium
Midlands,Birmingham,Literature,High
London,Tower Hamlets,Theatre,Medium
North,Leeds,Visual arts,Medium
North,Leeds,Visual arts,High
North,Leeds,Theatre,Medium
South East,Bedford,Music,Low
South West,"Bristol, City of",Dance,High
Midlands,Broxtowe,Theatre,Low
South East,North Norfolk,Theatre,Low
North,Leeds,Dance,Medium
North,Manchester,Combined arts,Low
North,Stockton-on-Tees,Combined arts,Medium
North,Calderdale,Theatre,High
North,Leeds,Combined arts,Low
North,"Kingston upon Hull, City of",Theatre,Low
North,Lancaster,Combined arts,Low
South East,Central Bedfordshire,Dance,High
South West,"Bristol, City of",Theatre,Medium
South West,Bath and North East Somerset,Music,Medium
South West,"Bournemouth, Christchurch and Poole",Dance,High
South West,Cornwall,Music,Low
South West,Teignbridge,Visual arts,Low
Midlands,Forest of Dean,Dance,Low
South West,Cornwall,Visual arts,Low
South West,East Hampshire,Theatre,Medium
London,Hackney,Theatre,Medium
London,Brent,Combined arts,Low
London,Westminster,Theatre,Medium
London,Wandsworth,Music,Low
London,Southwark,Music,Medium
London,Kensington and Chelsea,Combined arts,Low
London,Islington,Combined arts,Low
London,Lambeth,Dance,Medium
London,Kensington and Chelsea,Combined arts,Low
London,Hackney,Combined arts,Low
London,Bromley,Music,Low
London,Haringey,Music,Low
London,Tower Hamlets,Music,Low
London,Tower Hamlets,Combined arts,Medium
London,Tower Hamlets,Dance,High
London,Barnet,Theatre,Medium
London,Croydon,Theatre,Low
London,Camden,Theatre,Medium
London,Haringey,Visual arts,Medium
North,Bradford,Dance,High
North,Liverpool,Theatre,Medium
North,Bradford,Theatre,Medium
South East,South Cambridgeshire,Dance,Medium
South East,Thanet,Combined arts,Medium
London,Folkestone and Hythe,Music,Low
South East,Norwich,Visual arts,Medium
South East,Maidstone,Theatre,High
South East,Broadland,Theatre,Low
South East,Luton,Combined arts,Medium
North,Blackpool,Visual arts,Low
South East,Buckinghamshire,Theatre,High
North,Cumberland,Combined arts,Low
South East,Buckinghamshire,Literature,Medium
South East,Basildon,Visual arts,High
South East,Brighton and Hove,Theatre,Low
South East,Swale,Theatre,High
South East,Mid Sussex,Dance,Medium
London,Islington,Theatre,High
Midlands,Warwick,Theatre,Medium
Midlands,Sandwell,Music,Medium
Midlands,Newcastle-under-Lyme,Combined arts,Medium
South West,Somerset,Theatre,High
Midlands,Birmingham,Theatre,High
South East,Lewes,Visual arts,Medium
Midlands,Stoke-on-Trent,Combined arts,Medium
South East,Brighton and Hove,Literature,Low
South West,"Bristol, City of",Theatre,High
Midlands,"Herefordshire, County of",Combined arts,High
South East,East Suffolk,Theatre,High
North,Leeds,Dance,High
Midlands,Birmingham,Music,Medium
Midlands,Coventry,Visual arts,Medium
Midlands,Wolverhampton,Literature,Medium
North,Gateshead,Visual arts,Low
North,Liverpool,Theatre,High
North,Stockport,Visual arts,Medium
North,Manchester,Visual arts,High
London,Haringey,Dance,High
North,Wigan,Theatre,Low
London,Lewisham,Music,High
London,Camden,Theatre,High
Midlands,Wolverhampton,Combined arts,High
London,Camden,Music,High
North,Hackney,Visual arts,Medium
North,Stockport,Visual arts,Medium
London,Croydon,Combined arts,Medium
North,Salford,Visual arts,High
London,Lambeth,Theatre,Medium
London,Haringey,Music,Low
Midlands,Wolverhampton,Theatre,High
Midlands,Dudley,Combined arts,Medium
Midlands,Birmingham,Combined arts,High
North,Darlington,Libraries,High
Midlands,Wolverhampton,Music,High
North,Bradford,Music,Medium
North,Calderdale,Combined arts,Medium
North,Wigan,Visual arts,Low
North,North Tyneside,Theatre,High
North,Liverpool,Theatre,Low
London,Waltham Forest,Literature,Low
Midlands,Lincoln,Music,Medium
South East,Norwich,Theatre,High
Midlands,Shropshire,Music,Medium
Midlands,North Northamptonshire,Theatre,High
North,Ribble Valley,Music,High
South East,Sevenoaks,Combined arts,Low
South East,Thanet,Visual arts,Low
South East,Lewes,Theatre,Low
South East,Colchester,Theatre,Medium
North,East Hertfordshire,Visual arts,High
South West,Gloucester,Combined arts,High
South West,Stroud,Combined arts,Medium
South West,Mid Devon,Theatre,Medium
Midlands,Stoke-on-Trent,Theatre,Medium
South East,Medway,Theatre,Low
South East,Bedford,Combined arts,Medium
South East,Brighton and Hove,Combined arts,Medium
South West,North Somerset,Theatre,Low
South West,"Bristol, City of",Combined arts,Low
South East,Brighton and Hove,Theatre,Low
South East,Castle Point,Theatre,Medium
North,Northumberland,Theatre,Low
South East,Epsom and Ewell,Music,Low
South East,Mid Sussex,Literature,Medium
North,Leeds,Theatre,High
North,North Tyneside,Literature,High
South East,Luton,Dance,High
Midlands,Warwick,Dance,Medium
South East,Chichester,Theatre,Low
North,Newcastle upon Tyne,Museums,High
North,Manchester,Combined arts,Medium
North,Manchester,Theatre,High
North,Leeds,Theatre,Medium
South East,Basildon,Theatre,Low
North,Salford,Combined arts,Low
South West,Somerset,Music,Medium
London,Hammersmith and Fulham,Theatre,Low
South West,South Gloucestershire,Combined arts,Low
Midlands,Leicester,Combined arts,High
London,Lewisham,Dance,High
London,Hackney,Not discipline specific,High
South East,Medway,Visual arts,High
London,Islington,Visual arts,Low
South East,Medway,Literature,High
South East,Hastings,Literature,High
South East,Norwich,Literature,High
South East,Thanet,Theatre,High
London,Islington,Theatre,Medium
London,Sutton,Music,Medium
London,Barnet,Music,Low
London,Camden,Museums,Low
London,Brent,Combined arts,High
London,Newham,Combined arts,Medium
London,Hackney,Music,Medium
Midlands,Birmingham,Music,Medium
Midlands,Birmingham,Dance,Medium
Midlands,Solihull,Combined arts,Medium
Midlands,Blaby,Combined arts,Low
South West,Exeter,Visual arts,Low
North,Cumberland,Combined arts,Medium
South West,Winchester,Literature,Medium
South West,Bath and North East Somerset,Combined arts,Medium
South West,Isle of Wight,Combined arts,Medium
Midlands,Malvern Hills,Combined arts,Medium
Midlands,Leicester,Combined arts,Medium
London,Lambeth,Theatre,Medium
Midlands,East Lindsey,Combined arts,Medium
Midlands,Ashfield,Theatre,Medium
South West,"Bristol, City of",Theatre,Low
South East,Brighton and Hove,Visual arts,High
London,Wandsworth,Visual arts,Medium
London,Westminster,Visual arts,High
North,Northumberland,Visual arts,Medium
North,Fylde,Combined arts,Low
South East,Adur,Visual arts,Low
South East,Great Yarmouth,Literature,Medium
South East,Cherwell,Theatre,Medium
South East,St Albans,Theatre,High
South East,Slough,Music,Low
South East,Windsor and Maidenhead,Combined arts,Low
South East,Thanet,Combined arts,Medium
South East,Thanet,Dance,Medium
South East,Mid Suffolk,Dance,Low
North,Newcastle upon Tyne,Visual arts,Low
North,Wirral,Dance,High
North,Stockport,Theatre,Low
London,Hackney,Theatre,Medium
London,Hackney,Music,Medium
North,Bolton,Combined arts,Low
North,Calderdale,Visual arts,High
North,North East Lincolnshire,Combined arts,Medium
North,Newcastle upon Tyne,Theatre,Medium
South West,Somerset,Dance,High
Midlands,Warwick,Theatre,Medium
South West,Southampton,Visual arts,High
London,Waltham Forest,Music,Medium
Midlands,Derby,Combined arts,Medium
Midlands,Leicester,Theatre,High
Midlands,South Kesteven,Music,Low
Midlands,Coventry,Visual arts,Low
London,Ealing,Visual arts,Medium
London,Haringey,Music,Low
London,Lambeth,Visual arts,Low
London,Kensington and Chelsea,Theatre,High
London,Islington,Theatre,High
London,Hammersmith and Fulham,Theatre,Low
London,Sutton,Theatre,Medium
North,Sheffield,Literature,Low
North,Sunderland,Combined arts,Low
North,Hartlepool,Combined arts,High
North,"Kingston upon Hull, City of",Theatre,High
Midlands,South Kesteven,Music,High
South East,West Oxfordshire,Music,Low
South West,Exeter,Theatre,High
South West,South Hams,Dance,Low
South West,South Hams,Theatre,High
South East,Brighton and Hove,Visual arts,Medium
South West,South Gloucestershire,Theatre,High
South West,"Bristol, City of",Visual arts,Medium
South East,Brighton and Hove,Theatre,Low
South East,Buckinghamshire,Theatre,Low
South East,Castle Point,Combined arts,Medium
South East,Huntingdonshire,Theatre,Medium
South East,Reading,Visual arts,Medium
South East,Crawley,Theatre,Medium
North,Bradford,Music,Medium
North,Westmorland and Furness,Combined arts,High
North,Barnsley,Combined arts,High
South East,Mid Sussex,Combined arts,Medium
North,Burnley,Visual arts,High
South East,Breckland,Music,Low
Midlands,Nottingham,Music,High
South East,North Hertfordshire,Theatre,Low
Midlands,Worcester,Visual arts,High
South East,Oxford,Visual arts,Medium
South East,Waverley,Theatre,High
South East,Woking,Dance,Medium
South West,Somerset,Theatre,High
North,Bradford,Theatre,High
South East,Chichester,Dance,High
North,Manchester,Combined arts,Low
London,Southwark,Combined arts,Low
North,Rotherham,Combined arts,High
South East,Cambridge,Theatre,Medium
Midlands,Nottingham,Theatre,High
North,Salford,Combined arts,Medium
North,Westmorland and Furness,Theatre,Low
North,Newcastle upon Tyne,Visual arts,Low
North,Leeds,Theatre,Medium
London,Tower Hamlets,Theatre,High
London,Westminster,Music,High
London,Merton,Theatre,High
London,Southwark,Theatre,Medium
North,Rochdale,Theatre,Medium
London,Tower Hamlets,Literature,High
South East,North Hertfordshire,Visual arts,High
South East,Crawley,Combined arts,High
South East,Cambridge,Theatre,High
London,Tower Hamlets,Visual arts,High
South West,North Somerset,Theatre,Medium
South West,Dorset,Literature,Medium
South West,East Hampshire,Dance,Low
South West,Rushmoor,Theatre,Low
South West,Test Valley,Visual arts,Low
South West,Cornwall,Theatre,Low
London,Lambeth,Dance,Medium
London,Bromley,Theatre,Low
London,Hammersmith and Fulham,Theatre,Medium
London,Greenwich,Visual arts,Low
London,Greenwich,Music,Medium
North,Bury,Museums,Medium
London,Wandsworth,Theatre,Medium
North,Kirklees,Visual arts,Low
North,Leeds,Music,Low
South East,St Albans,Dance,Medium
North,Westmorland and Furness,Visual arts,Low
South East,Oxford,Theatre,Medium
North,Lancaster,Visual arts,Medium
South East,West Oxfordshire,Visual arts,Medium
North,Blackburn with Darwen,Theatre,Low
South East,Buckinghamshire,Music,Low
North,North East Lincolnshire,Visual arts,Medium
South East,Brighton and Hove,Visual arts,Medium
South East,Brighton and Hove,Music,Medium
South East,Reading,Music,Medium
London,Greenwich,Theatre,Low
North,Manchester,Literature,Low
Midlands,Leicester,Visual arts,Medium
Midlands,Birmingham,Combined arts,High
South West,Torbay,Theatre,High
Midlands,Newcastle-under-Lyme,Music,Medium
Midlands,North Kesteven,Visual arts,Medium
North,Stockton-on-Tees,Dance,High
Midlands,Birmingham,Dance,Medium
North,Sheffield,Theatre,High
London,Redbridge,Theatre,High
London,Croydon,Music,High
London,Greenwich,Combined arts,High
London,Westminster,Theatre,High
London,Southwark,Literature,High
Midlands,Birmingham,Music,Medium
Midlands,Birmingham,Music,Low
Midlands,Coventry,Theatre,High
South West,East Devon,Literature,Low
South West,Stroud,Music,Low
South West,"Bournemouth, Christchurch and Poole",Visual arts,Medium
South West,North Somerset,Theatre,Low
South West,"Bristol, City of",Theatre,High
South West,Portsmouth,Combined arts,High
Midlands,Derby,Theatre,Medium
South West,"Bristol, City of",Theatre,Low
South West,Plymouth,Combined arts,Low
London,Camden,Literature,High
Midlands,Newport,Theatre,Low
London,Croydon,Music,High
North,Trafford,Visual arts,High
North,Stockport,Combined arts,Low
North,Salford,Dance,Low
North,Wakefield,Libraries,High
South East,Thanet,Theatre,High
South East,East Suffolk,Combined arts,Low
South East,Adur,Theatre,Medium
North,Manchester,Theatre,High
Midlands,Birmingham,Music,High
Midlands,Nottingham,Combined arts,High
North,Stockton-on-Tees,Dance,Medium
South East,Canterbury,Theatre,Low
Midlands,Worcester,Music,High
Midlands,Wolverhampton,Visual arts,High
North,"Kingston upon Hull, City of",Visual arts,High
South East,Brighton and Hove,Visual arts,High
South East,Reading,Dance,Medium
North,York,Music,Low
North,East Riding of Yorkshire,Theatre,Low
South East,South Norfolk,Combined arts,Low
South East,Thanet,Combined arts,Medium
North,North Yorkshire,Music,Medium
North,Calderdale,Music,Low
Midlands,Derby,Theatre,High
North,Leeds,Literature,Low
North,Leeds,Theatre,High
North,Manchester,Music,Low
South East,Lewisham,Music,Low
London,Islington,Theatre,Medium
London,Lambeth,Theatre,Medium
North,Manchester,Combined arts,High
London,Bromley,Combined arts,Medium
London,Croydon,Dance,High
London,Hackney,Dance,Medium
London,Lambeth,Literature,Medium
North,Tameside,Literature,Medium
North,Manchester,Music,High
North,Manchester,Visual arts,Low
London,Hackney,Visual arts,High
London,Southwark,Visual arts,Low
London,Southwark,Theatre,Low
South East,Thanet,Combined arts,High
South East,East Suffolk,Theatre,High
South East,Reigate and Banstead,Music,High
London,Greenwich,Visual arts,Low
London,Lewisham,Theatre,High
London,Lewisham,Combined arts,High
London,Islington,Theatre,Medium
London,Newham,Music,Medium
Midlands,Birmingham,Dance,High
Midlands,Birmingham,Music,Medium
North,Wakefield,Literature,Medium
Midlands,Walsall,Dance,High
North,Kirklees,Literature,Low
London,Merton,Theatre,Low
London,Brent,Dance,Medium
North,Manchester,Theatre,Low
London,Greenwich,Music,Low
North,Lancaster,Literature,Medium
South East,Swale,Combined arts,Medium
South East,Canterbury,Combined arts,Medium
South East,Sevenoaks,Music,Low
North,South Ribble,Theatre,Low
South East,South Cambridgeshire,Theatre,Medium
South West,New Forest,Visual arts,Medium
South West,Eastleigh,Theatre,Medium
South East,Braintree,Theatre,Low
South East,Braintree,Theatre,Low
Midlands,Amber Valley,Combined arts,Medium
North,Westmorland and Furness,Music,Medium
South West,Swindon,Music,Low
South East,Dover,Dance,Medium
Midlands,Amber Valley,Music,High
Midlands,Leicester,Visual arts,Low
South West,Portsmouth,Visual arts,Low
South West,"Bristol, City of",Music,Medium
South East,Medway,Theatre,Low
South East,Medway,Theatre,Medium
Midlands,Nottingham,Theatre,Medium
South East,Canterbury,Theatre,Medium
South West,Cheltenham,Visual arts,Medium
North,Sheffield,Theatre,High
South West,Wiltshire,Theatre,High
South East,Arun,Theatre,Low
North,Sheffield,Combined arts,Medium
London,East Suffolk,Theatre,Medium
North,North Yorkshire,Visual arts,Low
South East,Reigate and Banstead,Theatre,Low
South East,Brighton and Hove,Combined arts,Low
North,Kirklees,Theatre,Medium
South East,Mid Sussex,Music,Medium
South East,Harlow,Theatre,Low
South West,Portsmouth,Combined arts,High
South West,Cornwall,Literature,High
London,County Durham,Theatre,Low
South West,West Devon,Music,Low
Midlands,Nottingham,Music,High
South West,"Bristol, City of",Visual arts,High
South West,"Bristol, City of",Combined arts,Low
Midlands,"Herefordshire, County of",Visual arts,High
South West,"Bristol, City of",Combined arts,Low
North,North East Lincolnshire,Combined arts,High
South East,Brighton and Hove,Theatre,Low
South West,Winchester,Visual arts,Low
South East,Hastings,Music,Medium
South East,Three Rivers,Music,High
South East,Uttlesford,Music,Medium
Midlands,Shropshire,Music,High
Midlands,Newcastle-under-Lyme,Visual arts,Low
Midlands,West Northamptonshire,Theatre,High
North,North Yorkshire,Theatre,High
Midlands,Shropshire,Visual arts,Low
London,Hackney,Visual arts,Medium
London,Camden,Music,Medium
London,Brent,Music,Low
London,Hackney,Combined arts,High
London,Tower Hamlets,Theatre,Low
North,Wigan,Visual arts,High
London,Ealing,Visual arts,Low
North,Liverpool,Theatre,High
North,Hartlepool,Music,Medium
Midlands,Birmingham,Visual arts,High
North,Leeds,Theatre,High
Midlands,Birmingham,Literature,Medium
Midlands,Birmingham,Visual arts,Medium
North,Manchester,Theatre,High
North,Liverpool,Theatre,Low
London,Southwark,Music,High
South East,Mid Sussex,Dance,High
South East,Cambridge,Music,Medium
North,Doncaster,Music,High
South East,Worthing,Theatre,High
Midlands,Ashfield,Combined arts,Medium
South East,Guildford,Theatre,Medium
North,Leeds,Music,High
South East,Milton Keynes,Combined arts,Medium
South East,Folkestone and Hythe,Music,Medium
South West,Cotswold,Theatre,Low
South West,Cornwall,Visual arts,Low
South West,Cornwall,Visual arts,Low
South West,"Bristol, City of",Dance,Medium
South East,Slough,Visual arts,Medium
North,Blackburn with Darwen,Music,Low
Midlands,Chesterfield,Theatre,Medium
Midlands,North West Leicestershire,Combined arts,Medium
London,Waltham Forest,Theatre,High
North,Gateshead,Visual arts,Low
North,Middlesbrough,Theatre,Low
North,Sheffield,Visual arts,Medium
North,Leeds,Dance,Medium
North,Bradford,Theatre,Low
London,Bromley,Libraries,Medium
London,Hammersmith and Fulham,Music,Low
London,Lewisham,Visual arts,Low
London,Lewisham,Theatre,Low
London,Bromley,Theatre,Low
London,Bromley,Literature,Low
London,Barnet,Literature,Low
London,Hackney,Visual arts,Low
North,Bradford,Combined arts,Low
Midlands,Wolverhampton,Music,Medium
Midlands,Leicester,Museums,High
South West,Swindon,Dance,High
Midlands,Nottingham,Combined arts,Low
Midlands,Nottingham,Music,Medium
Midlands,Boston,Combined arts,Medium
London,Bromley,Dance,High
London,Lewisham,Visual arts,High
Midlands,Solihull,Literature,Low
London,Lambeth,Literature,High
Midlands,South Derbyshire,Combined arts,Low
London,Brent,Dance,Medium
South West,"Bristol, City of",Not discipline specific,High
South East,Adur,Music,High
South West,Wiltshire,Music,Medium
London,Tower Hamlets,Music,Medium
South East,Folkestone and Hythe,Visual arts,Medium
South West,Gloucester,Visual arts,Low
London,Camden,Combined arts,Medium
London,Brent,Combined arts,Medium
London,Enfield,Visual arts,High
London,Tower Hamlets,Music,Medium
London,Hackney,Literature,Medium
London,Hackney,Visual arts,Medium
South East,Norwich,Dance,Low
South East,South Oxfordshire,Theatre,High
South East,Oxford,Dance,Medium
South East,Rother,Theatre,Medium
London,Wealden,Theatre,High
South West,"Bristol, City of",Literature,Low
South East,Wokingham,Combined arts,Medium
South West,Portsmouth,Combined arts,Medium
South East,Eastbourne,Visual arts,Medium
South West,Portsmouth,Not discipline specific,High
South West,Portsmouth,Theatre,Medium
North,Cheshire East,Theatre,Medium
South West,North Somerset,Theatre,High
Midlands,"Herefordshire, County of",Combined arts,High
North,Cheshire East,Theatre,Low
North,Rochdale,Theatre,High
London,Merton,Combined arts,High
London,Camden,Dance,High
London,Camden,Dance,High
North,Manchester,Theatre,High
London,Harrow,Music,High
North,Liverpool,Music,Medium
North,Newcastle upon Tyne,Theatre,High
North,Newcastle upon Tyne,Theatre,High
Midlands,Wolverhampton,Dance,High
North,Newcastle upon Tyne,Visual arts,Low
North,Leeds,Combined arts,Low
North,Kirklees,Theatre,High
North,Sheffield,Theatre,High
North,Sheffield,Theatre,Medium
North,Newcastle upon Tyne,Theatre,High
North,Warrington,Combined arts,High
North,Sheffield,Literature,High
North,Kirklees,Dance,Medium
Midlands,Birmingham,Visual arts,High
Midlands,Derby,Theatre,High
South East,Windsor and Maidenhead,Literature,High
South East,Worthing,Combined arts,High
South East,Buckinghamshire,Music,Low
South East,Canterbury,Theatre,Medium
South East,Thanet,Visual arts,High
South East,Cambridge,Combined arts,Low
South East,Colchester,Theatre,High
South East,Thanet,Theatre,Low
South East,Eastbourne,Combined arts,Medium
South East,St Albans,Theatre,Low
South East,Braintree,Theatre,Low
South East,Rother,Museums,Low
South East,South Oxfordshire,Music,Low
South East,Central Bedfordshire,Theatre,Low
South East,Brighton and Hove,Music,Low
South East,Huntingdonshire,Theatre,Low
South East,Medway,Combined arts,Medium
South East,Hastings,Theatre,Medium
South East,Brighton and Hove,Combined arts,Medium
South West,"Bristol, City of",Music,Medium
South West,"Bristol, City of",Theatre,Medium
South West,South Gloucestershire,Theatre,Medium
South West,Cornwall,Combined arts,Low
South West,"Bristol, City of",Theatre,Medium
South West,Bath and North East Somerset,Theatre,High
South West,Swindon,Literature,Low
South West,Portsmouth,Music,Medium
North,Cheshire West and Chester,Dance,High
South West,North Devon,Theatre,Low
South West,Cornwall,Not discipline specific,Low
North,Liverpool,Combined arts,Medium
North,North Tyneside,Theatre,Low
North,Leeds,Visual arts,Low
North,Stockton-on-Tees,Theatre,Medium
North,Stockton-on-Tees,Music,Low
North,Bradford,Theatre,High
North,Sheffield,Combined arts,Medium
North,Liverpool,Visual arts,Low
South West,Leeds,Dance,Medium
London,Sutton,Visual arts,Low
London,Camden,Theatre,Low
London,Redbridge,Theatre,Medium
London,Southwark,Visual arts,Medium
London,Lambeth,Dance,Low
North,Liverpool,Theatre,Low
London,Westminster,Theatre,Medium
London,Camden,Theatre,Medium
London,Greenwich,Theatre,Medium
London,Haringey,Visual arts,Low
London,Islington,Theatre,Low
North,Lancaster,Theatre,Low
South West,Portsmouth,Visual arts,Medium
South West,Wiltshire,Combined arts,Medium
North,Gateshead,Dance,Medium
London,Haringey,Visual arts,Low
London,Tower Hamlets,Visual arts,Low
London,Lewisham,Visual arts,Medium
London,Tower Hamlets,Visual arts,Medium
London,Hackney,Combined arts,Low
London,Haringey,Theatre,Medium
London,Lambeth,Theatre,Medium
London,Newham,Dance,Low
London,Redbridge,Theatre,Medium
London,Newham,Visual arts,High
London,Hackney,Dance,High
London,Hackney,Music,High
London,Barnet,Music,Medium
London,Camden,Theatre,Low
London,Islington,Theatre,Low
London,Barnet,Combined arts,Medium
London,Southwark,Combined arts,Low
London,Sutton,Visual arts,Low
Midlands,Worcester,Museums,High
Midlands,Malvern Hills,Visual arts,Medium
South East,Mole Valley,Theatre,Medium
London,Lewisham,Combined arts,Medium
Midlands,Rugby,Theatre,Medium
North,North Yorkshire,Visual arts,High
Midlands,Wyre Forest,Music,Low
Midlands,Warwick,Literature,High
South West,Portsmouth,Dance,Medium
London,Hackney,Music,Medium
Midlands,Birmingham,Theatre,High
Midlands,Birmingham,Literature,Medium
South West,Southampton,Combined arts,High
North,Rochdale,Combined arts,Medium
Midlands,Sandwell,Theatre,Low
North,Sheffield,Visual arts,Low
North,Redcar and Cleveland,Visual arts,High
North,Bradford,Combined arts,Medium
North,Kirklees,Literature,High
North,Sheffield,Theatre,Low
North,Wigan,Theatre,High
London,Lambeth,Combined arts,Medium
London,Croydon,Theatre,Low
North,Bury,Theatre,Low
North,Manchester,Theatre,Low
South West,Forest of Dean,Combined arts,High
South East,Gravesham,Combined arts,Medium
South East,Wealden,Theatre,Low
South West,Cornwall,Music,Medium
South East,Oxford,Combined arts,High
South East,Norwich,Theatre,Medium
North,Pendle,Music,Medium
Midlands,Charnwood,Visual arts,Medium
North,Lancaster,Literature,Medium
South East,Buckinghamshire,Visual arts,Low
Midlands,Nottingham,Dance,High
North,Darlington,Music,High
Midlands,High Peak,Theatre,Medium
South West,Plymouth,Dance,Low
Midlands,"Herefordshire, County of",Dance,High
South East,Brighton and Hove,Music,Medium
South East,West Berkshire,Theatre,Medium
South East,Brighton and Hove,Visual arts,High
South East,Dacorum,Combined arts,Low
South East,Brighton and Hove,Music,Low
Midlands,Leicester,Visual arts,Low
Midlands,Nottingham,Combined arts,Medium
South East,Brighton and Hove,Dance,High
Midlands,Charnwood,Music,Medium
Midlands,South Kesteven,Visual arts,Low
Midlands,Melton,Visual arts,Low
Midlands,Broxtowe,Theatre,Low
South East,Canterbury,Theatre,Medium
South East,Dartford,Theatre,Medium
Midlands,Coventry,Visual arts,Low
South East,Castle Point,Combined arts,High
Midlands,Nottingham,Combined arts,Low
London,Westminster,Music,High
Midlands,Shropshire,Visual arts,Low
Midlands,Shropshire,Not discipline specific,High
Midlands,Nottingham,Theatre,High
London,Redbridge,Combined arts,Low
South West,Wiltshire,Combined arts,Low
South East,Worthing,Dance,High
South East,Basildon,Music,Low
London,Hackney,Theatre,Medium
London,Greenwich,Visual arts,Low
North,Kirklees,Visual arts,Medium
North,Leeds,Theatre,High
North,Sheffield,Dance,Medium
North,North Tyneside,Theatre,Medium
North,Rochdale,Combined arts,Medium
London,Merton,Music,Medium
London,Lambeth,Theatre,High
North,Manchester,Music,Medium
North,Manchester,Literature,Low
London,Haringey,Dance,Low
London,Richmond upon Thames,Combined arts,Low
London,Brent,Literature,Low
London,Hackney,Theatre,Medium
London,Westminster,Music,Medium
London,Lambeth,Literature,Medium
London,Hackney,Visual arts,Low
South West,Eastleigh,Visual arts,Low
South East,Wealden,Music,Medium
North,Northumberland,Visual arts,Low
South East,Norwich,Theatre,Low
South East,Thanet,Literature,Medium
South East,Folkestone and Hythe,Combined arts,Medium
London,Lancaster,Combined arts,High
South East,Cambridge,Literature,Medium
South West,"Bristol, City of",Music,Medium
South West,"Bristol, City of",Dance,Medium
South East,Buckinghamshire,Theatre,High
South West,North Somerset,Combined arts,Medium
South West,North Devon,Theatre,Low
South East,Reading,Combined arts,Medium
North,Westmorland and Furness,Literature,Low
South East,South Cambridgeshire,Music,Low
South East,Peterborough,Music,Medium
Midlands,Chesterfield,Literature,Low
South East,Brighton and Hove,Dance,Medium
Midlands,Derby,Theatre,Low
Midlands,North Northamptonshire,Combined arts,High
Midlands,Erewash,Theatre,Medium
Midlands,Birmingham,Combined arts,High
Midlands,Coventry,Visual arts,Medium
Midlands,Sandwell,Literature,Medium
Midlands,Birmingham,Visual arts,Low
Midlands,Birmingham,Theatre,Low
Midlands,Worcester,Combined arts,Low
Midlands,Shropshire,Visual arts,High
London,Lewisham,Theatre,High
Midlands,Derby,Theatre,High
London,Lewisham,Combined arts,High
North,Preston,Visual arts,High
North,Sunderland,Not discipline specific,High
North,North Tyneside,Dance,High
London,Waltham Forest,Theatre,High
London,Southwark,Theatre,Medium
London,Wandsworth,Music,Low
North,Trafford,Theatre,High
London,Enfield,Theatre,High
London,Newham,Combined arts,Medium
London,Brent,Theatre,Medium
London,Tower Hamlets,Combined arts,Low
London,Wandsworth,Theatre,High
North,North Yorkshire,Combined arts,High
South West,Portsmouth,Visual arts,High
Midlands,Derbyshire Dales,Theatre,High
South West,Swindon,Combined arts,High
South West,Isle of Wight,Music,Low
Midlands,Rutland,Theatre,Low
South West,"Bristol, City of",Visual arts,Low
South West,"Bournemouth, Christchurch and Poole",Literature,Low
North,County Durham,Theatre,Medium
South East,Lewes,Literature,Low
South East,Brighton and Hove,Visual arts,Medium
South East,Central Bedfordshire,Music,Medium
North,East Riding of Yorkshire,Theatre,Low
Midlands,Stoke-on-Trent,Visual arts,High
South East,Medway,Visual arts,Low
Midlands,Leicester,Visual arts,Low
North,North East Lincolnshire,Combined arts,Medium
South East,Thanet,Theatre,Medium
North,Lancaster,Literature,Low
North,North Yorkshire,Theatre,Low
South East,Great Yarmouth,Theatre,Low
North,Westmorland and Furness,Theatre,Low
South West,Exeter,Theatre,Medium
South East,Basildon,Combined arts,Medium
South East,Chelmsford,Combined arts,Low
South East,Colchester,Theatre,High
South East,Lewes,Literature,Low
South West,South Hams,Literature,Low
North,Trafford,Music,Medium
London,Enfield,Music,Medium
London,Southwark,Theatre,Medium
London,Enfield,Theatre,Medium
London,Lewisham,Music,Low
London,Redbridge,Visual arts,Medium
North,North Tyneside,Theatre,Low
North,Manchester,Combined arts,High
North,Liverpool,Theatre,High
North,Knowsley,Theatre,Low
North,Trafford,Dance,High
Midlands,Solihull,Theatre,Low
North,Leeds,Visual arts,High
Midlands,Birmingham,Dance,Medium
North,Calderdale,Theatre,Low
North,"Kingston upon Hull, City of",Visual arts,High
South East,Great Yarmouth,Theatre,Medium
London,Barnet,Theatre,Low
North,Manchester,Theatre,Low
London,Kingston upon Thames,Combined arts,Medium
South East,Woking,Theatre,Medium
Midlands,Stafford,Literature,Medium
Midlands,Leicester,Visual arts,High
North,Sheffield,Theatre,Low
South West,"Bristol, City of",Music,Low
Midlands,Birmingham,Visual arts,High
North,Lancaster,Music,High
South East,Thanet,Visual arts,Medium
North,Manchester,Theatre,High
London,Westminster,Combined arts,High
South East,Medway,Dance,High
London,Westminster,Theatre,High
South East,Cambridge,Combined arts,High
London,Kingston upon Thames,Music,High
South West,Teignbridge,Music,High
South West,Exeter,Combined arts,High
South East,Watford,Music,High
South East,Breckland,Theatre,High
South East,Cambridge,Literature,High
South West,Exeter,Dance,High
South East,East Cambridgeshire,Dance,High
London,Barnet,Not discipline specific,High
London,Newham,Music,Low
North,Salford,Combined arts,Low
London,Hackney,Combined arts,Medium
South West,Wiltshire,Literature,Low
South East,Thanet,Combined arts,Low
South East,Runnymede,Dance,Medium
South East,Derby,Dance,High
South East,Southend-on-Sea,Combined arts,Low
Midlands,Nottingham,Theatre,Medium
South East,Brighton and Hove,Visual arts,Low
South East,Bedford,Music,Low
North,Blackburn with Darwen,Visual arts,High
South East,Brighton and Hove,Combined arts,Low
South East,Milton Keynes,Visual arts,Medium
London,"Bristol, City of",Theatre,Medium
Midlands,Nottingham,Combined arts,Medium
South East,Brighton and Hove,Music,Low
Midlands,Leicester,Combined arts,Low
South West,"Bristol, City of",Theatre,Low
South West,North Somerset,Visual arts,Low
South West,Somerset,Combined arts,High
South East,Tonbridge and Malling,Theatre,Low
South East,Folkestone and Hythe,Music,Medium
Midlands,Charnwood,Visual arts,Medium
Midlands,East Lindsey,Literature,Medium
South West,Somerset,Theatre,Low
South West,Exeter,Theatre,High
Midlands,South Derbyshire,Theatre,Medium
South East,Wealden,Visual arts,Medium
South West,Exeter,Theatre,Medium
South West,Exeter,Theatre,Medium
London,Kensington and Chelsea,Combined arts,Low
London,Haringey,Music,Medium
London,Greenwich,Combined arts,Low
London,Hackney,Theatre,Medium
London,Lewisham,Theatre,Medium
London,Islington,Theatre,Low
North,Knowsley,Visual arts,Medium
North,Bury,Music,Low
London,Camden,Theatre,Low
North,Leeds,Music,Medium
North,South Tyneside,Music,Medium
Midlands,Birmingham,Music,Medium
North,Newcastle upon Tyne,Music,Medium
North,Sheffield,Music,Low
North,Sefton,Theatre,Low
Midlands,Birmingham,Theatre,Medium
Midlands,Birmingham,Combined arts,Low
North,Barnsley,Theatre,Low
North,Bolton,Theatre,Low
London,Waltham Forest,Theatre,Low
London,Lambeth,Literature,Low
London,Lambeth,Dance,High
Midlands,Birmingham,Dance,Medium
Midlands,Coventry,Combined arts,High
London,Bromley,Music,High
Midlands,Amber Valley,Theatre,High
Midlands,West Northamptonshire,Music,Low
Midlands,Shropshire,Visual arts,High
Midlands,Stoke-on-Trent,Visual arts,Medium
Midlands,"Herefordshire, County of",Visual arts,Medium
South West,"Bristol, City of",Combined arts,High
Midlands,Shropshire,Music,Low
Midlands,Nottingham,Combined arts,Medium
Midlands,Birmingham,Visual arts,Medium
North,Pendle,Combined arts,High
London,Tower Hamlets,Visual arts,High
South East,Mid Sussex,Dance,Medium
South East,Folkestone and Hythe,Combined arts,Low
South West,"Bristol, City of",Not discipline specific,High
South East,Crawley,Theatre,Medium
North,Wakefield,Theatre,High
South West,"Bristol, City of",Music,Low
South West,Somerset,Music,Low
South East,Cherwell,Combined arts,Medium
South East,Dover,Dance,Low
South East,Peterborough,Literature,Medium
North,Blackburn with Darwen,Visual arts,Low
South West,Bath and North East Somerset,Theatre,Medium
Midlands,"Herefordshire, County of",Combined arts,High
South West,Swindon,Combined arts,Medium
South West,Somerset,Visual arts,Medium
South East,Thanet,Theatre,Medium
Midlands,Boston,Combined arts,High
North,Pendle,Combined arts,High
North,Northumberland,Visual arts,High
North,North Yorkshire,Theatre,Low
South East,Broadland,Theatre,Medium
North,Cumberland,Theatre,Low
South East,Welwyn Hatfield,Theatre,Medium
South East,Gravesham,Music,Low
South East,Hastings,Theatre,High
South West,Forest of Dean,Combined arts,Low
South West,Dorset,Music,Low
North,Manchester,Theatre,Medium
North,Trafford,Visual arts,Medium
North,Manchester,Literature,Low
North,North Tyneside,Theatre,High
North,Blackburn with Darwen,Museums,Medium
North,Bradford,Dance,High
North,Rotherham,Combined arts,Low
North,Stockton-on-Tees,Combined arts,High
London,Lambeth,Theatre,Low
London,Tower Hamlets,Dance,Low
London,Haringey,Theatre,High
London,Havering,Theatre,Low
London,Camden,Visual arts,Medium
London,Tower Hamlets,Music,Medium
London,Waltham Forest,Music,Medium
London,Westminster,Libraries,Low
North,County Durham,Music,High
South East,Oxford,Combined arts,High
South East,Lewes,Theatre,High
South West,Havant,Music,Low
South West,Plymouth,Music,Low
South West,"Bristol, City of",Music,Low
South West,"Bristol, City of",Theatre,Low
South West,Somerset,Dance,Medium
South West,Eastleigh,Theatre,Low
South West,Swindon,Literature,High
South East,Adur,Music,Low
Midlands,Sandwell,Music,Low
Midlands,Birmingham,Music,Medium
London,Hackney,Theatre,Medium
Midlands,Rushcliffe,Theatre,Medium
South East,Breckland,Music,Medium
London,Lewisham,Literature,Low
South East,Chichester,Visual arts,High
South East,Lewes,Theatre,Medium
London,Westminster,Dance,Medium
South East,Canterbury,Theatre,Low
Midlands,Rushcliffe,Visual arts,Medium
Midlands,Staffordshire Moorlands,Visual arts,Medium
South East,East Cambridgeshire,Theatre,Medium
South East,Brighton and Hove,Music,Medium
South East,Milton Keynes,Theatre,Low
South East,Brighton and Hove,Dance,Medium
South East,Cambridge,Combined arts,Low
South East,Cambridge,Visual arts,Medium
London,Southwark,Dance,High
London,Islington,Visual arts,Low
London,Lambeth,Theatre,Low
London,Harrow,Combined arts,Medium
London,Islington,Theatre,Low
London,Ealing,Visual arts,Low
London,Haringey,Music,Low
London,Lewisham,Dance,Low
South East,Greenwich,Visual arts,Low
London,Hackney,Visual arts,Medium
London,Richmond upon Thames,Dance,Low
London,Islington,Theatre,Low
London,Islington,Visual arts,Medium
Midlands,Solihull,Combined arts,Medium
Midlands,Sandwell,Music,Low
Midlands,Birmingham,Music,Medium
North,Redcar and Cleveland,Theatre,Low
North,Redcar and Cleveland,Theatre,Low
North,Kirklees,Theatre,Low
North,Liverpool,Literature,Low
North,St. Helens,Visual arts,Low
North,Sheffield,Theatre,Low
North,South Tyneside,Theatre,Medium
London,Hackney,Theatre,High
North,Liverpool,Theatre,High
London,Haringey,Theatre,Low
London,Croydon,Theatre,Medium
North,Denbighshire,Theatre,Medium
North,North Tyneside,Dance,Medium
South East,Ipswich,Libraries,High
South West,"Bristol, City of",Visual arts,High
North,Warrington,Theatre,High
South East,Brent,Visual arts,High
South West,"Bristol, City of",Music,Low
South West,Basingstoke and Deane,Theatre,Medium
South West,North Somerset,Music,Low
South West,"Bristol, City of",Combined arts,Medium
South West,Winchester,Combined arts,Medium
South East,Dover,Visual arts,Medium
South East,Epping Forest,Music,Low
South East,Hastings,Theatre,Low
South East,Canterbury,Theatre,Medium
South East,Colchester,Dance,Medium
North,Cumberland,Combined arts,High
South East,Tendring,Music,Low
South East,Hastings,Dance,Low
South East,Hastings,Visual arts,High
North,North Yorkshire,Music,Medium
South East,Cherwell,Visual arts,Medium
South East,North Norfolk,Theatre,Medium
Midlands,Nottingham,Visual arts,Medium
South East,Fenland,Literature,Low
South East,Cambridge,Combined arts,Medium
Midlands,Leicester,Visual arts,Medium
North,North East Lincolnshire,Theatre,Medium
South East,Thurrock,Museums,Low
South East,Brighton and Hove,Theatre,Medium
Midlands,Stoke-on-Trent,Music,Medium
South East,Peterborough,Combined arts,Low
North,York,Dance,Low
South East,Reading,Theatre,High
South East,Luton,Theatre,Low
London,Lambeth,Theatre,Medium
London,Lambeth,Music,Low
London,Haringey,Music,Medium
London,Hillingdon,Literature,Medium
North,Wigan,Museums,High
London,Westminster,Combined arts,Medium
London,Tower Hamlets,Visual arts,Low
London,Haringey,Theatre,High
London,Enfield,Theatre,High
London,Southwark,Theatre,Medium
London,Haringey,Music,Low
London,Camden,Visual arts,Medium
North,Wirral,Literature,Low
North,Wirral,Theatre,Low
Midlands,Birmingham,Literature,Medium
London,Southwark,Dance,High
London,Islington,Theatre,Low
North,Manchester,Theatre,High
Midlands,Birmingham,Visual arts,High
North,Sheffield,Theatre,High
North,Newcastle upon Tyne,Music,Low
Midlands,Wolverhampton,Visual arts,Low
North,Manchester,Music,Low
South East,Horsham,Combined arts,Low
North,Burnley,Music,Low
South East,Ipswich,Music,Medium
South East,Luton,Literature,Medium
Midlands,Stoke-on-Trent,Combined arts,High
Midlands,Lincoln,Music,High
South East,Rother,Combined arts,High
South East,Eastbourne,Dance,High
South East,Brighton and Hove,Visual arts,High
London,Waltham Forest,Literature,High
London,Lambeth,Dance,High
London,Croydon,Combined arts,Low
London,Greenwich,Visual arts,Medium
London,Hammersmith and Fulham,Theatre,Low
London,City of London,Music,Medium
London,Lambeth,Music,High
London,Southwark,Theatre,Low
South East,Brighton and Hove,Theatre,High
South West,Isle of Wight,Visual arts,Low
South West,"Bristol, City of",Combined arts,Medium
South West,Bath and North East Somerset,Music,Low
South West,Plymouth,Theatre,Medium
South West,Havant,Theatre,High
South West,East Hampshire,Music,Low
South West,East Devon,Visual arts,Low
South West,Exeter,Theatre,High
South West,Cornwall,Theatre,Low
London,Southwark,Combined arts,Medium
South West,Winchester,Theatre,High
London,Brent,Dance,High
North,Salford,Theatre,High
South West,Wiltshire,Literature,Low
North,Salford,Visual arts,High
London,Hackney,Theatre,Low
South East,Horsham,Visual arts,Medium
London,Croydon,Combined arts,Medium
North,Sheffield,Visual arts,Low
South East,Epsom and Ewell,Theatre,High
South East,Hastings,Literature,High
South East,Rother,Theatre,Medium
South East,Norwich,Theatre,Medium
South East,West Oxfordshire,Theatre,Medium
North,North Yorkshire,Combined arts,Medium
North,Northumberland,Theatre,Low
North,"Kingston upon Hull, City of",Combined arts,Medium
South East,Brighton and Hove,Visual arts,Low
South East,Brighton and Hove,Music,High
North,Blackburn with Darwen,Music,Medium
North,Manchester,Literature,Low
North,Wirral,Combined arts,Low
North,Knowsley,Theatre,Low
North,Leeds,Visual arts,Low
London,Camden,Museums,Low
North,Knowsley,Combined arts,Medium
London,Haringey,Combined arts,Medium
London,Haringey,Theatre,Low
London,Lambeth,Music,Low
London,Hackney,Music,Low
North,Rochdale,Theatre,Medium
Midlands,Sandwell,Theatre,Medium
Midlands,Birmingham,Combined arts,High
South East,Oadby and Wigston,Theatre,Medium
Midlands,Shropshire,Music,Low
South East,Maidstone,Theatre,Low
Midlands,Ashfield,Visual arts,Low
North,County Durham,Not discipline specific,High
South West,Swindon,Theatre,Medium
South West,Somerset,Dance,Medium
South West,Somerset,Combined arts,Medium
South West,Cornwall,Theatre,Medium
South West,"Bristol, City of",Combined arts,Low
South West,"Bristol, City of",Theatre,Low
South West,"Bristol, City of",Theatre,Low
South West,Portsmouth,Visual arts,Medium
South West,North Somerset,Combined arts,High
Midlands,Nottingham,Theatre,High
South East,Peterborough,Theatre,High
Midlands,"Herefordshire, County of",Theatre,High
South East,Wokingham,Theatre,High
South East,Buckinghamshire,Music,Medium
South East,Brighton and Hove,Combined arts,High
South East,Southend-on-Sea,Visual arts,Medium
South East,Dacorum,Museums,Medium
South East,Hastings,Visual arts,Low
South East,Hastings,Music,Low
South East,Tendring,Dance,High
North,Westmorland and Furness,Literature,Low
South East,Hastings,Visual arts,Low
South East,Lewes,Theatre,Medium
South East,Hastings,Music,Low
South West,Winchester,Combined arts,High
South East,South Oxfordshire,Theatre,Low
South East,Thanet,Literature,High
South East,Folkestone and Hythe,Combined arts,Low
North,Northumberland,Theatre,High
Midlands,Gedling,Theatre,Medium
South East,Norwich,Literature,Low
North,Newcastle upon Tyne,Music,Low
North,Kirklees,Theatre,Low
North,Kirklees,Visual arts,Medium
North,Leeds,Dance,High
Midlands,Sandwell,Theatre,Medium
Midlands,Coventry,Visual arts,Medium
North,"Kingston upon Hull, City of",Music,Medium
North,Newcastle upon Tyne,Theatre,High
North,Leeds,Visual arts,Low
North,Calderdale,Theatre,Low
North,Manchester,Visual arts,Medium
London,Haringey,Theatre,Low
London,Haringey,Theatre,Medium
London,Tower Hamlets,Theatre,Medium
London,Southwark,Theatre,Medium
London,Lewisham,Combined arts,High
London,Bromley,Theatre,Medium
London,Hammersmith and Fulham,Literature,Low
London,Ealing,Music,Medium
London,Croydon,Theatre,Medium
South East,Waverley,Music,High
South East,Mid Sussex,Music,Low
North,Manchester,Museums,Medium
South East,Cambridge,Museums,High
London,Ealing,Theatre,Medium
Midlands,Sandwell,Music,Low
London,Hackney,Visual arts,Low
South East,Reigate and Banstead,Music,Medium
South East,Guildford,Theatre,High
Midlands,Nottingham,Combined arts,Medium
Midlands,Coventry,Theatre,High
North,North East Lincolnshire,Theatre,Low
Midlands,Birmingham,Literature,High
Midlands,Birmingham,Theatre,High
London,Camden,Museums,Medium
North,Sheffield,Theatre,High
North,Newcastle upon Tyne,Visual arts,High
North,Bradford,Theatre,High
North,Bradford,Music,High
North,Tameside,Theatre,High
North,Rotherham,Music,High
North,Cumberland,Music,High
London,Hackney,Literature,High
Midlands,Dudley,Combined arts,Medium
Midlands,Birmingham,Music,Medium
Midlands,South Derbyshire,Theatre,Medium
Midlands,Newark and Sherwood,Literature,High
Midlands,Bromsgrove,Theatre,Low
Midlands,Dudley,Literature,High
Midlands,Lichfield,Music,Low
Midlands,"Herefordshire, County of",Visual arts,Low
South West,Gloucester,Music,Medium
South East,East Hertfordshire,Not discipline specific,Medium
North,Westmorland and Furness,Music,High
South West,Cotswold,Theatre,Medium
South West,"Bristol, City of",Theatre,Medium
South West,Bath and North East Somerset,Music,Low
South West,"Bristol, City of",Theatre,High
South West,Portsmouth,Dance,Low
South West,Cornwall,Combined arts,Medium
South East,Islington,Theatre,Low
London,Enfield,Theatre,Medium
North,Camden,Theatre,Medium
London,Camden,Theatre,Low
London,Tower Hamlets,Combined arts,High
London,Tower Hamlets,Dance,High
North,Wigan,Theatre,Medium
North,Salford,Dance,Medium
London,Waltham Forest,Combined arts,Medium
London,Lambeth,Combined arts,Medium
North,Leeds,Theatre,Medium
North,Stockton-on-Tees,Visual arts,Medium
North,Middlesbrough,Literature,Medium
North,Manchester,Visual arts,Medium
North,Salford,Combined arts,Medium
South East,Hastings,Combined arts,Medium
South East,Brighton and Hove,Combined arts,Low
North,Cumberland,Theatre,Low
South East,Tendring,Theatre,High
South East,Thanet,Combined arts,Medium
North,Wyre,Combined arts,High
South East,Worthing,Music,Low
South East,Woking,Dance,Medium
South East,Folkestone and Hythe,Visual arts,Medium
North,Sheffield,Theatre,Medium
London,Newham,Music,High
North,Kirklees,Combined arts,Low
South East,Ipswich,Theatre,Medium
London,Southwark,Literature,Low
London,Haringey,Music,Low
London,Enfield,Combined arts,Medium
London,Bromley,Dance,Medium
London,Greenwich,Music,Low
London,Newham,Combined arts,Low
London,Newham,Theatre,Low
London,Camden,Theatre,Low
South West,Cornwall,Theatre,High
South West,North Devon,Visual arts,High
South West,East Hampshire,Museums,High
London,Bromley,Visual arts,High
London,Camden,Music,High
London,Lambeth,Visual arts,High
London,Islington,Combined arts,Medium
London,Redbridge,Theatre,High
South East,Lambeth,Theatre,Medium
London,Waltham Forest,Music,Medium
London,Westminster,Theatre,High
North,Kirklees,Music,High
London,Tower Hamlets,Music,High
London,Hammersmith and Fulham,Dance,Low
London,Haringey,Theatre,Medium
London,Southwark,Theatre,Medium
North,Manchester,Music,Medium
North,Liverpool,Theatre,High
Midlands,Warwick,Combined arts,Medium
North,North Yorkshire,Music,High
Midlands,Sandwell,Theatre,Medium
North,Manchester,Music,High
South East,Tandridge,Theatre,Low
South West,Somerset,Theatre,High
North,Salford,Theatre,High
North,Kirklees,Theatre,High
South West,Dorset,Combined arts,Medium
North,Liverpool,Music,Medium
North,North East Lincolnshire,Theatre,Medium
Midlands,Swansea,Dance,Medium
North,Leeds,Combined arts,High
Midlands,Birmingham,Visual arts,Medium
Midlands,Birmingham,Theatre,Medium
North,Manchester,Combined arts,High
North,Newcastle upon Tyne,Libraries,High
North,Leeds,Combined arts,High
London,Leeds,Visual arts,Medium
Midlands,Birmingham,Visual arts,Low
Midlands,Dudley,Music,Medium
North,Liverpool,Theatre,High
London,Newham,Visual arts,Low
London,Brent,Combined arts,Medium
North,Wigan,Dance,High
London,Hackney,Visual arts,Medium
London,Haringey,Theatre,Low
North,Stockport,Combined arts,High
South East,Hastings,Visual arts,High
South East,Hastings,Theatre,High
South East,Brighton and Hove,Literature,High
South West,"Bristol, City of",Theatre,Medium
South West,Bath and North East Somerset,Combined arts,Low
South West,"Bournemouth, Christchurch and Poole",Theatre,Medium
South West,"Bournemouth, Christchurch and Poole",Theatre,Medium
North,Blackpool,Theatre,High
South East,Portsmouth,Theatre,High
North,York,Theatre,Low
Midlands,Leicester,Combined arts,Medium
South West,"Bristol, City of",Music,Low
South East,Luton,Combined arts,Low
South East,Luton,Music,Medium
South West,Teignbridge,Combined arts,Medium
North,Westmorland and Furness,Theatre,Medium
North,Cheshire West and Chester,Dance,High
South West,Forest of Dean,Music,Low
North,County Durham,Visual arts,Low
North,Cumberland,Music,Low
Midlands,Lincoln,Music,Low
Midlands,Derby,Literature,High
Midlands,Nottingham,Dance,High
South West,Plymouth,Dance,High
London,Lambeth,Theatre,Medium
Midlands,Coventry,Dance,High
Midlands,Coventry,Theatre,High
Midlands,Lincoln,Music,High
South East,Brighton and Hove,Combined arts,High
Midlands,Birmingham,Dance,High
South East,Colchester,Literature,High
South East,Canterbury,Music,High
North,Calderdale,Not discipline specific,High
North,South Tyneside,Not discipline specific,High
London,Brent,Music,Medium
South East,Norwich,Dance,High
South East,Tendring,Literature,High
North,Westmorland and Furness,Literature,High
Midlands,Ashfield,Combined arts,Low
Midlands,South Derbyshire,Combined arts,Medium
Midlands,Birmingham,Dance,Medium
Midlands,Birmingham,Combined arts,Medium
Midlands,Warwick,Visual arts,High
Midlands,Harborough,Visual arts,Medium
North,Liverpool,Visual arts,High
North,Liverpool,Dance,Low
North,Leeds,Dance,Medium
North,Kirklees,Dance,Medium
North,York,Music,Low
North,North East Lincolnshire,Combined arts,Low
North,Leeds,Music,Low
North,Newcastle upon Tyne,Theatre,Medium
North,South Tyneside,Combined arts,Low
North,Sheffield,Visual arts,High
North,Manchester,Theatre,Medium
North,Newcastle upon Tyne,Theatre,High
North,Newcastle upon Tyne,Theatre,Low
London,Islington,Theatre,High
North,Knowsley,Visual arts,Medium
London,Hackney,Theatre,High
South West,"Bournemouth, Christchurch and Poole",Dance,High
South West,"Bristol, City of",Theatre,High
North,Lancaster,Literature,Low
North,Cumberland,Combined arts,Low
South East,North Hertfordshire,Dance,High
South East,Hastings,Combined arts,Medium
South East,Wealden,Visual arts,Low
South East,Norwich,Theatre,Low
South East,Medway,Combined arts,Medium
South East,Medway,Combined arts,Medium
South East,Buckinghamshire,Visual arts,Medium
South East,West Berkshire,Theatre,High
South East,Buckinghamshire,Not discipline specific,Medium
South East,Hastings,Combined arts,High
South East,Hertsmere,Visual arts,Low
South East,Watford,Dance,Low
South East,Southend-on-Sea,Theatre,Medium
London,Bromley,Music,Medium
London,Croydon,Combined arts,Low
London,Haringey,Music,Low
London,Camden,Music,Medium
London,Hackney,Combined arts,Medium
London,Haringey,Not discipline specific,High
London,Harrow,Combined arts,Medium
London,Lambeth,Visual arts,Low
London,Lambeth,Theatre,Low
London,Waltham Forest,Dance,Medium
South East,Newham,Theatre,Low
London,Haringey,Literature,Low
South East,Worthing,Visual arts,Low
South East,Buckinghamshire,Theatre,Low
South East,Cambridge,Theatre,Medium
South East,West Oxfordshire,Dance,Medium
London,Southwark,Combined arts,High
London,Lewisham,Theatre,Medium
London,Greenwich,Combined arts,High
South East,Crawley,Theatre,Medium
London,Islington,Theatre,Low
South West,Portsmouth,Music,Medium
South West,Somerset,Music,Medium
South West,"Bristol, City of",Theatre,Medium
South West,West Devon,Visual arts,Low
South West,Cornwall,Combined arts,Low
South West,Southampton,Theatre,Low
South West,Somerset,Music,Medium
South West,Test Valley,Visual arts,Low
South West,East Devon,Theatre,Low
South West,Cornwall,Theatre,Low
South West,"Bristol, City of",Combined arts,Medium
South West,Swindon,Literature,Low
South West,Dorset,Theatre,Medium
South West,Dorset,Music,Low
South West,"Bristol, City of",Combined arts,Low
South West,Cornwall,Theatre,Medium
South West,Dorset,Visual arts,Low
South West,Cornwall,Music,Low
South West,Cornwall,Music,Low
South East,Colchester,Literature,Low
London,Haringey,Theatre,High
London,Camden,Dance,High
London,Southwark,Theatre,High
London,Lambeth,Music,High
South West,Wiltshire,Libraries,Medium
South East,Tandridge,Music,Medium
South East,Cambridge,Dance,Medium
North,Preston,Combined arts,Low
North,Leeds,Dance,High
South East,Brighton and Hove,Dance,High
North,Manchester,Theatre,Medium
North,Wirral,Theatre,Medium
North,Newcastle upon Tyne,Visual arts,Medium
North,Trafford,Music,Low
London,Leeds,Literature,Low
North,Kirklees,Music,Low
North,Kirklees,Music,Low
North,Bradford,Visual arts,Low
North,Leeds,Theatre,Medium
North,Liverpool,Dance,Medium
North,Middlesbrough,Music,Medium
North,Sheffield,Music,Low
South West,Gosport,Combined arts,High
South West,Rushmoor,Theatre,Medium
London,High Peak,Theatre,Medium
South East,Tunbridge Wells,Literature,Low
South West,Portsmouth,Combined arts,High
South East,Medway,Theatre,Medium
South West,Cornwall,Theatre,High
South West,Southampton,Combined arts,High
Midlands,Amber Valley,Literature,Low
South East,Canterbury,Music,High
North,Blackburn with Darwen,Combined arts,High
North,"Kingston upon Hull, City of",Theatre,High
South East,Thanet,Visual arts,High
South East,Mid Suffolk,Literature,High
Midlands,Broxtowe,Combined arts,Medium
North,North Yorkshire,Museums,High
Midlands,North West Leicestershire,Combined arts,Medium
Midlands,Shropshire,Literature,Low
North,North Yorkshire,Theatre,High
North,Sheffield,Combined arts,High
North,Calderdale,Dance,High
North,Tameside,Visual arts,High
North,Knowsley,Museums,High
London,Waltham Forest,Visual arts,Low
London,Westminster,Combined arts,Medium
London,Kingston upon Thames,Theatre,Medium
London,Lambeth,Combined arts,Low
London,Southwark,Literature,Medium
London,Bromley,Music,Low
London,Wandsworth,Visual arts,Low
London,Haringey,Dance,High
London,Lewisham,Dance,Medium
London,Lambeth,Visual arts,Low
London,Greenwich,Visual arts,Low
London,Harrow,Combined arts,Medium
London,Haringey,Theatre,Medium
London,Haringey,Visual arts,Low
South West,Croydon,Music,Medium
London,Islington,Literature,Low
London,Lambeth,Combined arts,Medium
London,Hackney,Theatre,Medium
London,Croydon,Music,Medium
London,Lewisham,Music,Medium
London,Hackney,Music,Low
South East,Gravesham,Combined arts,High
South East,Hertsmere,Music,High
North,Manchester,Music,High
North,Kirklees,Theatre,High
London,Newham,Combined arts,Medium
North,Lancaster,Dance,High
South East,West Suffolk,Theatre,High
North,Rossendale,Combined arts,High
Midlands,Blaby,Music,Medium
Midlands,Nottingham,Combined arts,Low
North,Liverpool,Theatre,High
South East,Chelmsford,Music,High
South West,"Bristol, City of",Visual arts,High
Midlands,Worcester,Museums,Low
London,Haringey,Combined arts,Low
London,Islington,Theatre,Low
South West,Isles of Scilly,Music,Low
South West,East Devon,Theatre,Low
South West,"Bournemouth, Christchurch and Poole",Theatre,High
South West,Swindon,Music,Medium
South West,"Bristol, City of",Music,Medium
London,Newham,Theatre,Low
Midlands,Powys,Combined arts,High
South East,Norwich,Dance,High
Midlands,Newcastle-under-Lyme,Combined arts,Medium
Midlands,Nottingham,Music,High
South East,Tonbridge and Malling,Visual arts,Medium
South East,Thanet,Music,Medium
South East,Folkestone and Hythe,Theatre,High
South East,Reigate and Banstead,Music,Medium
London,Lewisham,Theatre,Low
South East,Birmingham,Dance,Medium
Midlands,Nottingham,Theatre,Medium
Midlands,Leicester,Libraries,High
North,Blackburn with Darwen,Music,Medium
South East,Brighton and Hove,Theatre,Medium
South East,East Cambridgeshire,Combined arts,Medium
South East,Brighton and Hove,Visual arts,High
Midlands,Leicester,Music,Medium
South East,Folkestone and Hythe,Dance,Medium
South East,Thanet,Theatre,Medium
Midlands,Newark and Sherwood,Visual arts,Low
South East,Norwich,Combined arts,Medium
London,Islington,Visual arts,Low
London,Newham,Combined arts,Medium
North,Newcastle upon Tyne,Visual arts,Medium
Midlands,Birmingham,Visual arts,Medium
North,Kirklees,Theatre,High
North,Redcar and Cleveland,Theatre,High
North,Kirklees,Music,Low
North,Newcastle upon Tyne,Music,Medium
London,Ealing,Visual arts,Low
London,Tower Hamlets,Literature,Low
London,Greenwich,Music,Low
London,Tower Hamlets,Theatre,Low
South East,Crawley,Not discipline specific,High
South East,East Suffolk,Theatre,High
London,Newham,Theatre,High
South East,Buckinghamshire,Literature,High
North,"Kingston upon Hull, City of",Theatre,High
London,Enfield,Visual arts,High
London,Kingston upon Thames,Dance,High
Midlands,Charnwood,Music,Low
South East,West Oxfordshire,Theatre,High
South East,Wealden,Dance,High
Midlands,Derby,Theatre,Medium
Midlands,Telford and Wrekin,Theatre,High
South East,Brighton and Hove,Dance,High
South East,Brighton and Hove,Music,Medium
South East,St Albans,Music,Low
South East,South Cambridgeshire,Theatre,Medium
South East,Hastings,Visual arts,Low
South East,Hastings,Combined arts,Medium
South West,"Bristol, City of",Literature,Medium
South East,Basildon,Visual arts,High
North,County Durham,Music,Low
South West,Cheltenham,Combined arts,Medium
North,County Durham,Visual arts,High
South East,Oxford,Dance,High
South West,Somerset,Music,Low
London,Hounslow,Theatre,Medium
London,Westminster,Visual arts,Low
North,Newcastle upon Tyne,Combined arts,Medium
North,Leeds,Music,High
North,Liverpool,Theatre,Medium
North,Sheffield,Theatre,Medium
North,Wirral,Theatre,Low
North,Calderdale,Theatre,Medium
North,Calderdale,Combined arts,Medium
North,Kirklees,Theatre,Low
North,Gateshead,Combined arts,Medium
London,Camden,Visual arts,Low
London,Hackney,Theatre,Medium
London,Hackney,Music,High
London,Merton,Theatre,Low
London,Kensington and Chelsea,Literature,Low
London,Westminster,Combined arts,Low
North,Bury,Music,Medium
London,Croydon,Libraries,Low
London,Hackney,Theatre,Medium
London,Hackney,Music,Low
South East,Adur,Dance,Medium
South East,Arun,Combined arts,Medium
South West,Wiltshire,Theatre,High
North,Manchester,Music,High
North,Newcastle upon Tyne,Dance,Low
North,Salford,Combined arts,Low
South East,Adur,Music,Medium
North,North Yorkshire,Music,High
South East,Adur,Visual arts,High
North,Kirklees,Visual arts,High
North,"Kingston upon Hull, City of",Theatre,High
South West,Cornwall,Combined arts,Low
North,Doncaster,Music,High
North,South Tyneside,Music,High
North,Bradford,Theatre,Low
South East,Runnymede,Theatre,Medium
North,Manchester,Libraries,High
London,Croydon,Music,Medium
London,Merton,Theatre,Medium
Midlands,Coventry,Combined arts,High
London,Hackney,Music,Medium
London,Hackney,Visual arts,Medium
London,Hackney,Visual arts,High
London,Croydon,Combined arts,Low
London,Camden,Music,Low
London,Harrow,Combined arts,Medium
London,Bromley,Theatre,Low
Midlands,Birmingham,Theatre,High
South West,Somerset,Literature,Medium
South West,Dorset,Music,Medium
South West,Cornwall,Theatre,Medium
South West,Bath and North East Somerset,Visual arts,Medium
South West,North Somerset,Theatre,High
South West,Isle of Wight,Visual arts,Medium
Midlands,Nottingham,Literature,High
South West,Somerset,Dance,Medium
South West,"Bristol, City of",Music,Low
North,Liverpool,Music,Low
North,County Durham,Theatre,Low
South East,Gravesham,Literature,Low
Midlands,North West Leicestershire,Theatre,High
North,Warrington,Museums,Low
North,Kirklees,Combined arts,Medium
London,Barking and Dagenham,Museums,Medium
London,Hackney,Visual arts,Low
Midlands,Worcester,Music,Low
London,Reading,Music,Medium
South East,North Norfolk,Theatre,Low
South East,Runnymede,Dance,Medium
Midlands,Nottingham,Combined arts,Medium
South East,Luton,Combined arts,Medium
South East,Luton,Combined arts,Low
South East,Peterborough,Visual arts,Low
South East,Slough,Combined arts,Medium
South East,Eastbourne,Dance,High
South East,Rother,Visual arts,Medium
Midlands,High Peak,Visual arts,Low
South East,Great Yarmouth,Visual arts,Low
South East,Oxford,Literature,Medium
South East,Oxford,Combined arts,Medium
South East,West Oxfordshire,Combined arts,Medium
North,North Yorkshire,Music,Low
North,Gateshead,Theatre,Medium
North,Sheffield,Theatre,High
North,Newcastle upon Tyne,Combined arts,Low
North,Leeds,Museums,Low
North,Leeds,Literature,Medium
London,Lambeth,Theatre,Low
London,Haringey,Visual arts,Medium
London,Hackney,Theatre,Medium
London,Tower Hamlets,Visual arts,Low
South East,Waltham Forest,Literature,High
North,Rochdale,Theatre,High
London,Richmond upon Thames,Literature,Low
London,Hackney,Music,Medium
London,Bromley,Theatre,Low
South West,Gloucester,Not discipline specific,High
Midlands,Stratford-on-Avon,Dance,High
Midlands,Warwick,Dance,Medium
Midlands,Charnwood,Dance,High
Midlands,Rushcliffe,Theatre,High
Midlands,Lichfield,Theatre,Medium
Midlands,Nottingham,Theatre,Medium
Midlands,Derby,Theatre,Medium
South West,"Bournemouth, Christchurch and Poole",Music,Low
South West,"Bristol, City of",Music,Medium
South West,Isle of Wight,Literature,Low
South West,Isle of Wight,Theatre,Low
South West,"Bristol, City of",Music,High
South West,Portsmouth,Theatre,Medium
South West,Winchester,Theatre,Low
South West,Somerset,Combined arts,Medium
London,Haringey,Combined arts,High
London,Croydon,Combined arts,High
South West,Tewkesbury,Theatre,High
South West,"Bristol, City of",Combined arts,Medium
London,Lambeth,Music,Low
South East,Waverley,Theatre,Low
Midlands,Nottingham,Literature,High
South East,Ipswich,Combined arts,Medium
London,Southwark,Visual arts,Medium
South East,Harlow,Theatre,Low
Midlands,Birmingham,Combined arts,High
London,Hackney,Visual arts,Low
London,Barnet,Dance,Medium
London,Wandsworth,Music,Low
London,Southwark,Theatre,Low
London,Tower Hamlets,Music,Low
London,Kensington and Chelsea,Theatre,Low
London,Islington,Music,Medium
London,Hammersmith and Fulham,Theatre,Low
London,Haringey,Theatre,Low
London,Hackney,Visual arts,Low
London,Lewisham,Theatre,Medium
North,Manchester,Music,Medium
London,Waltham Forest,Theatre,Low
London,Merton,Literature,Medium
London,Lewisham,Theatre,Medium
London,Redbridge,Literature,Low
London,Kensington and Chelsea,Visual arts,Medium
London,Lewisham,Theatre,High
London,Wandsworth,Theatre,Low
London,Westminster,Theatre,Medium
London,Doncaster,Music,Low
North,Rotherham,Theatre,Low
Midlands,Derby,Combined arts,High
North,Liverpool,Dance,High
Midlands,Wolverhampton,Combined arts,Medium
North,South Tyneside,Theatre,Low
South East,Folkestone and Hythe,Theatre,Medium
South East,Thanet,Dance,High
South East,Brentwood,Theatre,Low
North,County Durham,Music,Low
North,Westmorland and Furness,Combined arts,Medium
South East,Hastings,Music,High
South East,Eastbourne,Dance,High
South East,Luton,Not discipline specific,Medium
South East,Southend-on-Sea,Theatre,Low
South East,Brighton and Hove,Music,Low
South East,Brighton and Hove,Music,Medium
South East,Medway,Theatre,Medium
South East,Medway,Theatre,Medium
South East,Peterborough,Music,Low
South East,Brighton and Hove,Theatre,Medium
South East,Eastbourne,Not discipline specific,High
South East,Ashford,Music,High
North,Northumberland,Libraries,Medium
North,Fylde,Combined arts,Low
North,South Tyneside,Combined arts,Low
North,Redcar and Cleveland,Music,High
North,Doncaster,Theatre,High
North,Calderdale,Literature,High
North,Redcar and Cleveland,Visual arts,High
North,Sheffield,Music,High
North,Leeds,Theatre,High
North,Hyndburn,Combined arts,High
North,Manchester,Combined arts,Medium
South East,Medway,Combined arts,High
North,Salford,Music,High
North,South Tyneside,Music,Medium
South West,Wiltshire,Combined arts,Medium
South West,"Bristol, City of",Combined arts,Low
South West,Bath and North East Somerset,Music,Medium
South West,Bath and North East Somerset,Visual arts,Medium
South West,South Gloucestershire,Theatre,Low
South West,"Bristol, City of",Dance,Low
South East,East Hertfordshire,Theatre,Medium
London,Newham,Theatre,Medium
London,Kingston upon Thames,Theatre,Low
London,Ealing,Music,Low
London,Kensington and Chelsea,Combined arts,Medium
London,Islington,Dance,Medium
London,Greenwich,Music,Medium
North,Leeds,Dance,Medium
South East,Crawley,Literature,High
South East,Waverley,Theatre,High
North,Newcastle upon Tyne,Combined arts,Low
London,Greenwich,Dance,High
London,Kensington and Chelsea,Theatre,High
London,Haringey,Music,Low
London,Greenwich,Music,Low
London,Brent,Theatre,Low
London,Kensington and Chelsea,Literature,Low
North,Liverpool,Theatre,Medium
North,Manchester,Theatre,Medium
North,Kirklees,Combined arts,Medium
North,Kirklees,Visual arts,Medium
North,Liverpool,Theatre,Low
North,Stockton-on-Tees,Literature,Medium
South East,Lewes,Theatre,Low
South East,Norwich,Dance,Medium
South East,Brighton and Hove,Combined arts,Medium
South East,Peterborough,Combined arts,Medium
North,Cheshire East,Literature,Low
Midlands,Chesterfield,Music,Low
Midlands,Nottingham,Music,Low
Midlands,Derby,Combined arts,Low
Midlands,Leicester,Combined arts,Medium
Midlands,Nottingham,Libraries,Medium
Midlands,Shropshire,Combined arts,Low
Midlands,Derby,Literature,High
Midlands,Coventry,Theatre,High
South West,Wiltshire,Theatre,Medium
South West,"Bristol, City of",Music,Low
South West,Dorset,Music,Low
South West,Gloucester,Visual arts,Medium
South West,North Somerset,Theatre,High
South West,"Bristol, City of",Music,Low
South West,Portsmouth,Theatre,Medium
South West,"Bristol, City of",Music,High
South West,"Bristol, City of",Theatre,Medium
South West,Gloucester,Combined arts,High
South West,Stroud,Music,High
South West,"Bristol, City of",Combined arts,High
South East,Crawley,Theatre,Medium
South East,West Suffolk,Visual arts,High
London,Westminster,Music,Medium
Midlands,Coventry,Visual arts,High
North,Bradford,Dance,Medium
North,Manchester,Music,Medium
North,Manchester,Combined arts,Low
Midlands,Tamworth,Theatre,High
North,Liverpool,Dance,Medium
London,Newham,Literature,High
South East,Medway,Visual arts,High
South East,Thurrock,Combined arts,Low
London,Hertsmere,Music,Low
South East,Brighton and Hove,Combined arts,Medium
South East,Peterborough,Not discipline specific,High
North,East Riding of Yorkshire,Theatre,Low
South East,Tendring,Music,Medium
South East,South Cambridgeshire,Music,Low
North,Westmorland and Furness,Combined arts,Medium
North,County Durham,Dance,Low
North,North Yorkshire,Theatre,Medium
Midlands,Broxtowe,Theatre,High
Midlands,West Northamptonshire,Theatre,High
South East,Norwich,Theatre,Low
London,Thanet,Visual arts,Low
South East,Folkestone and Hythe,Dance,Medium
North,Redcar and Cleveland,Theatre,High
North,Calderdale,Theatre,Low
North,Kirklees,Music,Low
North,Leeds,Visual arts,Low
Midlands,Walsall,Combined arts,High
North,Kirklees,Combined arts,Low
North,Doncaster,Theatre,Medium
North,South Tyneside,Music,Medium
London,Lewisham,Museums,Medium
London,Lewisham,Theatre,Low
London,Hounslow,Combined arts,Low
London,Lewisham,Music,Low
London,Southwark,Literature,High
London,Kingston upon Thames,Theatre,Low
London,Islington,Theatre,Medium
London,Newham,Visual arts,High
London,Sutton,Dance,High
London,Camden,Music,Medium
London,Hackney,Combined arts,Medium
London,Islington,Music,Low
London,Hackney,Theatre,Low
London,Haringey,Theatre,High
London,Hackney,Theatre,Low
London,Wandsworth,Dance,Low
North,Manchester,Music,Low
London,Kensington and Chelsea,Visual arts,High
London,Islington,Music,Low
London,Islington,Combined arts,Medium
London,Bexley,Combined arts,Medium
London,Croydon,Combined arts,High
London,Croydon,Dance,Medium
North,Bolton,Theatre,High
North,Rotherham,Theatre,High
North,North Tyneside,Combined arts,High
Midlands,Sandwell,Libraries,Low
Midlands,Birmingham,Dance,High
North,Newcastle upon Tyne,Combined arts,High
Midlands,East Lindsey,Theatre,Low
North,Wyre,Combined arts,High
Midlands,North East Derbyshire,Theatre,Medium
South East,Hastings,Music,High
Midlands,High Peak,Combined arts,Medium
North,East Riding of Yorkshire,Dance,High
North,Blackpool,Libraries,High
North,Blackburn with Darwen,Visual arts,High
North,Cumberland,Museums,High
Midlands,Nottingham,Literature,Medium
South East,Brighton and Hove,Visual arts,High
Midlands,Rugby,Theatre,Medium
South East,Crawley,Combined arts,Medium
South East,Canterbury,Theatre,High
South East,Epsom and Ewell,Visual arts,High
Midlands,Wyre Forest,Literature,High
Midlands,Shropshire,Not discipline specific,Low
South East,Spelthorne,Theatre,Low
South East,East Suffolk,Theatre,Medium
South East,Thanet,Combined arts,Medium
South East,Reading,Theatre,Medium
South East,Hertsmere,Music,Medium
South East,Medway,Combined arts,High
North,Salford,Music,Low
North,Manchester,Combined arts,Medium
North,Manchester,Combined arts,Low
North,Leeds,Dance,Medium
North,South Tyneside,Visual arts,Low
Midlands,Birmingham,Theatre,High
North,Manchester,Theatre,Medium
South West,Plymouth,Dance,Medium
South East,Brighton and Hove,Dance,High
South East,Uttlesford,Music,Medium
South West,Stroud,Visual arts,High
South East,South Cambridgeshire,Theatre,Medium
South East,Fenland,Visual arts,Low
South East,Fenland,Combined arts,Medium
North,Cheshire West and Chester,Theatre,Low
South East,Braintree,Theatre,Low
South East,St Albans,Literature,Low
South East,Hastings,Combined arts,Medium
South East,Norwich,Combined arts,Low
South East,Dartford,Visual arts,Medium
North,North Tyneside,Theatre,High
Midlands,Birmingham,Combined arts,Medium
Midlands,Coventry,Music,Medium
Midlands,Birmingham,Literature,Medium
Midlands,Sandwell,Visual arts,Low
North,Knowsley,Dance,Low
North,Wigan,Literature,Low
North,Doncaster,Visual arts,Low
Midlands,Sandwell,Theatre,High
Midlands,Birmingham,Visual arts,Low
Midlands,Birmingham,Libraries,Medium
North,Salford,Theatre,Medium
North,Manchester,Theatre,Medium
London,Tower Hamlets,Visual arts,Low
London,Westminster,Visual arts,Low
London,Lambeth,Theatre,Medium
London,Barnet,Literature,Medium
London,Hackney,Literature,High
London,Haringey,Music,Low
London,Hackney,Theatre,High
London,Hackney,Combined arts,High
London,Islington,Literature,Low
London,Lewisham,Theatre,Medium
London,Hackney,Combined arts,Low
North,Rochdale,Combined arts,Medium
North,Manchester,Visual arts,Low
South West,Stroud,Music,Low
South West,Cornwall,Theatre,Low
South West,Cornwall,Dance,Low
London,Portsmouth,Music,Low
South West,Somerset,Music,Low
London,City of London,Music,High
London,Brent,Visual arts,High
London,Southwark,Theatre,High
London,Lewisham,Dance,High
London,Lewisham,Combined arts,High
South West,Isle of Wight,Visual arts,Medium
South West,Plymouth,Theatre,High
Midlands,Stafford,Libraries,Medium
South East,Oxford,Theatre,Low
South East,Folkestone and Hythe,Combined arts,Low
North,Leeds,Dance,Low
North,Salford,Combined arts,High
North,Kirklees,Music,Low
South East,Horsham,Literature,Low
South East,Luton,Music,Medium
South East,Norwich,Theatre,High
South East,Brighton and Hove,Music,Medium
South East,Brighton and Hove,Combined arts,Medium
South East,Brighton and Hove,Music,Medium
South East,Peterborough,Music,Low
South East,Slough,Literature,Low
South East,Reading,Dance,Medium
North,Darlington,Theatre,High
South East,Reading,Theatre,High
South East,Colchester,Music,Medium
South East,Broxbourne,Theatre,Low
South East,Braintree,Theatre,Low
South East,Canterbury,Combined arts,Medium
Midlands,East Staffordshire,Theatre,Medium
South East,Oxford,Dance,High
South East,Norwich,Combined arts,Medium
Midlands,Lincoln,Music,Low
South East,North Norfolk,Theatre,Low
South East,Sevenoaks,Theatre,High
London,Wandsworth,Music,Low
North,Manchester,Theatre,Low
North,Sheffield,Combined arts,Low
North,Sheffield,Theatre,Low
North,Wigan,Theatre,Medium
North,Wirral,Literature,Low
Midlands,Sandwell,Music,Medium
North,Barnsley,Music,Medium
North,Newcastle upon Tyne,Theatre,High
Midlands,Coventry,Visual arts,High
Midlands,Sandwell,Combined arts,Medium
Midlands,Walsall,Music,Low
North,Bradford,Theatre,High
London,Waltham Forest,Theatre,Low
London,Southwark,Music,Low
London,Croydon,Combined arts,Medium
London,Haringey,Theatre,High
London,Wandsworth,Literature,Low
London,Hackney,Music,Medium
London,Hackney,Literature,Low
London,Hammersmith and Fulham,Visual arts,Low
Midlands,Lambeth,Theatre,Medium
London,Lambeth,Literature,Medium
North,Manchester,Combined arts,High
North,Redcar and Cleveland,Theatre,High
North,South Tyneside,Combined arts,High
South West,East Devon,Combined arts,High
North,Manchester,Literature,High
North,Sheffield,Visual arts,High
North,Newcastle upon Tyne,Combined arts,High
North,Preston,Combined arts,High
Midlands,Warwick,Music,High
Midlands,Rushcliffe,Combined arts,High
Midlands,Chesterfield,Not discipline specific,High
Midlands,Leicester,Music,High
Midlands,Nottingham,Combined arts,High
Midlands,Birmingham,Music,High
South West,"Bristol, City of",Music,Low
South East,Tendring,Combined arts,Medium
London,Hastings,Combined arts,Medium
South East,Folkestone and Hythe,Music,Medium
South East,East Suffolk,Theatre,Low
South East,Norwich,Music,Medium
South East,Canterbury,Theatre,High
South East,Peterborough,Theatre,Medium
South East,Ipswich,Visual arts,Medium
South West,Rushmoor,Combined arts,Medium
South West,Somerset,Theatre,Medium
South East,Adur,Music,High
London,Hackney,Music,Medium
North,Liverpool,Theatre,Low
South East,Horsham,Theatre,Medium
North,Manchester,Combined arts,Medium
South East,Thanet,Combined arts,Medium
North,Lancaster,Visual arts,Low
South East,East Suffolk,Combined arts,High
North,Northumberland,Theatre,Medium
North,Middlesbrough,Museums,Medium
Midlands,West Northamptonshire,Libraries,Low
Midlands,West Lindsey,Combined arts,Medium
South East,Dover,Literature,Medium
North,Northumberland,Theatre,High
Midlands,Mansfield,Combined arts,High
Midlands,North Kesteven,Theatre,Medium
Midlands,West Northamptonshire,Visual arts,Low
Midlands,Shropshire,Music,Low
Midlands,Chesterfield,Visual arts,High
South East,Lewes,Music,Medium
South East,Hastings,Theatre,Low
North,Westmorland and Furness,Music,Medium
South East,Brighton and Hove,Theatre,Low
North,Warrington,Visual arts,Low
North,Sefton,Theatre,Low
North,Bury,Literature,Low
London,Camden,Combined arts,Medium
London,Lewisham,Theatre,Medium
London,Islington,Music,Medium
London,Hackney,Theatre,Medium
London,Hackney,Visual arts,Low
London,Islington,Theatre,Low
London,Hackney,Visual arts,Low
London,Barking and Dagenham,Dance,Medium
London,Hackney,Dance,Medium
London,Camden,Theatre,High
London,Southwark,Combined arts,Medium
London,Barnet,Theatre,High
London,Lewisham,Music,Medium
London,Southwark,Combined arts,Low
London,Islington,Not discipline specific,Low
London,Barking and Dagenham,Combined arts,High
London,Newham,Dance,High
London,Croydon,Dance,High
London,Islington,Literature,High
South West,Torridge,Combined arts,High
North,County Durham,Visual arts,Low
South East,St Albans,Literature,Low
South East,Cherwell,Combined arts,Medium
South East,King's Lynn and West Norfolk,Combined arts,Low
South East,East Suffolk,Combined arts,Low
North,Hyndburn,Combined arts,Low
South West,"Bournemouth, Christchurch and Poole",Music,Low
South West,North Somerset,Theatre,Medium
South East,Thurrock,Combined arts,Low
London,City of London,Not discipline specific,Low
London,Ealing,Dance,High
London,Islington,Theatre,Medium
London,Camden,Music,Medium
London,Camden,Music,Low
North,Manchester,Dance,Medium
London,Hackney,Libraries,Medium
London,Hackney,Combined arts,Medium
London,Southwark,Theatre,Medium
London,Waltham Forest,Combined arts,Low
North,Gateshead,Theatre,Medium
North,Wirral,Combined arts,Low
North,Liverpool,Theatre,Low
South West,Wiltshire,Theatre,Low
North,Newcastle upon Tyne,Theatre,Medium
South East,Canterbury,Music,Medium
South East,Waverley,Theatre,High
London,Islington,Theatre,Low
London,Lambeth,Visual arts,Low
London,Hackney,Dance,Low
North,Rotherham,Combined arts,Medium
South East,Woking,Music,Low
South East,Spelthorne,Combined arts,Low
London,Hackney,Literature,Medium
London,Tower Hamlets,Theatre,Low
London,Tower Hamlets,Visual arts,Low
London,Lambeth,Theatre,Low
North,Manchester,Theatre,Low
South East,Luton,Not discipline specific,High
South East,East Suffolk,Not discipline specific,High
North,Rotherham,Combined arts,High
North,Leeds,Museums,High
North,"Kingston upon Hull, City of",Theatre,High
North,Sheffield,Music,High
Midlands,Birmingham,Theatre,Medium
Midlands,Birmingham,Music,Low
North,Rochdale,Combined arts,High
London,Lambeth,Literature,High
Midlands,Stoke-on-Trent,Combined arts,Medium
North,Cumberland,Combined arts,High
South East,Brighton and Hove,Not discipline specific,High
North,Preston,Combined arts,High
North,Preston,Combined arts,High
Midlands,Tamworth,Combined arts,Medium
Midlands,Cannock Chase,Literature,Medium
South East,Great Yarmouth,Not discipline specific,High
Midlands,South Holland,Museums,High
Midlands,Staffordshire Moorlands,Music,High
South East,East Suffolk,Literature,High
Midlands,Shropshire,Music,High
Midlands,Cherwell,Theatre,High
South East,Rochford,Theatre,High
South East,Buckinghamshire,Combined arts,High
Midlands,Sandwell,Combined arts,High
Midlands,Birmingham,Music,High
London,Coventry,Theatre,High
South East,Medway,Combined arts,High
South East,Thanet,Music,High
London,Tower Hamlets,Theatre,High
London,Southwark,Music,Low
London,Waltham Forest,Music,Medium
South West,Wiltshire,Visual arts,Medium
London,Westminster,Music,High
London,Hackney,Combined arts,Low
North,Manchester,Literature,Low
London,Westminster,Music,Low
London,Southwark,Theatre,High
London,Haringey,Theatre,Low
London,Hammersmith and Fulham,Visual arts,Low
London,Islington,Theatre,Low
London,Lambeth,Theatre,High
London,Barnet,Combined arts,High
South East,Waltham Forest,Music,Low
London,Croydon,Dance,Low
London,Camden,Music,Medium
London,Islington,Theatre,Medium
London,Haringey,Visual arts,Medium
South West,Isle of Wight,Theatre,Medium
North,York,Theatre,High
South West,Portsmouth,Visual arts,Low
South West,East Hampshire,Music,Low
South West,Tewkesbury,Music,Medium
South East,Oxford,Theatre,High
Midlands,Shropshire,Theatre,High
South East,Vale of White Horse,Combined arts,Low
South East,Cherwell,Theatre,Low
South East,Canterbury,Combined arts,Low
South East,South Norfolk,Music,Medium
South East,Thanet,Music,Medium
North,Hyndburn,Combined arts,Medium
North,Lancaster,Theatre,Medium
South East,Oxford,Combined arts,Low
Midlands,Rushcliffe,Music,Medium
South East,South Cambridgeshire,Combined arts,Low
North,Westmorland and Furness,Theatre,Low
South East,Wealden,Visual arts,Low
South East,Buckinghamshire,Theatre,Low
Midlands,Rutland,Theatre,Medium
Midlands,Nottingham,Dance,Medium
South East,Peterborough,Dance,Medium
Midlands,Leicester,Dance,Medium
North,Cumberland,Theatre,Low
North,"Kingston upon Hull, City of",Dance,Low
South East,Brighton and Hove,Combined arts,Low
South East,Brighton and Hove,Visual arts,Medium
South East,Wokingham,Theatre,High
North,Oldham,Libraries,Medium
North,Tameside,Combined arts,Low
Midlands,Birmingham,Combined arts,Low
North,Gateshead,Dance,High
Midlands,Sandwell,Combined arts,Low
North,Leeds,Dance,High
North,Sheffield,Theatre,Low
Midlands,Birmingham,Combined arts,Medium
North,Leeds,Visual arts,Low
Midlands,Nottingham,Literature,High
Midlands,Worcester,Music,Medium
Midlands,Nottingham,Music,High
South East,Ipswich,Theatre,Medium
South East,Thurrock,Combined arts,High
South East,Worthing,Music,Low
North,Bradford,Not discipline specific,High
South East,Oxford,Visual arts,Medium
South East,Folkestone and Hythe,Combined arts,Medium
South East,Thanet,Combined arts,Medium
South West,"Bristol, City of",Combined arts,High
South West,South Gloucestershire,Theatre,Medium
London,Ealing,Libraries,Medium
South West,East Devon,Combined arts,High
South West,Mid Devon,Combined arts,Low
London,Wandsworth,Theatre,Low
London,Islington,Theatre,Low
London,Hackney,Visual arts,Low
South West,"Bristol, City of",Theatre,Low
South West,Bath and North East Somerset,Theatre,Low
Midlands,Tamworth,Dance,Medium
South East,Norwich,Theatre,High
South East,Tendring,Theatre,Medium
London,Brent,Theatre,High
North,Manchester,Visual arts,Low
London,Brent,Music,Medium
South East,Mid Sussex,Dance,Medium
South East,Horsham,Digital Arts,Medium
South East,Thanet,Combined arts,Medium
South East,Norwich,Combined arts,Medium
North,Redcar and Cleveland,Theatre,Low
North,Newcastle upon Tyne,Combined arts,Low
North,Bradford,Combined arts,High
North,Leeds,Combined arts,Medium
Midlands,Dudley,Theatre,Medium
North,North Tyneside,Theatre,Low
North,Medway,Visual arts,Low
South East,Brighton and Hove,Theatre,Medium
North,Leeds,Dance,Low
South East,Buckinghamshire,Visual arts,Low
North,Sheffield,Visual arts,High
South East,East Suffolk,Combined arts,High
Midlands,Stoke-on-Trent,Visual arts,Medium
North,Leeds,Literature,Low
North,Salford,Music,High
North,Rotherham,Theatre,Low
Midlands,Coventry,Not discipline specific,Medium
North,Cheshire West and Chester,Visual arts,High
North,Manchester,Theatre,High
North,Liverpool,Theatre,Low
Midlands,Wychavon,Museums,High
London,Westminster,Music,Medium
South East,Dover,Not discipline specific,High
North,Leeds,Literature,High
North,North Yorkshire,Dance,Low
Midlands,Walsall,Theatre,Medium
London,Enfield,Theatre,High
South West,Somerset,Literature,High
South West,South Hams,Combined arts,Low
South West,Cornwall,Theatre,Medium
South East,Norwich,Theatre,Low
South West,South Gloucestershire,Literature,Medium
South East,Brighton and Hove,Literature,Low
South East,Brighton and Hove,Music,Low
London,Norwich,Theatre,Low
South East,Luton,Literature,Medium
London,Isle of Wight,Theatre,Low
South West,Exeter,Dance,Medium
South East,Harlow,Music,Medium
Midlands,Birmingham,Music,High
London,Tower Hamlets,Visual arts,Low
South East,Brighton and Hove,Music,Medium
Midlands,Derby,Combined arts,Medium
London,Waltham Forest,Combined arts,High
Midlands,Birmingham,Dance,High
Midlands,"Herefordshire, County of",Dance,Medium
South East,King's Lynn and West Norfolk,Visual arts,High
North,Redcar and Cleveland,Combined arts,Medium
North,Liverpool,Visual arts,Low
North,Warrington,Combined arts,Medium
London,Hackney,Dance,High
London,Islington,Theatre,Medium
South East,Basildon,Theatre,Medium
London,Camden,Theatre,Medium
North,Bradford,Museums,Low
North,Rossendale,Combined arts,Low
North,Sunderland,Visual arts,Medium
Midlands,Birmingham,Combined arts,Medium
South East,Brighton and Hove,Theatre,Low
London,Tower Hamlets,Visual arts,Low
North,Wirral,Libraries,Medium
London,Lambeth,Visual arts,Low
South West,Exeter,Combined arts,High
North,North Tyneside,Theatre,High
London,Croydon,Music,High
Midlands,Stoke-on-Trent,Combined arts,High
North,Rochdale,Museums,High
London,Hackney,Theatre,High
South East,Hastings,Music,High
South East,North Norfolk,Theatre,High
London,Lambeth,Music,Low
South West,Swindon,Dance,High
South East,Peterborough,Combined arts,Medium
London,Tower Hamlets,Theatre,High
North,Manchester,Combined arts,High
South East,East Suffolk,Theatre,Medium
London,Brent,Visual arts,High
Midlands,Nottingham,Music,High
North,Leeds,Theatre,High
North,York,Music,High
North,Lancaster,Visual arts,Low
South West,Exeter,Theatre,High
North,Rotherham,Visual arts,High
South West,North Somerset,Literature,Low
London,Barnet,Music,Low
North,Salford,Theatre,Low
London,Merton,Theatre,Low
South East,Oxford,Dance,Medium
London,Lambeth,Dance,High
South East,Thanet,Visual arts,Low
South East,Dover,Music,Medium
North,Sheffield,Music,Low
North,Salford,Literature,Low
North,Darlington,Music,Medium
North,Calderdale,Music,Low
South West,Cornwall,Combined arts,Low
South East,Thurrock,Music,Medium
South East,Milton Keynes,Visual arts,Low
South East,Norwich,Music,Medium
South East,Harlow,Theatre,Low
London,Barnet,Digital Arts,Medium
London,Croydon,Music,Medium
London,Islington,Digital Arts,Medium
London,Greenwich,Visual arts,Low
North,Doncaster,Music,Low
North,Liverpool,Theatre,High
London,Wandsworth,Theatre,Low
London,Hillingdon,Literature,Medium
London,Lewisham,Dance,High
South West,"Bristol, City of",Music,Low
North,Barnsley,Theatre,Medium
South East,Cherwell,Theatre,Low
London,Camden,Theatre,Medium
South East,Chichester,Theatre,High
South East,East Suffolk,Theatre,Medium
South West,Somerset,Combined arts,Low
South West,Portsmouth,Literature,Medium
North,Chorley,Literature,High
Midlands,Walsall,Theatre,High
Midlands,Birmingham,Combined arts,Medium
Midlands,Bromsgrove,Music,Low
Midlands,Sandwell,Combined arts,Low
Midlands,Walsall,Theatre,Medium
Midlands,East Staffordshire,Music,Low
South East,East Suffolk,Visual arts,High
South East,Basildon,Music,High
South East,Folkestone and Hythe,Dance,High
South East,Thanet,Combined arts,High
London,Epping Forest,Dance,Medium
North,Southend-on-Sea,Theatre,Low
North,Knowsley,Theatre,Medium
London,Newham,Combined arts,High
London,Tower Hamlets,Visual arts,Low
London,Newham,Music,Low
London,Hackney,Music,Low
North,York,Dance,Low
North,Wigan,Combined arts,Low
London,Harrow,Literature,Medium
London,Hackney,Literature,Low
London,Southwark,Theatre,Low
South East,Medway,Music,Low
South East,Lewisham,Visual arts,High
North,Bradford,Music,High
South East,Huntingdonshire,Theatre,Medium
South East,Breckland,Theatre,High
North,Wigan,Theatre,Low
North,Leeds,Combined arts,Low
London,Ealing,Combined arts,Medium
North,Newcastle upon Tyne,Combined arts,Low
North,Wirral,Literature,Low
South East,Luton,Combined arts,Low
London,Westminster,Combined arts,Low
London,Barnet,Combined arts,Low
South West,South Gloucestershire,Combined arts,Medium
Midlands,Newark and Sherwood,Music,Medium
Midlands,West Lindsey,Combined arts,Medium
Midlands,Wolverhampton,Literature,Low
Midlands,Birmingham,Theatre,Medium
Midlands,South Kesteven,Visual arts,Medium
South East,Tendring,Combined arts,Medium
South West,Somerset,Theatre,Medium
South West,Portsmouth,Theatre,High
South East,Babergh,Visual arts,Medium
South East,Brighton and Hove,Combined arts,High
South East,Thanet,Combined arts,Medium
South East,Reading,Combined arts,Medium
South East,Cambridge,Theatre,High
South East,Hastings,Digital Arts,Medium
North,Bradford,Combined arts,Low
North,Sefton,Music,Low
London,Southwark,Visual arts,High
South East,Elmbridge,Dance,Medium
North,"Kingston upon Hull, City of",Theatre,High
London,Wandsworth,Theatre,Low
London,Lewisham,Visual arts,Low
South West,Cornwall,Music,Low
London,Hackney,Theatre,Medium
South East,South Cambridgeshire,Visual arts,Low
London,Lambeth,Theatre,Low
London,Westminster,Combined arts,Low
London,Merton,Theatre,Low
London,Islington,Theatre,Low
North,Manchester,Dance,Low
North,Lancaster,Theatre,Low
North,Blackburn with Darwen,Theatre,Low
South West,Darlington,Theatre,Medium
South West,Cornwall,Combined arts,Medium
South West,North Devon,Visual arts,High
South West,Winchester,Combined arts,High
South West,Portsmouth,Literature,Low
Midlands,Coventry,Visual arts,High
South West,Bath and North East Somerset,Combined arts,High
London,Waltham Forest,Theatre,High
London,Lambeth,Visual arts,Medium
South West,Exeter,Visual arts,Medium
South West,Portsmouth,Combined arts,High
London,Haringey,Dance,High
London,Barnet,Literature,Low
South West,Dorset,Theatre,High
South West,Portsmouth,Theatre,High
London,Islington,Music,High
South West,"Bristol, City of",Theatre,High
Midlands,Charnwood,Not discipline specific,Medium
North,Manchester,Combined arts,High
North,Hartlepool,Combined arts,High
North,South Tyneside,Combined arts,High
North,Manchester,Combined arts,High
Midlands,Nottingham,Literature,Medium
Midlands,Birmingham,Literature,Medium
London,Birmingham,Theatre,High
South East,Worthing,Combined arts,High
South East,Canterbury,Theatre,High
London,Islington,Music,Medium
London,Ealing,Music,Low
London,Harrow,Visual arts,Low
London,Lambeth,Theatre,Low
London,Islington,Theatre,Low
London,Hackney,Theatre,Medium
South East,Harlow,Theatre,Medium
North,Trafford,Theatre,Medium
South West,East Hampshire,Museums,Low
South East,North Norfolk,Music,Medium
South East,Brighton and Hove,Music,High
Midlands,Warwick,Theatre,Medium
North,Cheshire East,Theatre,Low
Midlands,Gedling,Theatre,Low
North,Wirral,Theatre,High
London,Ealing,Theatre,Medium
South East,Gravesham,Theatre,Low
London,Haringey,Theatre,Low
London,Islington,Theatre,Medium
South West,"Bournemouth, Christchurch and Poole",Visual arts,Medium
South West,Forest of Dean,Dance,Medium
South East,Arun,Theatre,Low
North,Bradford,Literature,Low
South East,Thanet,Visual arts,Low
South East,Rother,Theatre,Low
South West,Leicester,Visual arts,Low
South East,Lewes,Theatre,Low
South East,Thurrock,Theatre,Low
Midlands,Birmingham,Theatre,Low
South West,West Devon,Theatre,Low
London,Shropshire,Theatre,Low
South East,Basildon,Literature,Low
South East,Maldon,Theatre,Medium
London,Croydon,Combined arts,High
South West,"Bristol, City of",Visual arts,Medium
North,North Yorkshire,Music,Medium
North,Wakefield,Literature,Medium
North,Kirklees,Theatre,Medium
North,Middlesbrough,Combined arts,Medium
South East,Brighton and Hove,Theatre,Low
Midlands,Nottingham,Literature,Medium
Midlands,Telford and Wrekin,Theatre,High
South East,Thanet,Music,High
South East,Brighton and Hove,Music,Low
London,Croydon,Theatre,High
London,Haringey,Visual arts,High
North,"Kingston upon Hull, City of",Combined arts,High
London,Westminster,Theatre,High
South West,North Devon,Theatre,High
London,Richmond upon Thames,Combined arts,High
London,Islington,Theatre,High
North,Doncaster,Theatre,High
North,North East Lincolnshire,Theatre,High
London,Croydon,Literature,High
South West,Exeter,Theatre,High
London,Barking and Dagenham,Combined arts,High
London,Tower Hamlets,Combined arts,Medium
London,Camden,Theatre,Medium
South East,Lambeth,Theatre,Low
North,County Durham,Visual arts,Medium
South East,Dacorum,Theatre,Low
South East,Thanet,Literature,High
South East,Brighton and Hove,Combined arts,Medium
London,Lambeth,Combined arts,Low
South West,Portsmouth,Libraries,Low
London,Hounslow,Visual arts,Low
North,Liverpool,Theatre,Low
North,Lancaster,Literature,Low
North,Sheffield,Theatre,Medium
South East,Milton Keynes,Dance,Low
North,Sheffield,Theatre,High
Midlands,Telford and Wrekin,Theatre,High
South East,Hastings,Theatre,Low
London,Hackney,Music,Low
South East,Wealden,Combined arts,Medium
North,Sefton,Theatre,High
Midlands,Sandwell,Visual arts,Medium
Midlands,Newark and Sherwood,Theatre,Medium
South West,Southampton,Visual arts,Medium
London,Sutton,Theatre,Low
North,Bury,Combined arts,Low
South East,Huntingdonshire,Theatre,High
London,Hackney,Combined arts,Medium
London,"Bristol, City of",Music,Medium
North,Redcar and Cleveland,Combined arts,High
London,Plymouth,Theatre,Low
South East,Lewes,Combined arts,High
South West,"Bristol, City of",Theatre,Low
Midlands,"Herefordshire, County of",Literature,Low
London,Tower Hamlets,Visual arts,Low
North,South Tyneside,Music,Low
London,Westminster,Not discipline specific,Low
North,Oldham,Combined arts,High
North,Blackburn with Darwen,Visual arts,High
South West,"Bristol, City of",Visual arts,High
North,Sheffield,Combined arts,High
North,Leeds,Combined arts,High
South West,Gloucester,Dance,High
North,Northern Ireland,Theatre,Low
Midlands,Coventry,Visual arts,High
South East,Reading,Theatre,High
London,City of London,Combined arts,Medium
South East,Elmbridge,Theatre,Low
North,Westmorland and Furness,Combined arts,High
Midlands,Nottingham,Combined arts,High
Midlands,Walsall,Combined arts,Medium
London,Newham,Music,Medium
South West,North Somerset,Music,Medium
London,Brent,Music,Medium
North,Blackburn with Darwen,Music,Medium
North,Cumberland,Music,Low
Midlands,Nottingham,Music,Low
North,Liverpool,Music,Low
South West,Plymouth,Music,Medium
South East,Thanet,Music,Medium
North,Stockton-on-Tees,Music,Medium
South West,"Bristol, City of",Theatre,Medium
South West,Wiltshire,Theatre,Low
South West,"Bristol, City of",Visual arts,Medium
Midlands,South Hams,Dance,Low
South West,"Bristol, City of",Theatre,Low
South East,Mole Valley,Combined arts,Medium
North,South Tyneside,Digital Arts,High
London,Haringey,Theatre,Medium
London,Haringey,Music,Medium
London,Haringey,Theatre,Low
London,Wandsworth,Literature,Medium
South East,Cambridge,Theatre,Medium
South East,Vale of White Horse,Theatre,Medium
South East,Thanet,Combined arts,Low
North,Kirklees,Music,Medium
London,Camden,Museums,Low
South West,"Bristol, City of",Music,Low
South East,Dacorum,Theatre,High
South East,Thanet,Visual arts,High
North,Leeds,Dance,Medium
North,Wigan,Museums,Medium
North,Newcastle upon Tyne,Visual arts,Low
South East,Thanet,Literature,Medium
London,Camden,Museums,Medium
South East,Hastings,Combined arts,Low
London,Haringey,Combined arts,Medium
North,Bradford,Visual arts,High
London,Camden,Museums,High
Midlands,Birmingham,Theatre,Medium
Midlands,East Lindsey,Visual arts,Low
Midlands,Birmingham,Dance,Medium
Midlands,North East Derbyshire,Theatre,High
Midlands,Coventry,Theatre,Low
Midlands,Rushcliffe,Not discipline specific,High
Midlands,Birmingham,Combined arts,High
Midlands,Birmingham,Combined arts,High
Midlands,Nottingham,Theatre,High
London,Waltham Forest,Literature,Low
South West,Portsmouth,Visual arts,High
South East,West Suffolk,Theatre,Low
London,Southend-on-Sea,Music,Low
South West,Test Valley,Theatre,Low
South West,Wiltshire,Theatre,Low
South West,Portsmouth,Combined arts,Medium
London,Lewisham,Visual arts,Low
South East,Thanet,Music,Low
South West,North Devon,Combined arts,Low
London,Lambeth,Theatre,Low
Midlands,Birmingham,Combined arts,Medium
South East,Crawley,Theatre,High
North,County Durham,Dance,Medium
North,Blackburn with Darwen,Music,Medium
London,Lewisham,Dance,Low
South East,Brighton and Hove,Music,Medium
London,Tower Hamlets,Music,Low
London,Bromley,Theatre,Medium
South West,North Somerset,Combined arts,Medium
North,Kirklees,Literature,Low
North,Leeds,Theatre,Medium
South East,Reigate and Banstead,Theatre,Low
London,Lewisham,Theatre,Low
South East,Tendring,Combined arts,Medium
London,Hammersmith and Fulham,Theatre,Medium
London,Newham,Music,High
London,Richmond upon Thames,Visual arts,Low
London,Brent,Theatre,Low
South East,Medway,Combined arts,Medium
North,Manchester,Theatre,Low
London,Hackney,Combined arts,Medium
Midlands,Warwick,Music,Medium
Midlands,Worcester,Music,Medium
Midlands,Walsall,Theatre,High
Midlands,Walsall,Dance,High
Midlands,Lincoln,Literature,Medium
London,Lewisham,Dance,High
London,Brent,Museums,High
Midlands,Coventry,Combined arts,Medium
South East,Welwyn Hatfield,Theatre,High
South East,Adur,Visual arts,High
North,Cumberland,Not discipline specific,High
South East,Hastings,Combined arts,High
South West,West Devon,Music,Low
Midlands,North Northamptonshire,Digital Arts,Low
South West,Gloucester,Visual arts,Low
South West,East Devon,Music,Low
Midlands,Birmingham,Visual arts,Low
South East,Milton Keynes,Dance,Medium
South West,Dorset,Theatre,Medium
South West,Cornwall,Visual arts,Low
South East,South Cambridgeshire,Theatre,Low
South East,Peterborough,Theatre,High
South West,New Forest,Visual arts,Medium
London,Tower Hamlets,Visual arts,High
London,Bromley,Theatre,Low
North,East Riding of Yorkshire,Visual arts,Low
North,Wigan,Visual arts,Medium
London,Westminster,Combined arts,Medium
North,"Kingston upon Hull, City of",Music,Low
North,Manchester,Combined arts,Medium
London,Haringey,Dance,High
South East,Brighton and Hove,Music,Low
North,Leeds,Music,High
Midlands,Derbyshire Dales,Theatre,Medium
South East,Lewes,Dance,Medium
London,Newham,Theatre,Low
North,North East Lincolnshire,Theatre,Low
Midlands,Birmingham,Theatre,High
London,Hackney,Theatre,Low
Midlands,Leicester,Literature,Medium
London,Tower Hamlets,Music,Medium
South East,East Suffolk,Not discipline specific,Medium
Midlands,Sandwell,Theatre,Medium
Midlands,Harborough,Combined arts,Low
North,Sunderland,Music,High
London,Haringey,Theatre,Low
North,Bradford,Combined arts,High
North,Westmorland and Furness,Combined arts,High
North,North East Lincolnshire,Combined arts,High
North,Tameside,Theatre,High
North,Manchester,Combined arts,High
Midlands,Birmingham,Theatre,High
London,Westminster,Theatre,High
London,Lewisham,Music,High
Midlands,Warwick,Dance,High
North,Bradford,Combined arts,High
South East,Thanet,Combined arts,High
South East,Swale,Theatre,High
London,Lambeth,Literature,High
South West,Bath and North East Somerset,Theatre,High
South West,Somerset,Combined arts,High
London,Lewisham,Theatre,High
Midlands,Rushcliffe,Theatre,High
South West,Cornwall,Not discipline specific,High
Midlands,Birmingham,Music,Low
London,Brent,Music,Low
London,Camden,Theatre,Low
London,Hackney,Combined arts,Low
Midlands,Solihull,Theatre,Medium
Midlands,Warwick,Dance,Low
Midlands,Coventry,Music,Low
London,Croydon,Theatre,Medium
London,Croydon,Literature,Low
North,Manchester,Theatre,Low
South East,Southend-on-Sea,Theatre,Medium
South East,Oxford,Theatre,Medium
London,Tower Hamlets,Combined arts,High
North,Kirklees,Theatre,Low
South West,Cornwall,Visual arts,Medium
South West,Forest of Dean,Combined arts,Low
London,Westminster,Combined arts,Medium
London,Haringey,Theatre,Medium
London,Greenwich,Visual arts,Low
North,Hartlepool,Combined arts,High
South East,Hastings,Visual arts,Medium
South West,"Bournemouth, Christchurch and Poole",Visual arts,Low
South East,Hastings,Combined arts,Medium
North,Middlesbrough,Combined arts,Medium
North,North Yorkshire,Theatre,Low
North,Cumberland,Music,High
North,Leeds,Visual arts,High
Midlands,North Kesteven,Visual arts,High
North,Leeds,Combined arts,High
Midlands,Derby,Combined arts,High
South West,"Bristol, City of",Combined arts,Low
London,Redbridge,Theatre,Low
South East,Oxford,Visual arts,Medium
North,Bradford,Theatre,Medium
North,County Durham,Music,Low
South East,Central Bedfordshire,Music,Low
South West,Exeter,Combined arts,Medium
North,Lancaster,Combined arts,High
London,Brent,Music,High
South West,"Bristol, City of",Music,Medium
Midlands,Leicester,Music,High
South East,Adur,Digital Arts,High
Midlands,Birmingham,Music,Medium
South East,Tunbridge Wells,Museums,High
Midlands,Rushcliffe,Combined arts,High
South East,Eastbourne,Music,Medium
North,Trafford,Music,Medium
South West,Isle of Wight,Music,Medium
London,Lewisham,Music,Low
Midlands,Amber Valley,Music,High
South West,"Bristol, City of",Music,Low
South East,Slough,Visual arts,Medium
London,Haringey,Combined arts,High
South East,Great Yarmouth,Theatre,Medium
South West,"Bristol, City of",Theatre,High
South West,Test Valley,Dance,Low
South East,Cambridge,Visual arts,Low
South East,Cambridge,Theatre,Low
London,Hackney,Music,Medium
London,Croydon,Theatre,Medium
London,Lambeth,Combined arts,Low
North,York,Dance,High
North,County Durham,Theatre,Low
London,Greenwich,Visual arts,Low
South East,Canterbury,Music,Medium
North,Bradford,Combined arts,Low
North,Cheshire West and Chester,Visual arts,Low
North,Bradford,Combined arts,Medium
London,Kensington and Chelsea,Literature,Low
South East,Brighton and Hove,Combined arts,Medium
South East,Thurrock,Combined arts,Medium
South East,Dartford,Literature,Low
South West,Wiltshire,Visual arts,Low
South East,King's Lynn and West Norfolk,Theatre,Medium
North,Knowsley,Not discipline specific,High
North,Kirklees,Theatre,Low
London,Lambeth,Combined arts,Medium
South East,Thanet,Combined arts,Medium
Midlands,Blaby,Literature,Low
Midlands,Worcester,Visual arts,Medium
Midlands,Stafford,Libraries,Medium
Midlands,Stoke-on-Trent,Combined arts,Medium
Midlands,Coventry,Music,Medium
Midlands,Solihull,Dance,High
South West,Southampton,Combined arts,High
Midlands,South Holland,Museums,Medium
Midlands,Swansea,Visual arts,Medium
Midlands,Nottingham,Combined arts,Low
South West,North Somerset,Theatre,Low
London,Lambeth,Theatre,High
Midlands,Nottingham,Theatre,High
Midlands,Malvern Hills,Theatre,Medium
London,Kensington and Chelsea,Combined arts,High
South West,Dorset,Theatre,Low
London,Newham,Theatre,High
South West,"Bournemouth, Christchurch and Poole",Combined arts,High
South West,Torbay,Not discipline specific,High
London,Croydon,Combined arts,Low
South East,Windsor and Maidenhead,Literature,High
North,Gateshead,Literature,Low
South East,Dover,Combined arts,High
South East,Tendring,Literature,High
North,Wyre,Theatre,Low
London,Wandsworth,Dance,Medium
London,Tower Hamlets,Visual arts,Low
South East,Brighton and Hove,Combined arts,Medium
London,Redbridge,Music,Low
London,Lambeth,Music,Medium
South East,Folkestone and Hythe,Combined arts,Medium
South East,Great Yarmouth,Theatre,Medium
South East,Brighton and Hove,Dance,Low
North,Warrington,Visual arts,Low
South East,Thanet,Theatre,Low
South East,Brighton and Hove,Dance,Low
South West,Plymouth,Not discipline specific,Medium
North,Leeds,Visual arts,High
North,Bradford,Theatre,High
North,Preston,Combined arts,High
North,Sheffield,Combined arts,High
North,St. Helens,Libraries,High
Midlands,Leicester,Music,High
Midlands,High Peak,Visual arts,High
North,St. Helens,Theatre,High
North,Cumberland,Music,High
North,North East Lincolnshire,Visual arts,High
North,Preston,Museums,High
North,Blackburn with Darwen,Theatre,High
North,Darlington,Music,High
Midlands,Lichfield,Combined arts,High
North,Darlington,Not discipline specific,High
London,Tower Hamlets,Combined arts,Medium
London,Kensington and Chelsea,Combined arts,Medium
London,Southwark,Combined arts,Medium
London,Camden,Theatre,Low
London,Kensington and Chelsea,Visual arts,Low
London,Kingston upon Thames,Theatre,Low
Midlands,Birmingham,Combined arts,Medium
North,Wirral,Literature,Low
Midlands,Nottingham,Music,Low
North,Westmorland and Furness,Literature,Low
South West,Croydon,Visual arts,Low
South East,Medway,Digital Arts,Medium
Midlands,Staffordshire Moorlands,Music,Low
South West,Somerset,Theatre,Medium
Midlands,West Lindsey,Theatre,High
Midlands,Wolverhampton,Combined arts,Medium
London,Tower Hamlets,Visual arts,Low
Midlands,Nottingham,Combined arts,Low
North,Lancaster,Visual arts,Low
South East,Worthing,Dance,High
South West,"Bristol, City of",Music,High
South East,Hastings,Music,High
South West,Portsmouth,Visual arts,Low
South East,Cambridge,Dance,Medium
Midlands,Nottingham,Visual arts,Low
London,Lewisham,Visual arts,Medium
South East,Brighton and Hove,Music,Low
North,Wigan,Theatre,High
North,Salford,Theatre,Medium
South West,Cheltenham,Visual arts,Medium
South West,Stroud,Music,High
South East,Brighton and Hove,Theatre,High
South West,Dorset,Music,Medium
London,Tower Hamlets,Music,Low
North,Barnsley,Music,High
London,Enfield,Music,Medium
London,Islington,Music,High
South East,Brighton and Hove,Music,Medium
North,Manchester,Music,Low
North,Kirklees,Music,Low
South West,Gloucester,Music,Low
London,Hackney,Music,Medium
Midlands,Rushcliffe,Music,Medium
London,Richmond upon Thames,Music,Low
London,Enfield,Theatre,Low
London,Hammersmith and Fulham,Dance,Low
London,Wandsworth,Combined arts,Medium
London,Camden,Visual arts,Low
South East,Oxford,Visual arts,Medium
South East,Shropshire,Theatre,Low
North,Manchester,Combined arts,Medium
London,Barking and Dagenham,Dance,High
South West,Torbay,Combined arts,High
South East,Central Bedfordshire,Theatre,Medium
North,North East Lincolnshire,Visual arts,Medium
North,Manchester,Visual arts,Low
Midlands,Leicester,Visual arts,Low
Midlands,Nottingham,Theatre,Medium
London,Islington,Theatre,High
Midlands,Charnwood,Theatre,Low
South East,Wealden,Theatre,Low
North,Bradford,Combined arts,Medium
North,Westmorland and Furness,Music,Medium
South East,Brighton and Hove,Literature,High
North,Sheffield,Theatre,Low
Midlands,Birmingham,Dance,Medium
South East,Dover,Combined arts,Medium
Midlands,Rushcliffe,Theatre,Medium
South East,Slough,Literature,Low
London,Bromley,Visual arts,Medium
North,Newcastle upon Tyne,Theatre,Low
North,Cumberland,Museums,Low
South West,Cheltenham,Visual arts,Low
South East,Vale of White Horse,Theatre,Medium
London,Newham,Combined arts,High
South East,Mid Suffolk,Visual arts,Low
North,Bradford,Music,Medium
South East,Colchester,Music,Medium
North,North Norfolk,Visual arts,Medium
South East,East Suffolk,Combined arts,Low
London,Tower Hamlets,Literature,High
North,Oldham,Theatre,Low
London,Southwark,Theatre,Low
London,Westminster,Combined arts,Medium
North,Stockport,Visual arts,High
North,"Kingston upon Hull, City of",Theatre,High
North,Leeds,Dance,High
North,Stockton-on-Tees,Visual arts,High
South West,"Bristol, City of",Combined arts,High
North,Gateshead,Visual arts,High
Midlands,Coventry,Theatre,High
North,Oldham,Theatre,High
North,Gateshead,Combined arts,High
Midlands,Leicester,Not discipline specific,High
North,Sheffield,Theatre,High
North,Wigan,Visual arts,High
South West,"Bristol, City of",Combined arts,High
South East,East Suffolk,Theatre,High
South East,Folkestone and Hythe,Visual arts,High
London,Southwark,Dance,Low
London,Southwark,Theatre,Low
London,Kensington and Chelsea,Music,Low
London,Lewisham,Theatre,Low
London,Hackney,Theatre,Low
South East,Dover,Music,Low
North,Leeds,Visual arts,High
North,Newcastle upon Tyne,Dance,Low
London,Southwark,Music,Low
London,Haringey,Music,Low
South East,Norwich,Theatre,High
South West,"Bristol, City of",Music,Low
North,Salford,Dance,Low
North,Manchester,Combined arts,Medium
South East,Cambridge,Theatre,Medium
North,Manchester,Theatre,Medium
London,Lewisham,Theatre,Low
London,Waltham Forest,Combined arts,High
South West,Cornwall,Visual arts,Medium
North,Warrington,Theatre,Medium
South East,Worthing,Visual arts,Low
South East,Swale,Literature,Low
North,Northumberland,Theatre,Medium
South East,Tendring,Combined arts,Medium
South East,South Cambridgeshire,Music,Medium
Midlands,Derby,Theatre,High
Midlands,Derby,Theatre,High
Midlands,Leicester,Visual arts,Low
Midlands,Chesterfield,Visual arts,High
Midlands,Lichfield,Theatre,Medium
South East,Brighton and Hove,Literature,Low
South West,Cornwall,Visual arts,Medium
South West,South Hams,Combined arts,Medium
South West,"Bournemouth, Christchurch and Poole",Dance,High
South West,Cornwall,Visual arts,Low
South West,Southampton,Literature,High
Midlands,Leicester,Digital Arts,High
South East,Eastbourne,Dance,High
South West,Exeter,Theatre,High
South East,Slough,Combined arts,Medium
Midlands,South Derbyshire,Combined arts,Medium
London,Waltham Forest,Theatre,High
South East,Hastings,Combined arts,High
London,Wandsworth,Dance,High
South East,Guildford,Theatre,High
South West,Teignbridge,Not discipline specific,High
Midlands,Nottingham,Theatre,Medium
Midlands,Erewash,Visual arts,Low
Midlands,Wigan,Theatre,Low
North,Cheshire East,Museums,Medium
Midlands,West Northamptonshire,Theatre,Low
South East,Brighton and Hove,Not discipline specific,Low
Midlands,Warwick,Combined arts,Low
North,Manchester,Theatre,Medium
North,"Kingston upon Hull, City of",Visual arts,Medium
South East,Hastings,Combined arts,High
Midlands,High Peak,Visual arts,Low
South East,Broadland,Music,Medium
London,Brent,Libraries,High
South West,Gloucester,Visual arts,High
Midlands,Wolverhampton,Combined arts,High
North,Liverpool,Literature,High
North,Sheffield,Theatre,High
South East,Bedford,Visual arts,Medium
London,Southwark,Theatre,Medium
London,Islington,Music,Low
London,Haringey,Combined arts,Low
North,Liverpool,Dance,Medium
London,Hounslow,Theatre,High
London,Waltham Forest,Theatre,High
North,Bradford,Visual arts,Low
South East,Tandridge,Literature,Medium
South East,Brighton and Hove,Dance,High
North,Leeds,Visual arts,High
Midlands,High Peak,Visual arts,High
North,Newcastle upon Tyne,Combined arts,High
North,Liverpool,Music,High
London,Hackney,Combined arts,Medium
London,Lambeth,Theatre,Medium
North,Manchester,Visual arts,Low
North,Gateshead,Dance,Medium
South West,North Somerset,Theatre,Medium
South East,South Norfolk,Visual arts,Low
South East,Epping Forest,Music,Low
South West,Cornwall,Visual arts,Low
North,Manchester,Music,Medium
South East,Peterborough,Theatre,Low
South East,Rother,Theatre,Medium
North,Liverpool,Theatre,Low
North,Calderdale,Dance,High
South West,Isles of Scilly,Theatre,Low
North,East Riding of Yorkshire,Theatre,Low
South East,Breckland,Theatre,Low
London,Hackney,Theatre,Low
London,Southwark,Theatre,Low
North,Leeds,Music,Medium
London,Islington,Theatre,Low
South East,Brighton and Hove,Digital Arts,Medium
London,Tower Hamlets,Combined arts,Medium
London,Woking,Theatre,Low
London,Hammersmith and Fulham,Music,Low
South East,Waverley,Theatre,High
South East,Cambridge,Literature,Medium
North,Rochdale,Theatre,Low
South East,Thanet,Theatre,Medium
North,North Yorkshire,Visual arts,Medium
Midlands,Solihull,Dance,Medium
Midlands,Shropshire,Combined arts,Medium
Midlands,Nottingham,Theatre,Low
Midlands,Birmingham,Dance,High
Midlands,Leicester,Combined arts,High
London,Gloucester,Combined arts,Medium
London,Enfield,Not discipline specific,High
London,Southwark,Theatre,Low
London,Westminster,Music,Low
North,Kirklees,Visual arts,Medium
London,Newham,Theatre,High
London,Wandsworth,Theatre,Low
London,Bexley,Combined arts,High
London,Lambeth,Literature,High
London,Croydon,Combined arts,High
Midlands,"Herefordshire, County of",Combined arts,Medium
North,Manchester,Dance,Low
London,Newham,Music,Medium
Midlands,Derby,Combined arts,High
London,Camden,Theatre,Low
South East,Norwich,Theatre,Medium
Midlands,Leicester,Theatre,High
London,Westminster,Visual arts,Low
South East,Thanet,Theatre,Medium
North,North Lincolnshire,Literature,Medium
London,Croydon,Music,Medium
North,Cumberland,Combined arts,Medium
London,Enfield,Theatre,Medium
Midlands,Leicester,Combined arts,Medium
North,Newcastle upon Tyne,Dance,Medium
South East,Slough,Theatre,Medium
South East,Central Bedfordshire,Theatre,High
South West,South Hams,Theatre,High
North,Rochdale,Dance,High
London,Tower Hamlets,Combined arts,Medium
London,Kensington and Chelsea,Combined arts,Low
South East,Rother,Combined arts,Low
South East,Folkestone and Hythe,Combined arts,Medium
South East,Southend-on-Sea,Visual arts,Low
North,Salford,Theatre,Low
Midlands,Nottingham,Digital Arts,Low
Midlands,Birmingham,Combined arts,Medium
North,Northumberland,Music,Low
London,Lewisham,Music,Medium
South West,"Bristol, City of",Music,Low
Midlands,Dudley,Theatre,Medium
South East,Norwich,Dance,High
South East,Hastings,Visual arts,Low
South East,Worthing,Music,Medium
South West,Gloucester,Literature,Low
London,Greenwich,Dance,Medium
South East,Crawley,Not discipline specific,High
South West,"Bristol, City of",Music,High
South West,Isle of Wight,Museums,High
North,North Yorkshire,Music,High
Midlands,Ashfield,Combined arts,High
North,"Kingston upon Hull, City of",Theatre,High
North,Doncaster,Music,High
South East,East Suffolk,Music,High
South West,Cornwall,Literature,High
South East,Brighton and Hove,Visual arts,High
North,Barnsley,Combined arts,High
London,Harrow,Dance,High
South East,Wealden,Dance,High
London,Redbridge,Theatre,High
North,Northumberland,Dance,High
South West,North Somerset,Combined arts,High
North,Fylde,Combined arts,High
London,Lambeth,Theatre,High
North,Liverpool,Music,High
South East,Cambridge,Theatre,High
London,Hackney,Theatre,High
North,Manchester,Dance,High
South East,Reading,Theatre,High
Midlands,Stoke-on-Trent,Theatre,High
London,Croydon,Theatre,High
North,Stockton-on-Tees,Dance,High
North,Liverpool,Combined arts,High
South East,Chelmsford,Music,Medium
London,Newham,Music,Low
South West,Somerset,Music,Medium
North,Rochdale,Music,Low
London,Lewisham,Music,Medium
North,Salford,Music,Medium
North,Manchester,Music,Low
London,Tower Hamlets,Music,High
Midlands,Leicester,Music,Medium
Midlands,Chesterfield,Music,High
Midlands,East Staffordshire,Music,Medium
South West,Somerset,Combined arts,Low
South East,Tendring,Visual arts,Low
South West,"Bristol, City of",Dance,Low
South West,Plymouth,Literature,Medium
London,Newham,Visual arts,High
South East,Brighton and Hove,Theatre,Medium
Midlands,Coventry,Dance,Medium
North,Lancaster,Literature,Medium
London,Redbridge,Theatre,Low
South East,Waverley,Theatre,Medium
North,Liverpool,Combined arts,Medium
London,Hammersmith and Fulham,Literature,Low
Midlands,Derbyshire Dales,Theatre,Low
South East,Southend-on-Sea,Music,Low
North,Ashfield,Visual arts,High
London,Islington,Theatre,Medium
London,Tower Hamlets,Music,Low
South East,Canterbury,Combined arts,High
South East,Norwich,Theatre,Medium
North,Blackburn with Darwen,Combined arts,Medium
North,St. Helens,Literature,Low
London,Hammersmith and Fulham,Combined arts,Low
South East,Oxford,Music,Medium
South East,Brighton and Hove,Music,Medium
Midlands,Malvern Hills,Combined arts,High
London,Lewisham,Combined arts,Medium
London,Southwark,Theatre,Low
Midlands,High Peak,Dance,Low
South West,Haringey,Theatre,Medium
London,South Cambridgeshire,Theatre,High
South East,Worthing,Visual arts,Low
North,Manchester,Theatre,Low
North,North Tyneside,Combined arts,Medium
London,Haringey,Combined arts,Medium
South East,Peterborough,Music,Medium
South East,St Albans,Theatre,Low
London,Croydon,Combined arts,High
London,Tower Hamlets,Visual arts,High
London,Southwark,Theatre,High
South East,Thanet,Theatre,Medium
South East,Colchester,Dance,High
South East,Vale of White Horse,Dance,Low
South East,Southend-on-Sea,Libraries,Medium
South East,West Berkshire,Combined arts,Medium
London,Islington,Visual arts,High
South West,Wiltshire,Combined arts,High
Midlands,Birmingham,Combined arts,High
North,Bradford,Dance,High
Midlands,Birmingham,Libraries,High
North,Trafford,Theatre,High
North,"Kingston upon Hull, City of",Visual arts,High
North,Rotherham,Combined arts,High
Midlands,Coventry,Dance,Medium
Midlands,West Northamptonshire,Combined arts,Medium
North,Middlesbrough,Museums,Medium
North,Liverpool,Combined arts,Medium
South East,Ipswich,Dance,Medium
Midlands,Birmingham,Dance,High
London,Lewisham,Libraries,Low
London,Camden,Theatre,High
North,Westmorland and Furness,Literature,Low
London,Hackney,Literature,Medium
London,Islington,Combined arts,Low
North,Ribble Valley,Dance,Medium
Midlands,Wolverhampton,Music,Medium
London,Lewisham,Dance,Low
Midlands,Hinckley and Bosworth,Combined arts,Low
Midlands,Nottingham,Theatre,Medium
London,Hammersmith and Fulham,Combined arts,Low
Midlands,Harborough,Visual arts,Medium
Midlands,Rutland,Theatre,Medium
London,Lewisham,Theatre,Low
London,Southwark,Combined arts,Low
Midlands,Erewash,Dance,Low
North,North Tyneside,Music,Low
South West,Stroud,Music,Low
South East,Brighton and Hove,Theatre,Low
South East,Adur,Visual arts,Low
London,Barking and Dagenham,Visual arts,High
North,Sheffield,Combined arts,Low
South West,Cornwall,Dance,Medium
North,Newcastle upon Tyne,Dance,Low
South East,Peterborough,Visual arts,Medium
North,Cheshire West and Chester,Music,Low
London,Hackney,Literature,Medium
South West,Somerset,Theatre,High
Midlands,Coventry,Music,High
North,Hartlepool,Music,High
South East,Dartford,Visual arts,Low
Midlands,Worcester,Theatre,High
Midlands,Birmingham,Music,Medium
Midlands,Nottingham,Visual arts,High
London,Lambeth,Theatre,Medium
South East,Hastings,Combined arts,High
South East,Worthing,Visual arts,High
South East,East Hertfordshire,Visual arts,High
London,Lambeth,Combined arts,Low
South East,Hastings,Music,Medium
South East,Spelthorne,Theatre,High
North,Manchester,Theatre,Medium
South West,Exeter,Theatre,Medium
London,Greenwich,Music,Medium
South West,Somerset,Theatre,Medium
South East,Lewes,Theatre,Low
London,Southwark,Visual arts,Medium
South East,Brighton and Hove,Theatre,Low
North,Liverpool,Music,Low
South East,Reigate and Banstead,Music,Medium
South East,Oxford,Theatre,Medium
South East,Brentwood,Music,Low
London,Hammersmith and Fulham,Theatre,Low
South East,Norwich,Dance,Medium
London,Bromley,Dance,Medium
North,Rochdale,Music,Medium
London,Camden,Literature,Low
North,Leeds,Theatre,High
London,Redbridge,Music,Low
South West,Somerset,Theatre,Low
North,Manchester,Visual arts,Medium
London,Tower Hamlets,Theatre,Medium
South East,Brighton and Hove,Music,Medium
South East,Braintree,Music,Low
London,Camden,Theatre,Low
North,Manchester,Theatre,Medium
South East,Southend-on-Sea,Theatre,Low
South East,Cherwell,Literature,Low
London,Haringey,Theatre,Low
London,Southwark,Theatre,Medium
South East,Luton,Theatre,Low
South East,Medway,Music,Medium
North,Manchester,Theatre,Low
North,County Durham,Visual arts,Low
Midlands,Derby,Theatre,High
Midlands,Wolverhampton,Visual arts,High
North,Rugby,Theatre,High
Midlands,Nottingham,Dance,Low
Midlands,Broxtowe,Literature,Low
Midlands,High Peak,Literature,Low
Midlands,Harborough,Theatre,Low
Midlands,Chesterfield,Theatre,High
Midlands,Derby,Theatre,High
Midlands,Birmingham,Visual arts,Low
London,Westminster,Dance,High
Midlands,Nottingham,Theatre,High
Midlands,Shropshire,Theatre,High
Midlands,Nottingham,Theatre,High
London,Lambeth,Dance,High
South West,"Bristol, City of",Combined arts,High
Midlands,Cardiff,Theatre,High
London,Islington,Literature,High
Midlands,Birmingham,Theatre,High
London,Haringey,Literature,High
London,Waltham Forest,Libraries,High
Midlands,Chesterfield,Theatre,High
North,Kirklees,Music,High
North,Rochdale,Not discipline specific,High
South West,"Bournemouth, Christchurch and Poole",Literature,High
North,Salford,Not discipline specific,High
North,Manchester,Theatre,Low
Midlands,Nuneaton and Bedworth,Dance,Medium
London,Islington,Dance,Low
South West,"Bristol, City of",Theatre,High
London,Croydon,Combined arts,Medium
Midlands,North Northamptonshire,Music,Low
London,Croydon,Literature,High
London,Merton,Literature,Low
North,Gateshead,Dance,High
South West,"Bristol, City of",Combined arts,High
South West,Swindon,Literature,High
South West,New Forest,Theatre,High
North,Manchester,Combined arts,High
South East,South Cambridgeshire,Dance,High
Midlands,Birmingham,Combined arts,Medium
Midlands,Birmingham,Music,Medium
North,Wakefield,Libraries,High
North,Sefton,Libraries,High
North,Wigan,Literature,Medium
North,Manchester,Combined arts,Medium
North,Leeds,Theatre,Medium
Midlands,Birmingham,Literature,Low
North,Southwark,Visual arts,Low
London,Southwark,Visual arts,Low
North,Gateshead,Combined arts,Low
Midlands,Wigan,Libraries,Low
South West,Winchester,Theatre,Medium
London,Tower Hamlets,Theatre,Low
London,Hackney,Theatre,Medium
North,Liverpool,Combined arts,High
North,Calderdale,Visual arts,Medium
London,Redbridge,Theatre,High
Midlands,Telford and Wrekin,Visual arts,Medium
South West,Southampton,Theatre,High
Midlands,Solihull,Dance,High
South East,Hastings,Music,High
South East,Oxford,Dance,High
South East,East Cambridgeshire,Dance,High
South East,Brighton and Hove,Theatre,High
London,Southwark,Music,High
North,Kirklees,Music,High
South West,South Hams,Music,High
South West,"Bristol, City of",Music,High
South East,South Oxfordshire,Combined arts,Medium
South East,Thanet,Visual arts,Medium
Midlands,Mansfield,Music,Medium
London,Rother,Combined arts,Medium
South East,West Berkshire,Theatre,High
South West,Brighton and Hove,Visual arts,High
South East,Chichester,Music,Low
South West,Plymouth,Combined arts,Low
London,Hackney,Theatre,Low
London,Hillingdon,Visual arts,Low
London,Merton,Theatre,Low
London,Hackney,Not discipline specific,Low
Midlands,Leicester,Visual arts,Medium
Midlands,North West Leicestershire,Literature,Low
Midlands,Wolverhampton,Dance,High
South East,West Suffolk,Theatre,High
Midlands,North Northamptonshire,Music,Medium
Midlands,Nottingham,Visual arts,Medium
South East,Uttlesford,Music,Medium
London,Hillingdon,Music,Low
London,Haringey,Music,Low
Midlands,Birmingham,Music,Medium
South East,Norwich,Music,Low
South East,Ashford,Music,Medium
North,Manchester,Combined arts,High
London,Redbridge,Combined arts,High
North,Salford,Combined arts,High
North,Stockton-on-Tees,Visual arts,High
London,Enfield,Theatre,High
North,Newcastle upon Tyne,Combined arts,High
London,Southwark,Combined arts,High
North,Leeds,Music,High
Midlands,Birmingham,Not discipline specific,High
Midlands,Coventry,Museums,High
North,Rochdale,Theatre,High
North,North Yorkshire,Combined arts,High
London,Islington,Theatre,High
North,Kirklees,Theatre,High
South West,Dorset,Theatre,High
South West,Stroud,Theatre,High
South West,Wiltshire,Combined arts,High
South East,Buckinghamshire,Literature,High
South East,Ipswich,Digital Arts,High
North,Cheshire East,Libraries,High
South East,Thurrock,Combined arts,High
South East,Bedford,Dance,High
London,Kingston upon Thames,Dance,High
Midlands,Warwick,Dance,High
London,Croydon,Theatre,High
North,Cheshire West and Chester,Theatre,High
London,Croydon,Dance,High
South West,"Bristol, City of",Theatre,High
North,Darlington,Museums,High
North,North East Lincolnshire,Libraries,High
London,Camden,Visual arts,High
South West,Swindon,Combined arts,High
North,Rochdale,Visual arts,High
North,Cumberland,Combined arts,High
North,North Tyneside,Theatre,High
North,Wakefield,Visual arts,High
North,Wigan,Visual arts,High
London,Greenwich,Dance,High
South East,Folkestone and Hythe,Combined arts,High
Midlands,North Kesteven,Theatre,High
Midlands,Charnwood,Dance,High
London,Southwark,Music,High
London,Newham,Visual arts,High
North,East Riding of Yorkshire,Combined arts,High
North,South Tyneside,Combined arts,High
Midlands,Nottingham,Literature,High
North,Newcastle upon Tyne,Theatre,High
Midlands,Rugby,Visual arts,High
South East,Cheshire East,Music,High
South East,Ipswich,Libraries,Low
Midlands,South Derbyshire,Music,Medium
Midlands,Nottingham,Literature,Low
South East,Southend-on-Sea,Digital Arts,Low
South West,North Somerset,Music,High
South East,Buckinghamshire,Combined arts,Medium
North,Liverpool,Visual arts,Medium
London,Hounslow,Digital Arts,Low
South West,Portsmouth,Visual arts,Low
North,Sheffield,Literature,Medium
London,Hammersmith and Fulham,Music,Low
London,Islington,Visual arts,Low
London,Lambeth,Combined arts,Medium
London,Islington,Literature,Low
South West,"Bournemouth, Christchurch and Poole",Music,Low
South East,Slough,Music,Medium
South East,Hastings,Theatre,Low
London,Richmond upon Thames,Theatre,Medium
South East,Folkestone and Hythe,Music,High
South West,Somerset,Music,High
South West,Isle of Wight,Theatre,High
London,Croydon,Theatre,High
North,York,Theatre,High
South East,Norwich,Theatre,High
South West,Basingstoke and Deane,Music,High
Midlands,Boston,Theatre,High
South East,Cambridge,Visual arts,Low
London,Lambeth,Dance,High
South West,East Devon,Visual arts,Low
North,Kirklees,Theatre,Low
Midlands,Sandwell,Theatre,High
South East,Adur,Combined arts,High
South East,Brighton and Hove,Combined arts,Medium
London,Croydon,Music,Low
Midlands,Broxtowe,Dance,High
London,Waltham Forest,Literature,Medium
North,North Yorkshire,Combined arts,Medium
London,Croydon,Theatre,High
Midlands,Warwick,Combined arts,Low
South West,Cornwall,Combined arts,Medium
London,Hackney,Theatre,Medium
North,Stockton-on-Tees,Literature,Low
South West,Fareham,Theatre,High
South East,Colchester,Theatre,Low
London,Islington,Music,Low
London,Hackney,Visual arts,High
London,Brent,Combined arts,Medium
North,North Tyneside,Visual arts,Low
London,Islington,Dance,Medium
London,Southwark,Music,Medium
London,Lewisham,Libraries,Low
London,Barking and Dagenham,Theatre,Low
London,Islington,Theatre,Medium
London,Lambeth,Literature,Medium
London,Haringey,Theatre,Medium
London,Islington,Theatre,Medium
South West,Isle of Wight,Combined arts,Medium
South East,Mid Suffolk,Dance,Medium
North,Manchester,Combined arts,Low
Midlands,Stoke-on-Trent,Theatre,Low
South East,Harlow,Digital Arts,Medium
North,Kirklees,Music,Medium
South East,Brighton and Hove,Theatre,Medium
Midlands,Leicester,Music,Medium
North,Manchester,Theatre,Medium
Midlands,Broxtowe,Theatre,Medium
South East,Canterbury,Music,Low
South West,Teignbridge,Combined arts,High
North,Calderdale,Theatre,Low
Midlands,Birmingham,Visual arts,High
Midlands,Leicester,Music,Low
Midlands,Derby,Theatre,Medium
South West,Wiltshire,Theatre,Medium
South East,Brighton and Hove,Music,Medium
South East,Tendring,Combined arts,Medium
London,Tower Hamlets,Dance,High
London,Camden,Theatre,Medium
London,Ealing,Music,Medium
London,Hackney,Visual arts,Low
London,Camden,Music,Medium
London,Hackney,Theatre,Medium
London,Camden,Theatre,Medium
London,Islington,Literature,Medium
South East,East Suffolk,Theatre,Low
South East,Medway,Theatre,Medium
South West,"Bristol, City of",Visual arts,Medium
South West,South Gloucestershire,Music,Medium
South East,Thanet,Combined arts,Medium
North,Bolton,Theatre,Medium
North,County Durham,Visual arts,Medium
South East,Great Yarmouth,Theatre,Medium
London,Salford,Theatre,High
South West,Bath and North East Somerset,Theatre,High
South West,Dorset,Combined arts,Medium
South West,East Devon,Theatre,Low
North,North Tyneside,Literature,Low
South West,Cornwall,Visual arts,Low
South East,Adur,Visual arts,Low
Midlands,Brighton and Hove,Literature,Medium
Midlands,Birmingham,Music,Low
South East,Cheshire East,Theatre,Low
South East,Runnymede,Dance,Medium
Midlands,West Northamptonshire,Music,Low
Midlands,"Herefordshire, County of",Dance,Medium
South East,Thanet,Combined arts,High
Midlands,Cardiff,Music,Medium
Midlands,Leicester,Music,Medium
North,Newcastle upon Tyne,Visual arts,Medium
North,Rotherham,Theatre,Medium
Midlands,Derbyshire Dales,Dance,Low
North,Manchester,Literature,Low
London,Camden,Combined arts,Medium
Midlands,Nottingham,Theatre,Medium
London,Lambeth,Theatre,Low
London,Hackney,Theatre,Medium
South West,Lewisham,Music,Low
Midlands,Birmingham,Theatre,High
Midlands,Leicester,Literature,Medium
London,Islington,Theatre,Medium
London,Haringey,Theatre,High
Midlands,Coventry,Combined arts,Medium
South East,Reading,Not discipline specific,High
South West,Dorset,Visual arts,Low
South East,Brighton and Hove,Combined arts,Low
South East,Central Bedfordshire,Visual arts,Medium
South West,"Bristol, City of",Theatre,Medium
South East,Adur,Music,Low
South East,Cambridge,Music,Medium
South West,"Bristol, City of",Music,Medium
South East,Hastings,Music,Medium
South East,Brighton and Hove,Music,High
London,Lewisham,Digital Arts,High
London,Haringey,Dance,High
London,Westminster,Combined arts,High
London,Haringey,Dance,High
London,Camden,Visual arts,High
North,Manchester,Theatre,High
South East,Vale of White Horse,Museums,High
South East,Horsham,Dance,High
South West,Portsmouth,Combined arts,High
South East,Crawley,Dance,High
North,Kirklees,Literature,High
North,Manchester,Combined arts,High
South East,Medway,Digital Arts,High
South East,North Hertfordshire,Dance,High
South West,Southampton,Theatre,High
South East,Oxford,Dance,High
North,Blackburn with Darwen,Music,High
North,Unknown,Literature,High
Midlands,Wyre Forest,Theatre,Low
London,Islington,Combined arts,Low
London,Tower Hamlets,Dance,Medium
Midlands,Stoke-on-Trent,Theatre,Medium
Midlands,West Lindsey,Theatre,Low
Midlands,"Herefordshire, County of",Theatre,Low
London,Islington,Theatre,Low
Midlands,Shropshire,Music,Medium
London,Westminster,Literature,High
London,Haringey,Theatre,High
London,Greenwich,Visual arts,Medium
London,Enfield,Visual arts,High
London,Bromley,Visual arts,Medium
London,Redbridge,Theatre,Medium
Midlands,Nuneaton and Bedworth,Visual arts,Medium
London,Westminster,Visual arts,Low
North,Salford,Combined arts,Medium
London,Kensington and Chelsea,Literature,Low
North,Newcastle upon Tyne,Visual arts,Medium
North,Leeds,Libraries,Medium
London,Lambeth,Dance,High
London,Tower Hamlets,Combined arts,Low
London,Wigan,Theatre,Low
Midlands,Warwick,Visual arts,Medium
Midlands,Birmingham,Music,Low
London,Lewisham,Literature,Medium
South East,Epsom and Ewell,Theatre,High
London,Ealing,Theatre,Medium
North,Leeds,Dance,Low
London,Lambeth,Music,Medium
London,Camden,Theatre,Medium
South East,Derby,Combined arts,High
London,Hammersmith and Fulham,Theatre,Medium
Midlands,Birmingham,Combined arts,Low
London,Southwark,Visual arts,Low
London,Haringey,Music,Low
North,Kirklees,Combined arts,Medium
Midlands,Worcester,Music,Medium
Midlands,Nottingham,Music,Medium
North,Liverpool,Theatre,High
London,Camden,Music,Low
London,Southwark,Theatre,High
London,Tower Hamlets,Literature,Low
London,Islington,Music,Medium
London,Southwark,Theatre,Medium
London,Westminster,Music,Low
London,Bromley,Dance,Low
London,Hackney,Theatre,Medium
North,Newcastle upon Tyne,Combined arts,High
London,Camden,Dance,Low
North,Stockport,Theatre,Low
Midlands,Amber Valley,Theatre,High
London,Lewisham,Theatre,Medium
London,Redbridge,Theatre,High
London,Brent,Theatre,Medium
Midlands,Broxtowe,Visual arts,Low
Midlands,Birmingham,Combined arts,Medium
London,Islington,Theatre,Low
North,Calderdale,Dance,High
South East,West Oxfordshire,Not discipline specific,High
South West,Cornwall,Theatre,High
London,Islington,Music,High
South East,Colchester,Theatre,High
South East,Horsham,Combined arts,Low
South West,Cornwall,Combined arts,Low
South West,North Somerset,Literature,Medium
South East,Thanet,Theatre,High
South West,Winchester,Visual arts,Low
South East,Reading,Theatre,Medium
South East,Folkestone and Hythe,Dance,High
South East,Eastbourne,Visual arts,Low
South West,North Somerset,Theatre,Medium
South West,"Bristol, City of",Theatre,Medium
South East,South Cambridgeshire,Literature,Low
South West,South Gloucestershire,Music,Medium
South West,Wiltshire,Combined arts,Medium
South East,Folkestone and Hythe,Visual arts,Low
South West,South Gloucestershire,Music,Low
London,Hackney,Music,Low
London,Lewisham,Digital Arts,Medium
London,Hackney,Theatre,Low
London,Islington,Theatre,High
London,Greenwich,Music,High
London,Waltham Forest,Visual arts,High
North,Calderdale,Combined arts,High
South West,"Bristol, City of",Theatre,High
North,Newcastle upon Tyne,Visual arts,High
North,Wigan,Theatre,High
North,North Yorkshire,Music,High
North,Stockton-on-Tees,Dance,High
North,Sheffield,Combined arts,High
North,Kirklees,Libraries,High
North,Liverpool,Dance,High
North,Hyndburn,Combined arts,High
South West,North Devon,Theatre,High
London,Newham,Theatre,High
London,Tower Hamlets,Music,High
London,Islington,Theatre,High
North,Manchester,Literature,High
South West,Plymouth,Visual arts,High
North,Blackburn with Darwen,Combined arts,Medium
North,Manchester,Music,Medium
South East,East Suffolk,Theatre,Medium
South East,Brighton and Hove,Visual arts,Low
Midlands,Derby,Literature,Low
North,Manchester,Visual arts,High
South West,Waltham Forest,Dance,Low
Midlands,Birmingham,Visual arts,Low
South West,Cornwall,Visual arts,Low
Midlands,Leicester,Visual arts,High
North,Cheshire East,Theatre,High
North,North Tyneside,Literature,Low
Midlands,Gedling,Music,Medium
Midlands,West Lindsey,Combined arts,Medium
South East,Nottingham,Music,Low
South East,Reading,Music,Low
South East,Tunbridge Wells,Theatre,Medium
South West,"Bristol, City of",Literature,Medium
London,Southwark,Visual arts,Medium
Midlands,Birmingham,Music,High
South East,Thanet,Dance,High
Midlands,Lichfield,Visual arts,Medium
North,Stockton-on-Tees,Music,Medium
North,Leeds,Dance,High
London,Barnet,Theatre,Medium
South East,Vale of White Horse,Combined arts,Medium
London,Tower Hamlets,Theatre,Medium
Midlands,Birmingham,Theatre,Low
Midlands,South Holland,Theatre,Low
North,Lancaster,Visual arts,Low
South East,Rother,Visual arts,Medium
London,Harrow,Combined arts,Medium
South East,Epping Forest,Dance,Medium
Midlands,"Herefordshire, County of",Theatre,High
Midlands,Birmingham,Dance,High
Midlands,Stratford-on-Avon,Not discipline specific,High
Midlands,Nottingham,Combined arts,High
Midlands,Nottingham,Literature,High
Midlands,Birmingham,Visual arts,High
Midlands,Derby,Literature,High
South East,Norwich,Dance,High
Midlands,Leicester,Literature,High
South East,Brighton and Hove,Literature,High
South East,Peterborough,Music,High
South East,Brighton and Hove,Theatre,High
London,Waltham Forest,Theatre,Low
South West,Dorset,Dance,Low
South West,"Bristol, City of",Theatre,Low
London,Lambeth,Theatre,High
London,Waltham Forest,Digital Arts,Medium
South West,Cornwall,Theatre,Medium
South West,Somerset,Visual arts,High
South West,"Bristol, City of",Dance,Medium
London,Hackney,Theatre,High
North,Manchester,Music,Low
London,Lewisham,Music,Low
London,Lewisham,Literature,Low
London,Haringey,Combined arts,Medium
South West,Torbay,Music,Medium
North,Liverpool,Literature,Medium
South East,Tendring,Not discipline specific,Medium
South East,Dacorum,Music,Low
North,Westmorland and Furness,Combined arts,High
London,Southwark,Theatre,Medium
North,Wakefield,Combined arts,Low
North,Liverpool,Theatre,Low
North,North Yorkshire,Visual arts,Medium
London,Westminster,Theatre,Low
London,Hackney,Theatre,Low
London,Hounslow,Combined arts,Medium
South East,Hastings,Theatre,Medium
London,Central Bedfordshire,Dance,High
North,Lancaster,Visual arts,Low
South East,Hastings,Dance,Medium
North,Hartlepool,Visual arts,Medium
South East,Medway,Theatre,Low
North,Kirklees,Theatre,High
London,Islington,Theatre,High
North,Liverpool,Combined arts,Low
South East,Bedford,Music,Medium
South East,Norwich,Visual arts,High
North,Leeds,Digital Arts,Low
South East,South Cambridgeshire,Music,Low
London,Islington,Visual arts,Low
London,Islington,Combined arts,Low
London,Haringey,Theatre,Medium
South East,Luton,Combined arts,Medium
South East,Worthing,Dance,Low
North,Gateshead,Literature,Low
South East,Folkestone and Hythe,Dance,High
South East,East Cambridgeshire,Theatre,Medium
Midlands,West Northamptonshire,Dance,Medium
Midlands,Lincoln,Visual arts,Medium
Midlands,Mansfield,Combined arts,Medium
Midlands,Birmingham,Music,Low
Midlands,Newcastle-under-Lyme,Theatre,Low
Midlands,Erewash,Theatre,Low
Midlands,Coventry,Dance,Medium
Midlands,Dudley,Dance,Medium
Midlands,Solihull,Music,Low
South West,Torbay,Literature,Medium
South East,Tendring,Theatre,Low
South East,Sevenoaks,Theatre,Low
South West,Dorset,Theatre,Low
South East,Central Bedfordshire,Music,Low
South East,East Suffolk,Music,Medium
London,"Bristol, City of",Music,Low
South East,Brighton and Hove,Digital Arts,Medium
South East,Tonbridge and Malling,Theatre,Low
South West,Wiltshire,Literature,Medium
South West,West Devon,Music,Low
South West,Forest of Dean,Visual arts,Low
South West,West Devon,Music,Low
South East,Stevenage,Dance,High
South East,North Hertfordshire,Dance,Low
London,Brent,Theatre,Low
London,Merton,Literature,Low
London,Camden,Theatre,Low
London,Greenwich,Visual arts,Low
North,Calderdale,Visual arts,Low
London,Haringey,Music,Medium
South West,Exeter,Theatre,High
South West,Cornwall,Theatre,High
South West,"Bristol, City of",Visual arts,High
London,Waltham Forest,Literature,High
London,Tower Hamlets,Music,High
London,Lewisham,Theatre,High
Midlands,Nottingham,Theatre,High
South West,"Bristol, City of",Literature,High
London,Islington,Theatre,High
South West,"Bristol, City of",Not discipline specific,High
South West,"Bristol, City of",Theatre,High
South West,New Forest,Combined arts,High
South East,Tower Hamlets,Music,High
South East,Bedford,Literature,Medium
London,Newham,Theatre,Medium
London,Harrow,Literature,Medium
South East,Hastings,Combined arts,Medium
North,Rochdale,Theatre,High
North,Leeds,Not discipline specific,High
London,Croydon,Combined arts,High
North,Hartlepool,Theatre,Low
London,Enfield,Libraries,Medium
North,Wigan,Theatre,Low
South East,Spelthorne,Music,Medium
North,Wigan,Visual arts,Medium
North,Redcar and Cleveland,Theatre,Medium
London,Hackney,Visual arts,Low
London,Lewisham,Theatre,High
North,Rochdale,Visual arts,Medium
London,Hillingdon,Combined arts,Low
North,Stockton-on-Tees,Combined arts,Low
North,Northumberland,Visual arts,High
London,Tower Hamlets,Theatre,Low
London,Lewisham,Visual arts,Low
South East,Welwyn Hatfield,Libraries,High
South East,Reigate and Banstead,Visual arts,High
Midlands,Stoke-on-Trent,Music,High
Midlands,Warwick,Combined arts,High
South East,Tendring,Combined arts,High
Midlands,Birmingham,Visual arts,High
South West,Eastbourne,Theatre,High
South East,Peterborough,Literature,High
South East,Cambridge,Music,High
Midlands,Coventry,Digital Arts,High
South East,Slough,Combined arts,High
London,Hammersmith and Fulham,Literature,Low
Midlands,Worcester,Music,High
North,Calderdale,Theatre,Medium
North,Wakefield,Visual arts,Medium
London,Croydon,Theatre,Medium
London,Greenwich,Music,Low
North,Bradford,Dance,Medium
North,Rotherham,Combined arts,Low
South East,Swale,Combined arts,Medium
London,Southwark,Theatre,Medium
North,Newcastle upon Tyne,Theatre,Low
North,Trafford,Theatre,Medium
North,Sefton,Theatre,Medium
London,Islington,Visual arts,Medium
London,Westminster,Music,Low
North,Manchester,Theatre,Low
North,North Tyneside,Dance,Medium
North,Stockport,Theatre,High
South East,Thurrock,Music,Medium
Midlands,Birmingham,Music,High
Midlands,Birmingham,Music,Low
Midlands,Tamworth,Visual arts,Low
Midlands,Nottingham,Combined arts,Medium
South East,Tendring,Theatre,Low
South West,South Gloucestershire,Theatre,High
Midlands,Wolverhampton,Literature,Medium
Midlands,Birmingham,Theatre,Low
South West,Swindon,Not discipline specific,High
South West,Cornwall,Theatre,High
South East,Thurrock,Theatre,High
London,Greenwich,Combined arts,High
South East,Brighton and Hove,Theatre,High
Midlands,Mansfield,Theatre,Low
Midlands,Ashfield,Music,Low
London,Croydon,Theatre,Medium
North,Newcastle upon Tyne,Combined arts,Medium
North,Knowsley,Music,Low
South East,Norwich,Visual arts,Low
London,Harrow,Theatre,Low
South West,"Bristol, City of",Dance,Medium
North,Cheshire East,Visual arts,Low
South East,Colchester,Combined arts,Low
Midlands,Rushcliffe,Theatre,High
Midlands,Worcester,Dance,High
North,"Kingston upon Hull, City of",Combined arts,Medium
North,North East Lincolnshire,Combined arts,Low
London,Croydon,Theatre,Low
Midlands,Broxtowe,Combined arts,Medium
London,Haringey,Theatre,Medium
North,Cheshire West and Chester,Dance,Medium
South West,Bath and North East Somerset,Combined arts,Medium
London,Lambeth,Visual arts,Medium
London,Wandsworth,Theatre,Low
London,Newham,Music,High
South East,Dover,Music,Medium
North,Manchester,Music,Medium
Midlands,Birmingham,Theatre,High
South East,Brighton and Hove,Music,Medium
South West,South Hams,Dance,High
South East,Tonbridge and Malling,Music,Low
Midlands,Newark and Sherwood,Combined arts,High
South East,Brighton and Hove,Theatre,Low
North,North Yorkshire,Theatre,Low
South West,Portsmouth,Visual arts,Medium
North,Manchester,Music,Medium
South East,Mid Sussex,Music,Medium
London,Hackney,Combined arts,Low
South East,Lewes,Combined arts,High
South West,"Bournemouth, Christchurch and Poole",Theatre,High
South East,St Albans,Music,Medium
North,Ribble Valley,Literature,Medium
North,County Durham,Music,Low
North,Chorley,Literature,High
North,North East Lincolnshire,Literature,High
North,Stockton-on-Tees,Music,High
North,Wigan,Dance,High
Midlands,Nuneaton and Bedworth,Combined arts,High
South West,Fareham,Visual arts,Low
South East,Thanet,Combined arts,High
South West,Cornwall,Theatre,High
South East,Ashford,Combined arts,High
South West,"Bristol, City of",Music,Medium
South West,Bath and North East Somerset,Theatre,Medium
South West,Tewkesbury,Museums,Low
South West,Havant,Theatre,Low
South West,Cornwall,Theatre,Medium
Midlands,Stoke-on-Trent,Music,Low
London,Lambeth,Theatre,Low
London,Haringey,Music,Low
London,Croydon,Theatre,High
North,Wakefield,Music,Medium
South East,Chelmsford,Theatre,Medium
Midlands,Birmingham,Combined arts,Low
North,Knowsley,Literature,Medium
South East,Brighton and Hove,Theatre,Low
London,Lewisham,Music,High
North,Manchester,Theatre,Medium
South East,Spelthorne,Combined arts,Medium
South East,Tandridge,Theatre,Low
South East,Darlington,Museums,Low
London,Westminster,Theatre,Low
South East,Brighton and Hove,Dance,Medium
London,Islington,Theatre,Medium
London,Barnet,Music,Low
North,Doncaster,Theatre,Medium
South East,Great Yarmouth,Theatre,High
South East,Brighton and Hove,Theatre,High
South East,Ipswich,Combined arts,Medium
North,North Tyneside,Visual arts,Medium
North,County Durham,Theatre,Medium
South East,South Norfolk,Theatre,High
Midlands,North Northamptonshire,Dance,Medium
North,Trafford,Visual arts,Medium
London,Lewisham,Music,Low
Midlands,Stratford-on-Avon,Dance,Medium
London,Newham,Combined arts,High
London,Hounslow,Visual arts,Low
Midlands,Birmingham,Visual arts,Medium
Midlands,Rushcliffe,Combined arts,Medium
London,Newham,Literature,High
London,Hackney,Music,High
North,Newcastle upon Tyne,Libraries,High
North,Stockton-on-Tees,Theatre,High
North,Westmorland and Furness,Combined arts,High
North,Redcar and Cleveland,Combined arts,High
North,Wyre,Music,High
North,Leeds,Dance,High
North,Rotherham,Music,High
North,Kirklees,Museums,High
North,Leeds,Combined arts,High
London,Hackney,Visual arts,Low
London,Islington,Visual arts,High
London,Hammersmith and Fulham,Dance,High
London,Southwark,Theatre,Low
North,Middlesbrough,Visual arts,High
London,Tower Hamlets,Combined arts,High
South West,Fareham,Combined arts,High
Midlands,Birmingham,Combined arts,High
North,Cheshire West and Chester,Not discipline specific,High
South East,Reading,Visual arts,Medium
South East,Epping Forest,Theatre,Medium
South East,South Cambridgeshire,Not discipline specific,Low
South East,Brighton and Hove,Not discipline specific,Medium
London,Tower Hamlets,Music,Medium
South East,Great Yarmouth,Theatre,Medium
London,City of London,Combined arts,Low
South East,Brighton and Hove,Theatre,Low
London,Hackney,Combined arts,Medium
South East,Guildford,Visual arts,Low
London,Greenwich,Theatre,Low
London,Lewisham,Theatre,Medium
South East,Gravesham,Music,Low
London,Ealing,Theatre,Medium
South East,Thanet,Museums,Medium
South East,Brentwood,Theatre,Low
South East,North Hertfordshire,Theatre,High
South East,Dacorum,Music,Medium
South East,Eastbourne,Combined arts,Low
London,Wandsworth,Music,Low
South East,Lewes,Literature,Medium
South East,Hastings,Theatre,High
Midlands,Amber Valley,Literature,Low
North,Pendle,Museums,Low
London,Lewisham,Visual arts,Low
London,Tower Hamlets,Visual arts,Low
South West,Bath and North East Somerset,Theatre,Low
South West,Southampton,Music,Low
Midlands,Oadby and Wigston,Music,Medium
South East,Lewes,Not discipline specific,Low
North,Sheffield,Theatre,Low
London,Camden,Dance,Low
North,Northumberland,Visual arts,Low
South East,North Norfolk,Combined arts,Low
Midlands,Gedling,Theatre,High
London,Tower Hamlets,Dance,Low
Midlands,Newcastle-under-Lyme,Literature,Low
London,Richmond upon Thames,Theatre,Low
London,Camden,Literature,Low
North,Kirklees,Visual arts,High
London,Greenwich,Music,Medium
North,Salford,Theatre,Medium
South East,Croydon,Music,Medium
London,Wandsworth,Music,Low
Midlands,Birmingham,Music,Low
London,Hammersmith and Fulham,Theatre,Medium
North,Kirklees,Music,Low
North,Manchester,Theatre,Low
North,Westmorland and Furness,Literature,Low
North,Leeds,Combined arts,Low
North,Bradford,Visual arts,Medium
North,Rotherham,Combined arts,Medium
North,Sheffield,Music,Low
North,Sheffield,Theatre,Low
North,Manchester,Music,Medium
North,Northumberland,Visual arts,High
Midlands,Chesterfield,Theatre,Low
South East,Norwich,Theatre,High
South East,Canterbury,Combined arts,High
South East,Milton Keynes,Dance,High
South East,Watford,Dance,High
London,Barking and Dagenham,Music,Low
London,Islington,Theatre,Low
South West,Exeter,Combined arts,Medium
London,Haringey,Combined arts,Medium
London,Lambeth,Visual arts,Medium
South West,Dorset,Music,Low
London,Harrow,Theatre,Medium
London,Redbridge,Literature,Medium
Midlands,Birmingham,Literature,Medium
Midlands,Birmingham,Theatre,High
London,Greenwich,Combined arts,Low
Midlands,Nottingham,Dance,Medium
South West,"Bristol, City of",Theatre,Low
Midlands,East Staffordshire,Dance,Medium
South East,Wealden,Music,High
Midlands,Bromsgrove,Combined arts,Medium
Midlands,Birmingham,Literature,Medium
South West,Cornwall,Dance,Medium
South West,Exeter,Literature,Low
South West,Teignbridge,Museums,Medium
South West,Fareham,Museums,Low
South West,Gloucester,Combined arts,Medium
South West,Wiltshire,Literature,Low
South West,Somerset,Museums,Medium
South East,Adur,Digital Arts,Medium
London,Redbridge,Combined arts,Medium
South East,Wealden,Not discipline specific,Low
South East,Hastings,Not discipline specific,Low
North,Blackpool,Theatre,Medium
North,Westmorland and Furness,Music,Low
South East,Hastings,Combined arts,Low
London,Haringey,Combined arts,Medium
London,Kensington and Chelsea,Combined arts,High
London,Waltham Forest,Music,Low
North,Manchester,Theatre,Medium
North,Warrington,Music,Low
North,Westmorland and Furness,Visual arts,Low
South East,Tendring,Combined arts,Low
Midlands,Westmorland and Furness,Music,Medium
South East,Colchester,Theatre,Low
South West,"Bristol, City of",Dance,Medium
South West,"Bristol, City of",Combined arts,Medium
North,Kirklees,Visual arts,Low
London,Barking and Dagenham,Dance,High
North,Manchester,Dance,Medium
London,Islington,Theatre,High
South West,Stroud,Combined arts,Low
South West,"Bristol, City of",Theatre,High
South East,West Suffolk,Literature,Low
North,Gateshead,Visual arts,Medium
South West,"Bristol, City of",Combined arts,Medium
South West,Havant,Visual arts,Low
South West,"Bristol, City of",Music,Medium
North,Darlington,Visual arts,Low
London,Westminster,Theatre,Medium
South West,"Bournemouth, Christchurch and Poole",Theatre,Medium
South East,Buckinghamshire,Music,Medium
South East,Brighton and Hove,Music,Medium
North,Trafford,Theatre,Low
North,Wigan,Theatre,Low
North,Cheshire West and Chester,Libraries,Medium
South East,Brighton and Hove,Literature,Low
North,Newcastle upon Tyne,Theatre,High
North,Liverpool,Dance,High
North,Manchester,Combined arts,High
London,Camden,Theatre,High
South West,North Somerset,Theatre,High
South West,New Forest,Theatre,High
North,Salford,Combined arts,High
South East,Ashford,Dance,High
London,Kingston upon Thames,Music,High
Midlands,Walsall,Dance,High
South East,Eastbourne,Visual arts,High
North,Leeds,Theatre,High
North,North Tyneside,Combined arts,High
North,Sheffield,Combined arts,High
North,Stockport,Visual arts,High
London,Newham,Theatre,High
South East,Colchester,Music,High
South East,Norwich,Combined arts,High
Midlands,Nottingham,Literature,High
Midlands,Sandwell,Literature,High
Midlands,Broxtowe,Theatre,High
Midlands,Mansfield,Theatre,High
Midlands,Melton,Visual arts,Low
Midlands,Boston,Combined arts,Medium
South West,"Bristol, City of",Literature,Medium
South West,Torbay,Combined arts,Low
South East,Hertsmere,Literature,High
South East,Brighton and Hove,Visual arts,Medium
London,Hackney,Theatre,Medium
London,Lambeth,Theatre,Medium
South West,"Bournemouth, Christchurch and Poole",Visual arts,Medium
South East,Brighton and Hove,Theatre,Low
London,Newham,Not discipline specific,Medium
London,Merton,Music,Low
London,Hounslow,Theatre,Low
London,Waltham Forest,Music,Medium
London,Wandsworth,Music,Low
South East,Crawley,Theatre,Medium
London,Hammersmith and Fulham,Visual arts,Low
London,Hammersmith and Fulham,Theatre,Low
London,Southwark,Visual arts,Low
London,Tower Hamlets,Dance,Medium
South West,Somerset,Visual arts,Medium
London,Waltham Forest,Theatre,Medium
Midlands,Breckland,Literature,Low
South East,Wokingham,Visual arts,High
South West,Cornwall,Combined arts,High
South East,Folkestone and Hythe,Theatre,High
London,Hounslow,Visual arts,Low
South East,Runnymede,Combined arts,Medium
South East,Brighton and Hove,Combined arts,Medium
South West,North Somerset,Theatre,Low
South West,Gloucester,Visual arts,Medium
London,Bexley,Theatre,Low
South West,Winchester,Theatre,Medium
London,Hammersmith and Fulham,Combined arts,High
North,Liverpool,Music,Low
South East,Mid Suffolk,Theatre,Medium
South East,St Albans,Visual arts,High
North,Leeds,Dance,High
Midlands,North Kesteven,Combined arts,Medium
Midlands,West Northamptonshire,Theatre,High
North,Sheffield,Dance,Medium
South East,East Cambridgeshire,Theatre,Low
London,Camden,Combined arts,Medium
London,Hackney,Music,Medium
North,Fylde,Combined arts,Medium
North,County Durham,Music,Low
North,Rotherham,Visual arts,Low
London,Richmond upon Thames,Visual arts,Low
South East,Colchester,Not discipline specific,Low
London,Lewisham,Theatre,Low
Midlands,Birmingham,Combined arts,Low
North,Cheshire West and Chester,Visual arts,Medium
London,Barnsley,Visual arts,Low
London,Birmingham,Music,High
North,Sheffield,Visual arts,Low
South East,Swale,Theatre,Medium
Midlands,Nottingham,Literature,Low
Midlands,Ashfield,Theatre,Medium
London,Bromley,Dance,Medium
Midlands,Leicester,Visual arts,Medium
South East,Fenland,Combined arts,Medium
Midlands,South Derbyshire,Dance,Medium
Midlands,Leicester,Theatre,Low
North,Cheshire West and Chester,Visual arts,Low
North,Sheffield,Combined arts,Low
South East,Breckland,Music,Low
North,Liverpool,Theatre,High
North,Leeds,Combined arts,High
South East,Peterborough,Combined arts,Medium
Midlands,Leicester,Literature,Medium
Midlands,Lichfield,Dance,Low
North,Salford,Theatre,Low
North,Salford,Not discipline specific,Medium
North,Bradford,Music,Medium
Midlands,Lincoln,Music,Medium
North,North Tyneside,Visual arts,Medium
North,Liverpool,Music,Low
London,Haringey,Visual arts,Low
Midlands,Leicester,Music,Medium
Midlands,Derbyshire Dales,Visual arts,Medium
Midlands,Birmingham,Literature,High
North,Sefton,Combined arts,High
London,Wandsworth,Visual arts,Low
London,Waltham Forest,Music,Low
Midlands,Leicester,Visual arts,Low
London,Croydon,Literature,Low
Midlands,Ashfield,Visual arts,Low
Midlands,Charnwood,Visual arts,Low
London,Merton,Visual arts,Low
South East,Brighton and Hove,Literature,Low
Midlands,Newark and Sherwood,Theatre,Low
London,Haringey,Visual arts,Low
London,Merton,Digital Arts,Low
London,Tower Hamlets,Digital Arts,Low
Midlands,Amber Valley,Visual arts,Low
London,Greenwich,Visual arts,Low
Midlands,Birmingham,Not discipline specific,Low
London,Southwark,Theatre,Medium
South West,Exeter,Libraries,Medium
London,Kensington and Chelsea,Literature,Medium
South East,Folkestone and Hythe,Dance,Medium
London,Southwark,Visual arts,Medium
London,Lambeth,Music,Medium
London,Southwark,Dance,Low
London,Lambeth,Dance,Medium
South East,Luton,Visual arts,Medium
London,Enfield,Combined arts,High
South East,Medway,Visual arts,Medium
South West,New Forest,Theatre,Low
South West,Tewkesbury,Theatre,High
London,Croydon,Theatre,Medium
South East,Brighton and Hove,Dance,Low
South West,Havant,Visual arts,High
London,Ealing,Dance,Low
South East,North Norfolk,Theatre,Medium
South East,Canterbury,Visual arts,Medium
London,Greenwich,Visual arts,Low
South East,Folkestone and Hythe,Visual arts,Medium
South East,Ipswich,Combined arts,High
South West,Southampton,Literature,Low
London,Haringey,Theatre,Medium
South West,"Bristol, City of",Music,Medium
South West,Cornwall,Combined arts,High
South West,North Devon,Dance,Low
London,Westminster,Theatre,High
London,Islington,Dance,High
South West,Dorset,Literature,High
South West,Isles of Scilly,Combined arts,High
London,Lambeth,Literature,High
South West,Southampton,Combined arts,High
South West,Portsmouth,Combined arts,High
London,Greenwich,Visual arts,High
London,Westminster,Dance,High
London,Lewisham,Museums,High
North,Wakefield,Not discipline specific,High
South East,Cambridge,Combined arts,High
London,Kensington and Chelsea,Theatre,High
Midlands,Dudley,Combined arts,High
South East,Brighton and Hove,Theatre,High
South East,Folkestone and Hythe,Museums,High
North,North Tyneside,Theatre,High
South East,Norwich,Combined arts,High
North,Sheffield,Dance,High
Midlands,Worcester,Museums,High
North,Leeds,Visual arts,High
North,Warrington,Combined arts,High
South East,Cherwell,Theatre,High
South West,"Bristol, City of",Combined arts,High
South East,Woking,Theatre,High
South East,Buckinghamshire,Music,High
Midlands,Sandwell,Libraries,High
Midlands,Walsall,Dance,High
Midlands,Birmingham,Music,High
Midlands,Powys,Combined arts,High
South East,West Oxfordshire,Theatre,High
South East,Hastings,Music,High
Midlands,Stafford,Visual arts,High
North,Sheffield,Theatre,High
North,Kirklees,Combined arts,Medium
London,Islington,Theatre,Medium
London,Barnet,Visual arts,High
South East,Bedford,Theatre,Low
North,"Kingston upon Hull, City of",Theatre,High
North,North Yorkshire,Museums,Low
South East,Brighton and Hove,Music,Medium
South East,Eastbourne,Dance,High
North,Sheffield,Theatre,High
North,Salford,Theatre,Medium
South East,Arun,Dance,Medium
London,Enfield,Theatre,High
North,Preston,Libraries,Medium
Midlands,"Herefordshire, County of",Literature,Low
North,Leeds,Theatre,Medium
South East,Brighton and Hove,Theatre,Medium
Midlands,Solihull,Literature,Low
North,Bury,Theatre,High
South West,Plymouth,Visual arts,Low
North,Bradford,Music,Low
South West,"Bristol, City of",Museums,Low
North,Manchester,Visual arts,Low
Midlands,East Staffordshire,Literature,Medium
North,Cumberland,Combined arts,Medium
South East,Mid Sussex,Music,Medium
London,Newham,Dance,Medium
North,Manchester,Theatre,High
North,Rossendale,Combined arts,Medium
North,Manchester,Combined arts,High
South East,Medway,Combined arts,Medium
Midlands,Nottingham,Libraries,Medium
North,Oldham,Music,Medium
Midlands,Worcester,Combined arts,Low
London,Richmond upon Thames,Theatre,Medium
North,Trafford,Theatre,Medium
North,Scottish Borders,Visual arts,Medium
South East,Brighton and Hove,Dance,Medium
South East,Hastings,Theatre,Medium
South East,Tameside,Music,High
Midlands,Stafford,Literature,Medium
London,"Herefordshire, County of",Literature,High
North,Newcastle upon Tyne,Combined arts,Low
North,Newcastle upon Tyne,Digital Arts,Low
North,Sheffield,Combined arts,Low
South West,"Bristol, City of",Visual arts,Low
South East,Thanet,Visual arts,Low
South West,Mid Devon,Visual arts,Low
North,York,Literature,Low
North,Stirling,Visual arts,Low
South West,Portsmouth,Visual arts,Medium
Midlands,Coventry,Visual arts,High
Midlands,Charnwood,Visual arts,High
Midlands,Leicester,Visual arts,Medium
Midlands,Nottingham,Visual arts,Low
Midlands,Blaby,Visual arts,Medium
Midlands,Lincoln,Theatre,Low
Midlands,Birmingham,Literature,Medium
London,Waltham Forest,Theatre,High
South West,Mid Devon,Theatre,Low
North,Newcastle upon Tyne,Music,High
North,Manchester,Visual arts,Low
South East,Brighton and Hove,Visual arts,Low
South West,Cornwall,Combined arts,Medium
North,Wakefield,Visual arts,Low
South East,Thanet,Visual arts,Low
London,South Cambridgeshire,Literature,Low
London,Folkestone and Hythe,Combined arts,Low
London,Richmond upon Thames,Visual arts,Low
London,Waltham Forest,Theatre,Medium
London,Tower Hamlets,Music,Low
London,Lewisham,Visual arts,Medium
London,Tower Hamlets,Theatre,Medium
London,Wandsworth,Dance,Low
London,Westminster,Combined arts,Medium
London,Islington,Music,Medium
London,Barnet,Combined arts,Medium
London,Islington,Theatre,High
London,Bexley,Theatre,Medium
South West,Somerset,Combined arts,High
North,Wirral,Libraries,Low
North,Cheshire East,Theatre,Low
South East,Thanet,Combined arts,Medium
South East,North Hertfordshire,Theatre,Medium
Midlands,Rushcliffe,Combined arts,Medium
South East,Great Yarmouth,Combined arts,Medium
South East,Windsor and Maidenhead,Theatre,High
North,"Kingston upon Hull, City of",Theatre,High
North,Blackpool,Dance,Low
South East,Luton,Combined arts,Medium
South East,Brighton and Hove,Visual arts,Medium
Midlands,Leicester,Combined arts,Medium
Midlands,Warwick,Not discipline specific,Medium
South West,North Somerset,Visual arts,Medium
Midlands,Lichfield,Music,Medium
North,Liverpool,Combined arts,Medium
South East,Brighton and Hove,Theatre,Medium
North,Newcastle upon Tyne,Music,Low
Midlands,Rushcliffe,Theatre,Medium
North,Gateshead,Combined arts,Medium
South West,Havant,Combined arts,Medium
Midlands,Warwick,Literature,Low
Midlands,Derbyshire Dales,Visual arts,Low
Midlands,Nottingham,Theatre,Medium
North,Trafford,Music,Low
South East,Crawley,Visual arts,Low
South East,Hastings,Visual arts,Low
North,Blackpool,Visual arts,Low
South East,Buckinghamshire,Music,Medium
North,Redcar and Cleveland,Visual arts,High
North,Bradford,Combined arts,High
London,Islington,Theatre,Low
Midlands,Malvern Hills,Visual arts,Low
North,Manchester,Music,Low
South West,Basingstoke and Deane,Visual arts,Low
South East,Windsor and Maidenhead,Music,Low
London,Enfield,Theatre,Low
London,Camden,Theatre,Low
North,Cumberland,Museums,Low
Midlands,North Northamptonshire,Combined arts,Low
South East,Birmingham,Theatre,Medium
South West,Cornwall,Dance,Medium
Midlands,Coventry,Visual arts,Low
London,Wandsworth,Dance,Low
Midlands,West Northamptonshire,Literature,Low
Midlands,Birmingham,Visual arts,Low
London,Hackney,Visual arts,Low
London,Waltham Forest,Music,Low
London,Merton,Literature,Low
London,Lambeth,Combined arts,Medium
London,Camden,Music,Low
Midlands,Broxtowe,Not discipline specific,Low
London,Richmond upon Thames,Visual arts,Low
London,Lambeth,Theatre,Medium
London,Lambeth,Theatre,Medium
South West,"Bristol, City of",Theatre,Medium
London,Wandsworth,Visual arts,Low
London,Greenwich,Visual arts,Low
South East,Cornwall,Theatre,Medium
London,Islington,Theatre,Low
London,Haringey,Theatre,Medium
London,Barnet,Theatre,Low
North,Liverpool,Theatre,Medium
North,Sunderland,Not discipline specific,Medium
Midlands,Nottingham,Literature,Low
South East,Thanet,Combined arts,Medium
Midlands,Gedling,Theatre,Low
South East,Vale of White Horse,Theatre,Medium
North,Blackburn with Darwen,Visual arts,Medium
North,Liverpool,Theatre,High
South East,Milton Keynes,Theatre,Medium
South East,Chelmsford,Combined arts,Medium
Midlands,Worcester,Combined arts,Medium
South West,Somerset,Visual arts,High
North,Sheffield,Digital Arts,High
London,Haringey,Theatre,High
London,Newham,Music,Low
London,Merton,Literature,Medium
South East,Hertsmere,Theatre,Medium
Midlands,Leicester,Combined arts,Medium
Midlands,East Lindsey,Combined arts,Medium
South East,Fenland,Music,Medium
South East,Reading,Combined arts,Medium
Midlands,Derbyshire Dales,Combined arts,Medium
North,Manchester,Visual arts,Low
North,Leeds,Dance,Medium
South East,Swale,Visual arts,Low
London,Hackney,Theatre,High
North,Kirklees,Visual arts,High
South West,Dorset,Combined arts,High
London,Camden,Combined arts,High
South West,Gloucester,Combined arts,High
South West,"Bristol, City of",Theatre,High
North,Preston,Combined arts,High
North,Liverpool,Theatre,High
London,Lewisham,Combined arts,Medium
North,Manchester,Music,High
North,Rotherham,Combined arts,High
London,Westminster,Theatre,High
South West,New Forest,Literature,High
London,Waltham Forest,Literature,High
London,Redbridge,Visual arts,High
North,Newcastle upon Tyne,Visual arts,High
North,Bradford,Dance,High
North,North Tyneside,Theatre,High
North,Sheffield,Visual arts,High
South West,Somerset,Theatre,High
London,Camden,Theatre,High
South West,Cornwall,Theatre,High
Midlands,Stratford-on-Avon,Theatre,High
London,Newham,Visual arts,High
North,Manchester,Combined arts,High
London,Newham,Combined arts,High
South West,Swindon,Theatre,High
London,Barking and Dagenham,Combined arts,High
North,Newcastle upon Tyne,Visual arts,High
North,Sunderland,Combined arts,High
South West,East Devon,Combined arts,High
London,Lambeth,Visual arts,High
North,Preston,Combined arts,High
London,Lewisham,Theatre,High
London,Lambeth,Music,High
London,Newham,Dance,High
South West,Exeter,Theatre,High
North,Newcastle upon Tyne,Theatre,High
London,Havering,Theatre,High
North,Cumberland,Music,High
London,Lewisham,Combined arts,High
London,Camden,Combined arts,High
North,Gateshead,Visual arts,High
North,Calderdale,Literature,High
South West,Swindon,Dance,High
South West,"Bristol, City of",Theatre,High
North,Manchester,Visual arts,High
North,Rotherham,Music,High
North,St. Helens,Dance,High
London,Haringey,Combined arts,High
South West,"Bristol, City of",Visual arts,High
South West,Basingstoke and Deane,Combined arts,High
South West,Dorset,Combined arts,High
North,Manchester,Combined arts,High
South West,Somerset,Libraries,High
North,Wyre,Dance,High
North,Blackpool,Visual arts,High
North,Leeds,Literature,High
North,Cheshire West and Chester,Dance,High
North,Leeds,Music,High
North,Tameside,Combined arts,High
London,Camden,Theatre,High
Midlands,Warwick,Theatre,High
South West,Bath and North East Somerset,Combined arts,High
London,Hackney,Combined arts,High
London,Southwark,Theatre,High
South West,East Devon,Theatre,High
South East,Tendring,Theatre,High
Midlands,South Derbyshire,Combined arts,High
London,Westminster,Music,High
Midlands,Bolsover,Combined arts,High
London,Lambeth,Music,High
South West,Southampton,Dance,High
South East,Gravesham,Not discipline specific,High
South East,Oxford,Music,High
South East,Mole Valley,Visual arts,High
South East,Brighton and Hove,Theatre,High
Midlands,Nottingham,Theatre,High
South East,Milton Keynes,Literature,High
Midlands,Stoke-on-Trent,Theatre,High
South East,East Cambridgeshire,Dance,High
South East,Uttlesford,Music,High
South East,Norwich,Literature,High
Midlands,Rushcliffe,Literature,High
Midlands,Lincoln,Music,High
Midlands,Birmingham,Theatre,High
South East,Ipswich,Dance,High
London,Waltham Forest,Not discipline specific,High
London,Greenwich,Music,High
London,Lewisham,Literature,Low
South West,"Bristol, City of",Combined arts,Medium
London,Enfield,Theatre,High
North,Lancaster,Visual arts,Low
South West,Swindon,Visual arts,Low
Midlands,Derby,Combined arts,Low
South West,New Forest,Theatre,Medium
Midlands,Dudley,Literature,Medium
London,Tower Hamlets,Literature,High
Midlands,Nottingham,Literature,Medium
London,Haringey,Theatre,High
London,Lewisham,Combined arts,Low
London,Greenwich,Visual arts,Medium
Midlands,Nottingham,Theatre,High
North,Brent,Theatre,Medium
Midlands,Gedling,Theatre,Medium
Midlands,Solihull,Combined arts,Low
London,Sutton,Dance,Medium
North,Liverpool,Literature,Low
South East,Brighton and Hove,Not discipline specific,Low
North,Salford,Theatre,Medium
London,Reigate and Banstead,Music,Low
South East,Brighton and Hove,Theatre,High
South East,Stevenage,Combined arts,Low
North,Leeds,Dance,Medium
North,Redcar and Cleveland,Combined arts,Medium
North,Stockton-on-Tees,Combined arts,Low
North,Wyre,Theatre,Medium
North,Salford,Dance,Low
North,Manchester,Theatre,Low
South East,Reigate and Banstead,Theatre,High
South West,"Bristol, City of",Theatre,Low
North,Westmorland and Furness,Combined arts,Medium
South East,Brighton and Hove,Music,High
South East,Broadland,Combined arts,Low
North,Bradford,Combined arts,Medium
South East,Cambridge,Theatre,Medium
South East,Peterborough,Music,Low
North,Preston,Music,Medium
South East,Folkestone and Hythe,Visual arts,Low
North,Sheffield,Dance,Low
North,Newcastle upon Tyne,Visual arts,Low
South West,"Bristol, City of",Visual arts,Low
South West,Cornwall,Visual arts,Low
North,Preston,Combined arts,High
North,North Tyneside,Theatre,Low
London,East Hertfordshire,Visual arts,Low
South East,Brighton and Hove,Combined arts,High
South East,Brighton and Hove,Music,Low
South East,Tendring,Theatre,High
South East,Worthing,Combined arts,High
Midlands,North Kesteven,Theatre,High
Midlands,Derby,Theatre,High
Midlands,Nottingham,Theatre,High
South East,Epsom and Ewell,Theatre,High
South East,Gravesham,Combined arts,High
North,Sheffield,Music,High
South West,South Cambridgeshire,Dance,High
South East,Buckinghamshire,Libraries,High
South East,Cherwell,Theatre,High
Midlands,Rushcliffe,Music,High
Midlands,Warwick,Music,High
Midlands,Stafford,Libraries,High
Midlands,Warwick,Combined arts,High
Midlands,Nottingham,Dance,High
Midlands,Dudley,Visual arts,High
North,Wakefield,Museums,High
North,Newcastle upon Tyne,Literature,High
London,Merton,Visual arts,Low
London,Barnet,Music,Low
London,Islington,Theatre,Low
Midlands,South Staffordshire,Music,Low
Midlands,Leicester,Literature,Low
London,Camden,Dance,Low
London,Hackney,Dance,Low
London,Camden,Visual arts,Low
