Recipient,Activity name,Award amount,Award date,Decision Month,Decision quarter,ACE Area,Local authority,Main discipline,Strand,Time-Limited Priority
Window Wanderland CIC,"Community of practise, Wanderland Pilot","£33,522",01-Apr-25,April,Q1,South West,"Bristol, City of",Combined arts,"£30,000 and below",
Cat and Mouse Theatre,Time Crime,"£27,461",01-Apr-25,April,Q1,South West,South Gloucestershire,Theatre,"£30,000 and below",
London Borough of Ealing Libraries and community Centres,Y-Our Story Visual Stories of Acton,"£27,000",01-Apr-25,April,Q1,London,Ealing,Libraries,"£30,000 and below",Universal Library Offers
Exmouth Festival,Exmouth Festival 2025,"£38,500",01-Apr-25,April,Q1,South West,East Devon,Combined arts,"Above £30,000",
Crediton Heart Project,Crediton Heart Summer Arts Festival,"£15,135",01-Apr-25,April,Q1,South West,Mid Devon,Combined arts,"£30,000 and below",
Jack Boal,Catherine R&D Resubmission,"£21,929",01-Apr-25,April,Q1,London,Wandsworth,Theatre,"£30,000 and below",
27 Degrees Theatre Company Ltd,Checkpoint Universe R&D,"£18,900",01-Apr-25,April,Q1,London,Islington,Theatre,"£30,000 and below",
Libby Heaney,Shadowscapes Orleans House Gallery,"£23,000",01-Apr-25,April,Q1,London,Hackney,Visual arts,"£30,000 and below",
Nienke van den Hof,Are We Supposed To Know What We're Doing?,"£2,000",01-Apr-25,April,Q1,South West,"Bristol, City of",Theatre,"£30,000 and below",
Voloz Collective,Community Engagement during Tour & Residency,"£9,337",01-Apr-25,April,Q1,South West,Bath and North East Somerset,Theatre,"£30,000 and below",
Rachel Smith,Move It! Tamworth,"£30,000",02-Apr-25,April,Q1,Midlands,Tamworth,Dance,"£30,000 and below",
The Garage trust,Young people at risk of NEET co-creation,"£39,664",02-Apr-25,April,Q1,South East,Norwich,Theatre,"£30,000 and below",
Slaget Theatre,KATHARINE a community action research led R&D,"£29,600",02-Apr-25,April,Q1,South East,Tendring,Theatre,"£30,000 and below",
Susan Nedd,T21 Alchemy R+D,"£30,806",02-Apr-25,April,Q1,London,Brent,Theatre,"£30,000 and below",
Helen Clare,Menopause Cloak,"£15,758",02-Apr-25,April,Q1,North,Manchester,Visual arts,"£30,000 and below",
Helen Epega,Resonant Communities: Expanding Opera Through Multisensory Performance & Engagement,"£29,800",02-Apr-25,April,Q1,London,Brent,Music,"£30,000 and below",
James Wilton Dance Limited,International expansions and mentoring project,"£30,000",02-Apr-25,April,Q1,South East,Mid Sussex,Dance,"£30,000 and below",
James Nash,GUIDELINES/THE FOREST,"£29,966",02-Apr-25,April,Q1,South East,Horsham,Digital Arts,"£30,000 and below",
Margate Pride CIC,2025 Margate Pride Festival RESUBMISSION,"£30,000",02-Apr-25,April,Q1,South East,Thanet,Combined arts,"£30,000 and below",
Music Worldwide,Music Worldwide: integrating a sustainable approach to making with a local engagement programme for CYP & newly arrived communities,"£29,520",02-Apr-25,April,Q1,South East,Norwich,Combined arts,"£30,000 and below",
Going For Independence CIC,Bel View,"£15,489",02-Apr-25,April,Q1,North,Redcar and Cleveland,Theatre,"£30,000 and below",
Jordan Edge,The North East Emerging Artist Award 'The Lyre Of Elysium' Public NLPG-00783234-V2 Sculpture & Public Programme with Seaton Delaval Hall & The National Trust,"£8,450",02-Apr-25,April,Q1,North,Newcastle upon Tyne,Combined arts,"£30,000 and below",
Tricia Arthur-Stubbs,BRAVE Festival,"£30,004",02-Apr-25,April,Q1,North,Bradford,Combined arts,"£30,000 and below",
Lewys Holt,"RESUBMISSION Earth, From Memory - Research and Workshop Design","£24,097",02-Apr-25,April,Q1,North,Leeds,Combined arts,"£30,000 and below",
Ricky Dukes,MAKING SHAKESPEARE ACCESSIBLE PRIMARY YEARS  Resubmission of: NLPG-00763649-V2,"£25,526",02-Apr-25,April,Q1,Midlands,Dudley,Theatre,"£30,000 and below",
John Hickman,Created With Care,"£15,486",02-Apr-25,April,Q1,North,North Tyneside,Theatre,"£30,000 and below",
TIMOTHY HARRISON,Common Grounds,"£21,500",02-Apr-25,April,Q1,North,Medway,Visual arts,"£30,000 and below",
Flock Theatremakers,The Girl and Dinosaur R&D - co-creation hospital project + coastal tour,"£23,887",02-Apr-25,April,Q1,South East,Brighton and Hove,Theatre,"£30,000 and below",
Shambik Ghose,Project Youth,"£3,950",02-Apr-25,April,Q1,North,Leeds,Dance,"£30,000 and below",
Byzantia Harlow,Ebbed Tide,"£6,377",02-Apr-25,April,Q1,South East,Buckinghamshire,Visual arts,"£30,000 and below",
Bloc Projects,"Future-Fitting Bloc Projects: sustainability, collaboration and access","£62,864",02-Apr-25,April,Q1,North,Sheffield,Visual arts,"Above £30,000",
Black Shuck Festival CIC,Black Shuck Festival Arts Programme 2025,"£39,660",02-Apr-25,April,Q1,South East,East Suffolk,Combined arts,"Above £30,000",
Neil Brownsword,Legacy and Continuity (re-application),"£30,000",02-Apr-25,April,Q1,Midlands,Stoke-on-Trent,Visual arts,"£30,000 and below",
Jonathan Coote,Book tour and illustrator for project - amended goals and budget,"£4,544",02-Apr-25,April,Q1,North,Leeds,Literature,"£30,000 and below",
In Place of War,EarthSonic Local,"£76,379",02-Apr-25,April,Q1,North,Salford,Music,"Above £30,000",
Malcolm Carratt,The Hidden Man,"£17,334",02-Apr-25,April,Q1,North,Rotherham,Theatre,"£30,000 and below",
Duncan Whitley,"Vanishing Point: Digital Platform, Co-creation & Events Programme (resubmission)","£29,946",02-Apr-25,April,Q1,Midlands,Coventry,Not discipline specific,"£30,000 and below",
CWAC Winsford,Cine Window and Crosshatch Studios collaboration,"£54,900",02-Apr-25,April,Q1,North,Cheshire West and Chester,Visual arts,"Above £30,000",
Ransack Theatre Company,Life Out There - Production 2025,"£46,250",02-Apr-25,April,Q1,North,Manchester,Theatre,"Above £30,000",
Harriet Warnock,Leave The Morning To The Morning - Research and Development,"£11,530",02-Apr-25,April,Q1,North,Liverpool,Theatre,"£30,000 and below",
Museums Worcestershire - County Museum,Atchin Tan - Stopping places,"£89,975",02-Apr-25,April,Q1,Midlands,Wychavon,Museums,"Above £30,000",Unlocking Collections
code and culture,V-Legacy,"£29,857",02-Apr-25,April,Q1,London,Westminster,Music,"£30,000 and below",
Dover District Council,Inspire Arts,"£60,288",02-Apr-25,April,Q1,South East,Dover,Not discipline specific,"Above £30,000",
OUT OF MANY PEOPLE,ROOTED - INTRODUCING OUT OF MANY PEOPLE CIC,"£60,000",02-Apr-25,April,Q1,North,Leeds,Literature,"Above £30,000",
Envisage Community Dance Company,Envisage This,"£12,895",02-Apr-25,April,Q1,North,North Yorkshire,Dance,"£30,000 and below",
Sohaya Visions,LEATHER WOMEN,"£29,972",02-Apr-25,April,Q1,Midlands,Walsall,Theatre,"£30,000 and below",
Face Front Inclusive Theatre,Creative Connections 5 - Through Inclusive Theatre,"£100,000",02-Apr-25,April,Q1,London,Enfield,Theatre,"Above £30,000",
Hot Poets,Hot Poets Ignite 2.0,"£121,183",02-Apr-25,April,Q1,South West,Somerset,Literature,"Above £30,000 - Major Project",
Transition Town Totnes,Transition Tales,"£15,679",08-Apr-25,April,Q1,South West,South Hams,Combined arts,"£30,000 and below",
Coppice Theatre,Book Witch Strategic Libraries Tour 2025 (Resubmission),"£28,600",08-Apr-25,April,Q1,South West,Cornwall,Theatre,"£30,000 and below",Universal Library Offers
Susannah Harriet C Fraser,Squishy Show,"£20,887",08-Apr-25,April,Q1,South East,Norwich,Theatre,"£30,000 and below",
Roger Griffith,First Born Second: Voices of the Children of the Windrush Generation,"£29,840",08-Apr-25,April,Q1,South West,South Gloucestershire,Literature,"£30,000 and below",
Mona Manjot Kaur Dhaliwal,Re-membering South Asian Feminist Poetics,"£10,000",08-Apr-25,April,Q1,South East,Brighton and Hove,Literature,"£30,000 and below",
Thomas Anderson,SEN Summer Songwriting Workshop,"£18,995",08-Apr-25,April,Q1,South East,Brighton and Hove,Music,"£30,000 and below",
ANTS Theatre,Eat Me,"£6,640",08-Apr-25,April,Q1,London,Norwich,Theatre,"£30,000 and below",
Mambo Arts,Our Voices Our Stories,"£30,000",08-Apr-25,April,Q1,South East,Luton,Literature,"£30,000 and below",
Elliott Reeves-Giblin,It's Your Role: The Interactive RPG Adventure,"£2,684",08-Apr-25,April,Q1,London,Isle of Wight,Theatre,"£30,000 and below",
Richard Chappell Dance CIC,Hot House Tour and Supporting Acts Programme Resubmission,"£28,940",08-Apr-25,April,Q1,South West,Exeter,Dance,"£30,000 and below",
Few Good Men Limited,"AFRIFEST EAST 2025 | Expanding East Anglia’s leading festival for African music, performance & culture","£29,800",08-Apr-25,April,Q1,South East,Harlow,Music,"£30,000 and below",
formidAbility,"Diversifying and training the opera workforce: organisational development for formidAbility, leading disability-led opera company","£75,512",09-Apr-25,April,Q1,Midlands,Birmingham,Music,"£30,000 and below",
Karla Quinonez Leon,"Para Ecuador, Con Amor","£5,000",09-Apr-25,April,Q1,London,Tower Hamlets,Visual arts,"£30,000 and below",
University of Sussex,From Felpham to Beachy Head: a landscape and its people in poetry and song,"£24,245",09-Apr-25,April,Q1,South East,Brighton and Hove,Music,"£30,000 and below",
The Lost Boys,Dystopia Co-Creation,"£29,900",09-Apr-25,April,Q1,Midlands,Derby,Combined arts,"£30,000 and below",
Inclusive Arts Collective,The Arts Lab,"£33,375",09-Apr-25,April,Q1,London,Waltham Forest,Combined arts,"£30,000 and below",
ELOQUENT PRAISE AND EMPOWERMENT DANCE COMPANY,Resubmission: Black Rose,"£30,430",09-Apr-25,April,Q1,Midlands,Birmingham,Dance,"£30,000 and below",
2 Faced Dance Company Limited,Fish Boy Tour,"£29,995",09-Apr-25,April,Q1,Midlands,"Herefordshire, County of",Dance,"£30,000 and below",
Kabir Hussain,"Walnut Works bronze casting community workshops, residencies, exhibitions and talks","£31,361",09-Apr-25,April,Q1,South East,King's Lynn and West Norfolk,Visual arts,"£30,000 and below",
Lindsay Waller-Wilkinson,Tees Valley Festival Volunteering Creative Community Workshops,"£27,681",09-Apr-25,April,Q1,North,Redcar and Cleveland,Combined arts,"£30,000 and below",
Liverpool Hope University,Unseen Beauty: Art Beyond Sight,"£23,648",09-Apr-25,April,Q1,North,Liverpool,Visual arts,"£30,000 and below",
Warrington Borough Council,Warrington Mela 2025,"£28,873",09-Apr-25,April,Q1,North,Warrington,Combined arts,"£30,000 and below",
Maria Jose Ubera Biedma,The Machine of Horizontal Dreams - Phase 2,"£33,341",09-Apr-25,April,Q1,London,Hackney,Dance,"£30,000 and below",
Park Theatre,The Talking Drum,"£29,500",09-Apr-25,April,Q1,London,Islington,Theatre,"£30,000 and below",
Unpuzzled Theatre Company C.I.C,The Living History Museum: Prince's of the Past,"£29,995",09-Apr-25,April,Q1,South East,Basildon,Theatre,"£30,000 and below",
Gaia House Productions,The Comfort Woman,"£29,214",09-Apr-25,April,Q1,London,Camden,Theatre,"£30,000 and below",
The Peace Museum,InCommon - Celebrating the unifying heritage of peace movements today,"£17,985",09-Apr-25,April,Q1,North,Bradford,Museums,"£30,000 and below",Unlocking Collections
Scott Sadler,Puppet Rave,"£2,042",09-Apr-25,April,Q1,North,Rossendale,Combined arts,"£30,000 and below",
Joanna Manousis,Mirrors of the Third Dimension,"£28,506",09-Apr-25,April,Q1,North,Sunderland,Visual arts,"£30,000 and below",
The Heath Bookshop,The Heath Bookshop Literature & Music Festival 2026,"£30,000",09-Apr-25,April,Q1,Midlands,Birmingham,Combined arts,"£30,000 and below",
Anna Bertmark,The Detectorist: An Audio Drama,"£11,166",09-Apr-25,April,Q1,South East,Brighton and Hove,Theatre,"£30,000 and below",
Aaron Williamson,Outlandish - Fake Vintage Crip Land Art (Resubmission),"£19,420",09-Apr-25,April,Q1,London,Tower Hamlets,Visual arts,"£30,000 and below",
Wirral Libraries (Wirral Borough Council),Inspired by Nature,"£27,454",09-Apr-25,April,Q1,North,Wirral,Libraries,"£30,000 and below",Universal Library Offers
Gabriel Sahhar,"When Language Fails, Bodies Talk","£11,000",09-Apr-25,April,Q1,London,Lambeth,Visual arts,"£30,000 and below",
Kaleider Limited,2025 & 2026 International Tour After The Fall,"£129,460",16-Apr-25,April,Q1,South West,Exeter,Combined arts,"Above £30,000 - Over £30k Touring project",
Show Racism The Red Card,Tour of Our Little Hour - the musical based on the life of Walter Tull,"£52,850",16-Apr-25,April,Q1,North,North Tyneside,Theatre,"Above £30,000 - Over £30k Touring project",
Eye Music Trust,2025-26 TOUR: Symphony of Connections,"£76,109",16-Apr-25,April,Q1,London,Croydon,Music,"Above £30,000 - Over £30k Touring project",
Staffordshire Association for Black Lives Equality CIC,"Six Towns, One Stoke, One  Hundred years Carnival Celebration","£100,000",16-Apr-25,April,Q1,Midlands,Stoke-on-Trent,Combined arts,"Above £30,000",
Co-operative Heritage Trust,Co-operative Heritage Trust CIO,"£59,910",16-Apr-25,April,Q1,North,Rochdale,Museums,"Above £30,000",Unlocking Collections
Nikki & JD,Fireside Rural Tour,"£60,312",16-Apr-25,April,Q1,London,Hackney,Theatre,"Above £30,000 - Over £30k Touring project",
Barefoot Opera,2025 Community Opera: Lucia di Lammermoor,"£58,964",16-Apr-25,April,Q1,South East,Hastings,Music,"Above £30,000 - Over £30k Touring project",
Edward Hopkins,SALT national tour,"£45,000",16-Apr-25,April,Q1,South East,North Norfolk,Theatre,"Above £30,000 - Over £30k Touring project",
Decolonise,Decolonise Fest 2025,"£18,808",16-Apr-25,April,Q1,London,Lambeth,Music,"£30,000 and below",Supporting Grassroots Music
Neon Dance,Last and First Men,"£90,691",16-Apr-25,April,Q1,South West,Swindon,Dance,"Above £30,000 - Over £30k Touring project",
Culture Community CIC,Culture Community,"£28,661",16-Apr-25,April,Q1,South East,Peterborough,Combined arts,"£30,000 and below",
Dash Arts Ltd,Our Public House Premiere and National Tour,"£116,400",16-Apr-25,April,Q1,London,Tower Hamlets,Theatre,"Above £30,000 - Over £30k Touring project",
MADE Cultural Education Partnership,MADE Core delivery,"£58,000",16-Apr-25,April,Q1,North,Manchester,Combined arts,"Above £30,000",
Poetry People Community Interest Company,More Pearls from the Grit,"£29,949",16-Apr-25,April,Q1,South East,East Suffolk,Theatre,"£30,000 and below",
Jo Townshend,CVAN London 3 - Making Change,"£94,695",16-Apr-25,April,Q1,London,Brent,Visual arts,"Above £30,000",
Swing Dash,Movers community grassroots music venue Nottingham,"£40,288",16-Apr-25,April,Q1,Midlands,Nottingham,Music,"Above £30,000",Supporting Grassroots Music
Akeim Toussaint Buck,"(FINAL SUBMISSION) FREE: development, co-creation, performances and international development","£68,694",16-Apr-25,April,Q1,North,Leeds,Theatre,"Above £30,000",
AMP Music Yorkshire,Amplify,"£50,000",16-Apr-25,April,Q1,North,York,Music,"Above £30,000",
Lancaster Art Fair CIC,Lancaster Art Fair 2025,"£15,000",16-Apr-25,April,Q1,North,Lancaster,Visual arts,"£30,000 and below",
In Bed With My Brother,PHILOSOPHY OF THE WORLD: Mid-Scale UK Tour Resubmission,"£79,346",16-Apr-25,April,Q1,South West,Exeter,Theatre,"Above £30,000 - Over £30k Touring project",
The Art Works Gallery CIC,ArtWorks Together 2026,"£68,557",16-Apr-25,April,Q1,North,Rotherham,Visual arts,"Above £30,000",
Clevedon LitFest Charity CIO 1206829,Clevedon LitFest,"£18,000",16-Apr-25,April,Q1,South West,North Somerset,Literature,"£30,000 and below",
Uniao da Mocidade,"'Paz, Devoção, Axé' - Peace, Devotion, Power","£21,653",16-Apr-25,April,Q1,London,Barnet,Music,"£30,000 and below",
Alicia Mckenzie,Alicia's Amazing Adventure: to Find the First Black Britons,"£19,770",16-Apr-25,April,Q1,North,Salford,Theatre,"£30,000 and below",
Robin McManus,The Oral Blank Canvas Community Theatre Project,"£4,000",16-Apr-25,April,Q1,London,Merton,Theatre,"£30,000 and below",
MuMo Creative,Unlocking Voices:Bringing Silent Stories to Life,"£29,900",16-Apr-25,April,Q1,South East,Oxford,Dance,"£30,000 and below",
Frederick Miles Kearley-Shiers,QUEER'D,"£33,577",16-Apr-25,April,Q1,London,Lambeth,Dance,"£30,000 and below",
Quench Gallery,Working Class In The Arts,"£19,500",16-Apr-25,April,Q1,South East,Thanet,Visual arts,"£30,000 and below",
The Booking Hall CIC,The Booking Hall CIC Summer Concert Series,"£25,128",16-Apr-25,April,Q1,South East,Dover,Music,"£30,000 and below",Supporting Grassroots Music
George Lloyd,Footprints Development Programme,"£23,646",16-Apr-25,April,Q1,North,Sheffield,Music,"£30,000 and below",Supporting Grassroots Music
Caritas Diocese of Salford,The Long Path to True North,"£22,000",16-Apr-25,April,Q1,North,Salford,Literature,"£30,000 and below",
Tracks Darlington Community Interest Company,Last Train Home 2025,"£30,000",16-Apr-25,April,Q1,North,Darlington,Music,"£30,000 and below",Supporting Grassroots Music
The House of Abraxas Ltd,Women and LGBTQIA+ to the Front,"£15,235",16-Apr-25,April,Q1,North,Calderdale,Music,"£30,000 and below",Supporting Grassroots Music
Cornwall Community Foundation,Young & Talented Cornwall - AWEN: Celebrating and inspiring our talented young people,"£19,150",16-Apr-25,April,Q1,South West,Cornwall,Combined arts,"£30,000 and below",
Quest Music Services,Real Urban Music From The Streets,"£24,220",16-Apr-25,April,Q1,South East,Thurrock,Music,"£30,000 and below",
Thomas Eke,Places Togather 2025-27,"£14,681",16-Apr-25,April,Q1,South East,Milton Keynes,Visual arts,"£30,000 and below",
Voodoo Daddys,Voodoo Daddys - Grassroots Music Venue,"£29,985",16-Apr-25,April,Q1,South East,Norwich,Music,"£30,000 and below",Supporting Grassroots Music
Matipo Arts CIC,River Play: Place Based Research and Development,"£6,250",16-Apr-25,April,Q1,South East,Harlow,Theatre,"£30,000 and below",
Darren Johnston,Aetheria (Portal: Phase 2 Beta) RESUBMISSION,"£30,000",16-Apr-25,April,Q1,London,Barnet,Digital Arts,"£30,000 and below",
Lucy Hamandishe,Dance To Thrive Exchange,"£29,950",16-Apr-25,April,Q1,London,Croydon,Music,"£30,000 and below",Supporting Grassroots Music
Bluman Associates Limited,I am Your Mirror - Phase 2 (Resubmission),"£27,050",16-Apr-25,April,Q1,London,Islington,Digital Arts,"£30,000 and below",
Paul Wyatt,"Transcription, subtitling and disc creation for film screening","£1,977",16-Apr-25,April,Q1,London,Greenwich,Visual arts,"£30,000 and below",
Swans Events,Sheffield Food Festival 2025 - Grassroots Music Programme Resubmission,"£17,500",16-Apr-25,April,Q1,North,Doncaster,Music,"£30,000 and below",Supporting Grassroots Music
Collective Encounters,Radical Retrospectives,"£38,646",16-Apr-25,April,Q1,North,Liverpool,Theatre,"£30,000 and below",
Side eYe Productions LTD,Desperate Times,"£7,250",16-Apr-25,April,Q1,London,Wandsworth,Theatre,"£30,000 and below",
The Poetry Takeaway Ltd,The Poetry Takeaway - public spaces,"£28,922",16-Apr-25,April,Q1,London,Hillingdon,Literature,"£30,000 and below",
Eve Stainton,Teaching in Prison + New Solo (resubmission 3),"£35,996",16-Apr-25,April,Q1,London,Lewisham,Dance,"£30,000 and below",
Machina Bristronica Ltd,Machina Bristronica 2025,"£20,264",16-Apr-25,April,Q1,South West,"Bristol, City of",Music,"£30,000 and below",Supporting Grassroots Music
Towns End Touring Productions,"Resubmission - Finding A Voice: a touring play with music reflecting Asian women's working lives in Britain, challenging stereotypes and fighting for their rights","£30,000",16-Apr-25,April,Q1,North,Barnsley,Theatre,"£30,000 and below",
Sebastian Gardner,THE TERRIBLE THING,"£7,200",16-Apr-25,April,Q1,South East,Cherwell,Theatre,"£30,000 and below",
Double Telling,Run Sister Run,"£29,317",16-Apr-25,April,Q1,London,Camden,Theatre,"£30,000 and below",
Alice O'Hanlon,Forget Me Not,"£31,454",16-Apr-25,April,Q1,South East,Chichester,Theatre,"£30,000 and below",
Thom Bailey,More Ancient Texts,"£28,034",16-Apr-25,April,Q1,South East,East Suffolk,Theatre,"£30,000 and below",
Bridgwater Carnival,Bridgwater Carnival Music & Dance Festival,"£18,291",16-Apr-25,April,Q1,South West,Somerset,Combined arts,"£30,000 and below",
Pamodzi Creatives CIC,Who Inspires You?,"£29,999",16-Apr-25,April,Q1,South West,Portsmouth,Literature,"£30,000 and below",
Max Wallis,The Aftershock Review (RESUBMISSION - 20% CUT ACROSS FUNDING ASK)),"£32,368",16-Apr-25,April,Q1,North,Chorley,Literature,"£30,000 and below",
Autin Dance Theatre CIO,Community Engagement & Co-Creation Participation: Parade - The Giant Wheel 2025 Tour,"£31,750",17-Apr-25,April,Q1,Midlands,Walsall,Theatre,"£30,000 and below",
Nowka Bais Community Interest Company,Nowka Bais 2025 v2,"£29,497",17-Apr-25,April,Q1,Midlands,Birmingham,Combined arts,"£30,000 and below",
Ruth Henley,Bromsgrove Singing Projects,"£3,645",17-Apr-25,April,Q1,Midlands,Bromsgrove,Music,"£30,000 and below",
Darbar Events Limited,Vaisakhi 2025,"£6,400",17-Apr-25,April,Q1,Midlands,Sandwell,Combined arts,"£30,000 and below",
Francesca Richards,Can Yow Remember?,"£25,120",17-Apr-25,April,Q1,Midlands,Walsall,Theatre,"£30,000 and below",
LesFest,LesFest (Grassroots Music Festival),"£10,348",17-Apr-25,April,Q1,Midlands,East Staffordshire,Music,"£30,000 and below",
The Art Station,Art and Learning Programme 2025,"£58,728",17-Apr-25,April,Q1,South East,East Suffolk,Visual arts,"Above £30,000",
Basildon Borough Council (Towngate theatre),Towngate LIVE! - 25/26,"£70,753",17-Apr-25,April,Q1,South East,Basildon,Music,"Above £30,000",
Sidonie Carey-Green,Body as Data Co-Creation (resubmission),"£37,137",22-Apr-25,April,Q1,South East,Folkestone and Hythe,Dance,"£30,000 and below",
High Street Social Club for the Arts in Ramsgate,Co-creating an organisational strategy for Arts in Ramsgate,"£35,812",22-Apr-25,April,Q1,South East,Thanet,Combined arts,"£30,000 and below",
Lindon Barr,The Garden: A Hip Hop Dance Theatre Experience,"£27,494",22-Apr-25,April,Q1,London,Epping Forest,Dance,"£30,000 and below",
Rebecca Bartram,Expression through Silent Comedy,"£22,452",22-Apr-25,April,Q1,North,Southend-on-Sea,Theatre,"£30,000 and below",
Tip Tray Theatre,FOUR by Elspeth Todd - Opportunities for the development in disabled artists,"£26,249",23-Apr-25,April,Q1,North,Knowsley,Theatre,"£30,000 and below",
Stella Howard,Creative Pathways - 2025,"£33,598",23-Apr-25,April,Q1,London,Newham,Combined arts,"£30,000 and below",
Positive East,U=U Community Quilt,"£9,360",23-Apr-25,April,Q1,London,Tower Hamlets,Visual arts,"£30,000 and below",
Misty Dampier,Music is for Everyone,"£2,400",23-Apr-25,April,Q1,London,Newham,Music,"£30,000 and below",
Apollo Music Projects,Apollo Concerts for Children's Creativity and Wellbeing,"£10,000",23-Apr-25,April,Q1,London,Hackney,Music,"£30,000 and below",
Graham Clayton-Chance,Last Dance,"£17,330",23-Apr-25,April,Q1,North,York,Dance,"£30,000 and below",
We Are Explorers CIC,We Are Explorers - Bolton Pilot Projects,"£15,989",23-Apr-25,April,Q1,North,Wigan,Combined arts,"£30,000 and below",
Tongues on Fire,“WriteFire: Igniting South Asian storytelling” 2025-26,"£26,070",23-Apr-25,April,Q1,London,Harrow,Literature,"£30,000 and below",
CAMP TRANS CIC,Trans Writing Course,"£7,943",23-Apr-25,April,Q1,London,Hackney,Literature,"£30,000 and below",
Kara Chamberlain,Doppelganger - R&D at Canda Water Theatre,"£2,740",23-Apr-25,April,Q1,London,Southwark,Theatre,"£30,000 and below",
St Margaret's Church,Rainham Piano Festival,"£9,000",23-Apr-25,April,Q1,South East,Medway,Music,"£30,000 and below",
Wenjie Li,Grrrls and Zines: Queer and Feminist Spirits Across Borders,"£36,800",23-Apr-25,April,Q1,South East,Lewisham,Visual arts,"£30,000 and below",
Sinead Campbell,Bradford Roots (RESUBMISSION),"£32,561",23-Apr-25,April,Q1,North,Bradford,Music,"£30,000 and below",
Henry Maynard,Horned God,"£29,500",23-Apr-25,April,Q1,South East,Huntingdonshire,Theatre,"£30,000 and below",
Katie-anna Whiting,When The Tide Comes- resubmission 5,"£30,157",23-Apr-25,April,Q1,South East,Breckland,Theatre,"£30,000 and below",
Ella Fraser,Video Killed,"£18,217",23-Apr-25,April,Q1,North,Wigan,Theatre,"£30,000 and below",
LS-TEN,Northern Inspire,"£8,290",23-Apr-25,April,Q1,North,Leeds,Combined arts,"£30,000 and below",
New Gen Ealing CIC Ltd,New Gen Festival 2025,"£30,000",23-Apr-25,April,Q1,London,Ealing,Combined arts,"£30,000 and below",
Hand Of Ltd,North Tyneside Sound Walk,"£13,000",23-Apr-25,April,Q1,North,Newcastle upon Tyne,Combined arts,"£30,000 and below",
Read Now Write Now,Nature Novels: Summer Writing Project for Children Liverpool City Region,"£23,420",23-Apr-25,April,Q1,North,Wirral,Literature,"£30,000 and below",Universal Library Offers
frank prazer,Black Country Multicultural Festival 2025,"£15,000",23-Apr-25,April,Q1,South East,Luton,Combined arts,"£30,000 and below",
Cayr Charity,Young People Digital Arts Engagement Week 2nd resubmission,"£8,441",23-Apr-25,April,Q1,London,Westminster,Combined arts,"£30,000 and below",
Stephanie Papadopoulos,Indigo Carnival Project,"£20,000",23-Apr-25,April,Q1,London,Barnet,Combined arts,"£30,000 and below",
Taitusi Saukuru,Bula 2025,"£29,700",24-Apr-25,April,Q1,South West,South Gloucestershire,Combined arts,"£30,000 and below",
Southwell Music Festival Ltd,Southwell Music Festival 2025,"£25,000",24-Apr-25,April,Q1,Midlands,Newark and Sherwood,Music,"£30,000 and below",
West Lindsey District Council,Go With The Flow,"£30,000",24-Apr-25,April,Q1,Midlands,West Lindsey,Combined arts,"£30,000 and below",
"poets, prattlers, and pandemonialists",Midlands Fringe,"£8,955",24-Apr-25,April,Q1,Midlands,Wolverhampton,Literature,"£30,000 and below",
RYAN SINCLAIR,1 man Comedy x Spoken Word Show,"£29,993",24-Apr-25,April,Q1,Midlands,Birmingham,Theatre,"£30,000 and below",
Fraser McGruer Film and Photography,Echoes of Change,"£26,917",24-Apr-25,April,Q1,Midlands,South Kesteven,Visual arts,"£30,000 and below",
Cassandra Catchpole,FAF 2025 & Beyond,"£29,988",24-Apr-25,April,Q1,South East,Tendring,Combined arts,"£30,000 and below",
Floating Shed,Rebels and Patriots,"£28,622",24-Apr-25,April,Q1,South West,Somerset,Theatre,"£30,000 and below",
Mosaic Arts Collective Ltd,Follow the Light - Script Development,"£31,155",25-Apr-25,April,Q1,South West,Portsmouth,Theatre,"£30,000 and below",
Gainsborough's House,Katherine Jones RA artist at Gainsborough's House,"£30,000",29-Apr-25,April,Q1,South East,Babergh,Visual arts,"£30,000 and below",
caroline fortune,Mamma’s scrapbook; A sensory storytelling project,"£33,446",29-Apr-25,April,Q1,South East,Brighton and Hove,Combined arts,"£30,000 and below",
Cliftonville Cultural Space,ARK on the move,"£29,982",29-Apr-25,April,Q1,South East,Thanet,Combined arts,"£30,000 and below",
Aspire2,Whitley Carnival 2025: Creativity at the heart of our community,"£24,100",29-Apr-25,April,Q1,South East,Reading,Combined arts,"£30,000 and below",
METIS,Transit,"£32,656",30-Apr-25,April,Q1,South East,Cambridge,Theatre,"£30,000 and below",
Hastings Commons,Commoning the Programme 2,"£29,968",30-Apr-25,April,Q1,South East,Hastings,Digital Arts,"£30,000 and below",
X-Plosion Cultural Arts,X-plosion Cultural Arts Project,"£14,269",30-Apr-25,April,Q1,North,Bradford,Combined arts,"£30,000 and below",
Taran Harris,A Concord of Sweet Sounds,"£2,000",30-Apr-25,April,Q1,North,Sefton,Music,"£30,000 and below",
Zinzi Akilah Abeana Minott,"The Dr will see you now, monsters Don’t Get to Be Artists","£39,610",30-Apr-25,April,Q1,London,Southwark,Visual arts,"£30,000 and below",
Faye Stoeser,"Ekleido developing, producing and touring double bill alongside R&D","£29,990",30-Apr-25,April,Q1,South East,Elmbridge,Dance,"£30,000 and below",
Concrete Youth,Blueprint,"£35,926",30-Apr-25,April,Q1,North,"Kingston upon Hull, City of",Theatre,"£30,000 and below",
Peter Clements,Unidentified Anomalous Phenomena - R&D for a theatre show RESUBMISSION,"£15,785",30-Apr-25,April,Q1,London,Wandsworth,Theatre,"£30,000 and below",
Jala Wahid,Hasanlu Lovers,"£7,470",30-Apr-25,April,Q1,London,Lewisham,Visual arts,"£30,000 and below",
Golowan Festival Community Interest Company,Penzance Youth Music Project,"£10,000",30-Apr-25,April,Q1,South West,Cornwall,Music,"£30,000 and below",
Cian Binchy,"A Small Enclosed Room with Alfie Murphy, performance, outreach and leadership programme in priority areas","£28,953",30-Apr-25,April,Q1,London,Hackney,Theatre,"£30,000 and below",
Viscera,Sound Playground,"£16,505",30-Apr-25,April,Q1,South East,South Cambridgeshire,Visual arts,"£30,000 and below",
Maryann Wright Productions,Echolocation,"£19,380",30-Apr-25,April,Q1,London,Lambeth,Theatre,"£30,000 and below",
The Bee Friendly Trust,Samphire Hoe Summer Solstice,"£5,600",30-Apr-25,April,Q1,London,Westminster,Combined arts,"£30,000 and below",
Lowri Mathias,leglock R&D,"£4,088",30-Apr-25,April,Q1,London,Merton,Theatre,"£30,000 and below",
Purple String Productions,Page to Stage: Lightening Writes,"£19,280",30-Apr-25,April,Q1,London,Islington,Theatre,"£30,000 and below",
Switchflicker Productions,Closer to My Dreams 2025 Tour,"£17,000",30-Apr-25,April,Q1,North,Manchester,Dance,"£30,000 and below",
Miranda Prag,An Attempt to Lose Time: Workshop Development & 2025 Tour - 2nd Resubmission,"£8,832",30-Apr-25,April,Q1,North,Lancaster,Theatre,"£30,000 and below",
Beggars Belief Collective,SCRUMPTIOUS! National Tour,"£19,914",30-Apr-25,April,Q1,North,Blackburn with Darwen,Theatre,"£30,000 and below",
Fol Espoir,Second Hand Rose - R&D,"£30,000",30-Apr-25,April,Q1,South West,Darlington,Theatre,"£30,000 and below",
Landworkers' Alliance,Land Skills Fair 2025,"£30,000",30-Apr-25,April,Q1,South West,Cornwall,Combined arts,"£30,000 and below",
Studio KIND.,"Building, shaping, strengthening: 18-month public programme for artist-led Studio KIND. in Barnstaple, North Devon","£75,653",30-Apr-25,April,Q1,South West,North Devon,Visual arts,"Above £30,000",
Play to the Crowd,Hat Fair 2025,"£60,000",30-Apr-25,April,Q1,South West,Winchester,Combined arts,"Above £30,000",
Friends Without Borders,Friends Without Borders Storytellers Festival,"£5,340",30-Apr-25,April,Q1,South West,Portsmouth,Literature,"£30,000 and below",
Coventry Biennial Ltd,Coventry Biennial 2025,"£98,000",30-Apr-25,April,Q1,Midlands,Coventry,Visual arts,"Above £30,000",
Little Lost Robot,In Common,"£83,190",30-Apr-25,April,Q1,South West,Bath and North East Somerset,Combined arts,"Above £30,000",
Jenny Moore,Resubmission (NLPG-00728129-V2 & NLPG-00700656-V2): Developing & Presenting Wild Mix; A New & Acclaimed Choral Musical,"£63,805",30-Apr-25,April,Q1,London,Waltham Forest,Theatre,"Above £30,000",
Communal Clay,Communal Clay South East London Programme,"£24,763",30-Apr-25,April,Q1,London,Lambeth,Visual arts,"£30,000 and below",
Double Elephant CIC,Young Printmakers: Diversifying engagement and strengthening the South West printmaking sector,"£24,000",30-Apr-25,April,Q1,South West,Exeter,Visual arts,"£30,000 and below",
Portsmouth Cultural Education Partnership CIC,Under One Banner,"£50,000",30-Apr-25,April,Q1,South West,Portsmouth,Combined arts,"Above £30,000",
Chandenie Gobardhan,"CAITNOR: Mentorship, Production, Premiere","£59,268",30-Apr-25,April,Q1,London,Haringey,Dance,"Above £30,000",
Khushwant Singh Literary Festival,Khushwant Singh Literary Festival,"£15,000",30-Apr-25,April,Q1,London,Barnet,Literature,"£30,000 and below",
Stuff and Nonsense Theatre Company,"The Enormous Turnip. - remount, repairs and preparation for touring","£35,455",30-Apr-25,April,Q1,South West,Dorset,Theatre,"Above £30,000",
People and Stories,Pompey Elvis,"£32,240",30-Apr-25,April,Q1,South West,Portsmouth,Theatre,"£30,000 and below",
Thomas Fournil,"Lost Harmonies: music on the brink of extinction, decolonising heritage and expanding cultural opportunities in England.","£50,289",30-Apr-25,April,Q1,London,Islington,Music,"Above £30,000",
The Wardrobe Theatre,"Dynamic Co-Production Collaboration between The Wardrobe Theatre, Bristol, and Front Room, North Somerset in 2025-2027","£56,644",30-Apr-25,April,Q1,South West,"Bristol, City of",Theatre,"Above £30,000",
Pasha Kincaid,Butterfly Adventures,"£29,950",01-May-25,May,Q1,Midlands,Charnwood,Not discipline specific,"£30,000 and below",
Things That Go On Things,Light Night Wigan 2025,"£92,000",01-May-25,May,Q1,North,Manchester,Combined arts,"Above £30,000",
Hartlepool Wintertide Festival CIC,Wintertide Festival 2025 and year-round,"£98,000",01-May-25,May,Q1,North,Hartlepool,Combined arts,"Above £30,000",
South Tyneside Council Culture,This Is South Tyneside festival Parade Weekend 2025,"£70,000",01-May-25,May,Q1,North,South Tyneside,Combined arts,"Above £30,000",
Manchester Carnival Together CIC,Manchester Caribbean Carnival 2025 (MCC25),"£52,900",01-May-25,May,Q1,North,Manchester,Combined arts,"Above £30,000",
Bad Betty Press Limited,Bad Betty 2025 Core Programme,"£30,000",01-May-25,May,Q1,Midlands,Nottingham,Literature,"£30,000 and below",
West Midlands Readers' Network,Reaching More Reading Communities - 2025-2026,"£28,737",01-May-25,May,Q1,Midlands,Birmingham,Literature,"£30,000 and below",Universal Library Offers
Smashed Avocado Productions,Spare Goose R&D,"£30,600",01-May-25,May,Q1,London,Birmingham,Theatre,"£30,000 and below",
Worthing Festival C.I.C,Worthing Festival,"£69,190",02-May-25,May,Q1,South East,Worthing,Combined arts,"Above £30,000",
Half a String,Tiny Planet,"£85,900",02-May-25,May,Q1,South East,Canterbury,Theatre,"Above £30,000",
Sama Arts Network  Ltd,SONGS OF THE MYSTICS - THE QAWWALI TRADITION,"£30,000",06-May-25,May,Q1,London,Islington,Music,"£30,000 and below",
Christine Hankin,Ealing Flute Festival,"£2,025",06-May-25,May,Q1,London,Ealing,Music,"£30,000 and below",
Chinwe Odukwe,Ije Uwa,"£19,831",06-May-25,May,Q1,London,Harrow,Visual arts,"£30,000 and below",
Ya Gao,The Lotus: A Xie Yi Performance of Diaspora Identity,"£17,452",06-May-25,May,Q1,London,Lambeth,Theatre,"£30,000 and below",
The Vandens Karta Ensemble,The Magdalena Confessions: Inclusive Theatre with BSL & Community Engagement at Playhouse East,"£9,330",06-May-25,May,Q1,London,Islington,Theatre,"£30,000 and below",
Odd Eyes Theatre,Project Elevate,"£28,358",06-May-25,May,Q1,London,Hackney,Theatre,"£30,000 and below",
Harlow Playhouse,Mrs Dalloway Tour 2026,"£29,809",07-May-25,May,Q1,South East,Harlow,Theatre,"£30,000 and below",
Clodagh Chapman,Sink R&D - Third Resubmission,"£28,291",07-May-25,May,Q1,North,Trafford,Theatre,"£30,000 and below",
Gilbert White & The Oates Collections,"70 objects, 70 stories","£12,640",07-May-25,May,Q1,South West,East Hampshire,Museums,"£30,000 and below",Unlocking Collections
Barrington Farm Trust,Have I Got Ewes For You,"£28,950",07-May-25,May,Q1,South East,North Norfolk,Music,"£30,000 and below",
New Note Orchestra,Roots Through Music,"£33,950",07-May-25,May,Q1,South East,Brighton and Hove,Music,"£30,000 and below",
Orchestra of the Swan,Words & Music,"£30,000",07-May-25,May,Q1,Midlands,Warwick,Theatre,"£30,000 and below",
Cloudburst Productions,Manchester Anthem Workshop and Access Activity,"£23,288",07-May-25,May,Q1,North,Cheshire East,Theatre,"£30,000 and below",
Philip Pearson,CAN YOU HEAR...THE WONDER GARDEN,"£19,960",07-May-25,May,Q1,Midlands,Gedling,Theatre,"£30,000 and below",
Lewis Bray,Cartoonopolis 10th Anniversary RESUBMISSION,"£35,926",07-May-25,May,Q1,North,Wirral,Theatre,"£30,000 and below",
Fizz Sinclair,TSLAD Show R&D & Outreach Development,"£26,327",07-May-25,May,Q1,London,Ealing,Theatre,"£30,000 and below",
Pelumi Adedayo-Bamidele,Intervention R&D round 2,"£15,525",07-May-25,May,Q1,South East,Gravesham,Theatre,"£30,000 and below",
Yasmeen Audisho Ghrawi,From the Daughter of a Dictator 25/6 Tour,"£18,427",07-May-25,May,Q1,London,Haringey,Theatre,"£30,000 and below",
The Gate Theatre Company Ltd,The Woven Voices Prize for Playwriting in Association with the Gate,"£29,950",07-May-25,May,Q1,London,Islington,Theatre,"£30,000 and below",
BEAF Arts Company Ltd,You're Not Alone International Exhibition and Engagement Programme supporting Neuro-diverse women artists,"£29,500",07-May-25,May,Q1,South West,"Bournemouth, Christchurch and Poole",Visual arts,"£30,000 and below",
Hannah Woodliffe,No Time to Waste: A Tour of Place-Based Community Outreach & Co-Creation,"£29,999",07-May-25,May,Q1,South West,Forest of Dean,Dance,"£30,000 and below",
Abigail Conway,Home Sweet Home 2.0,"£19,480",07-May-25,May,Q1,South East,Arun,Theatre,"£30,000 and below",
Ralph Dartford,The Wrong'uns,"£8,102",07-May-25,May,Q1,North,Bradford,Literature,"£30,000 and below",
POW! Thanet,Decade of Dissent Mural,"£17,000",07-May-25,May,Q1,South East,Thanet,Visual arts,"£30,000 and below",
John Harper,"Awake, Gay and Writing a Play","£1,000",07-May-25,May,Q1,South East,Rother,Theatre,"£30,000 and below",
Insecta Collective CIC,Arts & Biodiversity in the Community (A-B-C),"£2,000",07-May-25,May,Q1,South West,Leicester,Visual arts,"£30,000 and below",
Diggers and Enthusiasts,"Trouble, Struggle, Bubble & Squeak (community co-creation & national tour) RESUBMISSION","£19,998",07-May-25,May,Q1,South East,Lewes,Theatre,"£30,000 and below",
Purfleet-on-Thames Community Forum,Purfleet-On-Thames Community Play,"£15,000",07-May-25,May,Q1,South East,Thurrock,Theatre,"£30,000 and below",
Naylah Ahmed,News Story,"£19,882",07-May-25,May,Q1,Midlands,Birmingham,Theatre,"£30,000 and below",
Selwin Hulme-Teague,"Research, development and work-in-progress performances of ""Waiting""","£11,186",07-May-25,May,Q1,South West,West Devon,Theatre,"£30,000 and below",
Tyler Holland,'A Sudden Inversion of Gravity' - Binaural Sound Research and Development Project,"£16,500",07-May-25,May,Q1,London,Shropshire,Theatre,"£30,000 and below",
Topsy Balogun,Voice of Our Culture,"£22,250",07-May-25,May,Q1,South East,Basildon,Literature,"£30,000 and below",
Heather Davis,Menopause - Development,"£29,557",07-May-25,May,Q1,South East,Maldon,Theatre,"£30,000 and below",
Carnaval del Pueblo Asociación,Inclusive Carnaval del Pueblo 2025,"£33,000",07-May-25,May,Q1,London,Croydon,Combined arts,"£30,000 and below",
Upfest,Weston Wallz 2025,"£30,000",07-May-25,May,Q1,South West,"Bristol, City of",Visual arts,"£30,000 and below",
Ryedale Festival,Ryedale Festival 2025,"£30,000",07-May-25,May,Q1,North,North Yorkshire,Music,"£30,000 and below",
Morven Robinson,Live Storytelling Schools Tour 2025,"£29,998",07-May-25,May,Q1,North,Wakefield,Literature,"£30,000 and below",
Urban Angels,Pablo Fanque Play - Research and Development,"£27,465",07-May-25,May,Q1,North,Kirklees,Theatre,"£30,000 and below",
Rumana Yasmin,What's in My Suitcase?,"£29,332",07-May-25,May,Q1,North,Middlesbrough,Combined arts,"£30,000 and below",
Catherine Brown,Maid-of-the-Wave Research and Development,"£3,366",07-May-25,May,Q1,South East,Brighton and Hove,Theatre,"£30,000 and below",
Ioney Smallhorne,Weather Wonders/Be Hurricane,"£25,365",07-May-25,May,Q1,Midlands,Nottingham,Literature,"£30,000 and below",
Moonstruck Astronaut Community Theatre Company,Telford Tall Tales,"£35,785",07-May-25,May,Q1,Midlands,Telford and Wrekin,Theatre,"£30,000 and below",
pink suits CIC,Queer Cxntry National Tour,"£39,985",08-May-25,May,Q1,South East,Thanet,Music,"Above £30,000",Supporting Grassroots Music
Michael Howard-Williams,Deaf Jam x Deaf Rave x Waterbear,"£7,470",12-May-25,May,Q1,South East,Brighton and Hove,Music,"£30,000 and below",Supporting Grassroots Music
Zoo Co Creative LTD,Perfect Show For Rachel Tour,"£161,988",13-May-25,May,Q1,London,Croydon,Theatre,"Above £30,000 - Over £30k Touring project",
Florence Peake,Tour of new work Your Meaning Not Your Materiality,"£117,478",13-May-25,May,Q1,London,Haringey,Visual arts,"Above £30,000 - Over £30k Touring project",
Freedom Festival Arts Trust,Freedom On Tour,"£99,905",13-May-25,May,Q1,North,"Kingston upon Hull, City of",Combined arts,"Above £30,000 - Over £30k Touring project",
Peut-Être Theatre,Sleep: national tour,"£122,822",13-May-25,May,Q1,London,Westminster,Theatre,"Above £30,000 - Over £30k Touring project",
Landmark Theatres,East Anglia Touring Consortium,"£193,938",13-May-25,May,Q1,South West,North Devon,Theatre,"Above £30,000 - Over £30k Touring project",
Diasporas Now,Diasporas Now: Macrocosmic Futures (Touring Programme),"£46,945",13-May-25,May,Q1,London,Richmond upon Thames,Combined arts,"Above £30,000 - Over £30k Touring project",
Little Angel Theatre,A Squash and a Squeeze National Tour,"£49,723",13-May-25,May,Q1,London,Islington,Theatre,"Above £30,000 - Over £30k Touring project",
Mad Friday Productions,Children of the Night - Tour,"£81,454",13-May-25,May,Q1,North,Doncaster,Theatre,"Above £30,000 - Over £30k Touring project",
Evangeline Henderson,Grimm East Coast Tour,"£94,463",13-May-25,May,Q1,North,North East Lincolnshire,Theatre,"Above £30,000 - Over £30k Touring project",
Obsidian Foundation,The Obsidian Retreat full model,"£60,514",13-May-25,May,Q1,London,Croydon,Literature,"Above £30,000",
Le Navet Bete,Olympus: A Mythical Comedy Tour across 18 UK venues,"£99,441",13-May-25,May,Q1,South West,Exeter,Theatre,"Above £30,000 - Over £30k Touring project",
Ukon Careers,Barking & Dagenham Carnival 2025: Together We Grow - a Greener Future,"£69,900",13-May-25,May,Q1,London,Barking and Dagenham,Combined arts,"Above £30,000",
Ling Tan,Hackney's Low Carbon Chinatown (HLCC),"£29,995",13-May-25,May,Q1,London,Tower Hamlets,Combined arts,"£30,000 and below",
Annelise Bianchini,Steinberg V. Steinberg,"£29,470",13-May-25,May,Q1,London,Camden,Theatre,"£30,000 and below",
Hold The Drama 1209959,Bradford: Social and Mental Wellbeing Music and Physical Theatre Education Tour,"£14,050",13-May-25,May,Q1,South East,Lambeth,Theatre,"£30,000 and below",
Ushaw College,Folly in the Meadow,"£30,000",13-May-25,May,Q1,North,County Durham,Visual arts,"£30,000 and below",
Helikon Theatre Company Ltd.,MEND - R&D,"£16,113",13-May-25,May,Q1,South East,Dacorum,Theatre,"£30,000 and below",
Connor Sansby,Where The Land Forgets Itself 2025,"£32,392",13-May-25,May,Q1,South East,Thanet,Literature,"£30,000 and below",
Brighton Youth Centre,B.fest 2025,"£29,802",13-May-25,May,Q1,South East,Brighton and Hove,Combined arts,"£30,000 and below",
Michelle Joseph,CRACKER (C=Creative R=Role Play A=Acting C=Collaborative K= Knowledge E=Enjoyable R=Recognition),"£3,500",14-May-25,May,Q1,London,Lambeth,Combined arts,"£30,000 and below",
Portsmouth Libraries Conan Doyle Collection,Sherlock's Home - Portsmouth then and now,"£17,969",14-May-25,May,Q1,South West,Portsmouth,Libraries,"£30,000 and below",Universal Library Offers
Vicki Bennett,Exhibition and collaboration research,"£3,906",14-May-25,May,Q1,London,Hounslow,Visual arts,"£30,000 and below",
Claire Beerjeraz,"Rooted: Creatively Unearthing Home, Safety, and Identity for Change and Healing.","£16,034",14-May-25,May,Q1,North,Liverpool,Theatre,"£30,000 and below",
Litcraft: Bringing the Text to Life,Litcraft in Cumbrian Libraries,"£15,498",14-May-25,May,Q1,North,Lancaster,Literature,"£30,000 and below",
Matthew Wilkinson,Carriage - Resound Theatre - Mini Tour,"£26,210",14-May-25,May,Q1,North,Sheffield,Theatre,"£30,000 and below",
Debbie Patel,RESUB Colours of a woman's love development and engagement,"£19,692",14-May-25,May,Q1,South East,Milton Keynes,Dance,"£30,000 and below",
archipelago arts collective,Shirley: An Awakening R&D,"£31,000",14-May-25,May,Q1,North,Sheffield,Theatre,"£30,000 and below",
Ricky Balshaw,Resubmission: Co-created Play and Workshops with Telford Schools,"£35,342",14-May-25,May,Q1,Midlands,Telford and Wrekin,Theatre,"£30,000 and below",
Paul Francis Saunders,Tell it as it is,"£3,600",14-May-25,May,Q1,South East,Hastings,Theatre,"£30,000 and below",
The Listening Project LTD,The Listening Project presents... Acid Brass,"£15,198",14-May-25,May,Q1,London,Hackney,Music,"£30,000 and below",
The Ashdown Forest Foundation,Centenary of Winnie-the-Pooh,"£28,930",14-May-25,May,Q1,South East,Wealden,Combined arts,"£30,000 and below",
Graeme Phillips MBE,The Maids at Unity theatre,"£33,464",14-May-25,May,Q1,North,Sefton,Theatre,"£30,000 and below",
Sonia Bhamra,365 Days of Maya - R&D,"£28,291",14-May-25,May,Q1,Midlands,Sandwell,Visual arts,"£30,000 and below",
Doug Deans,Mother - Dad,"£29,939",14-May-25,May,Q1,Midlands,Newark and Sherwood,Theatre,"£30,000 and below",
Donald A John,Colourism and Young People – Meaning and Impact for the Next Generation,"£29,953",14-May-25,May,Q1,South West,Southampton,Visual arts,"£30,000 and below",
Hong Kong Arts UK,Hong Kong Stories • UK Stages 2025,"£5,000",14-May-25,May,Q1,London,Sutton,Theatre,"£30,000 and below",
Selina Helliwell,Ember & the Vixens 2025,"£2,339",14-May-25,May,Q1,North,Bury,Combined arts,"£30,000 and below",
Jack Kelly,SPLAT! Tour,"£30,559",14-May-25,May,Q1,South East,Huntingdonshire,Theatre,"£30,000 and below",
Adam Kammerling,Seder Tour Remount,"£29,935",14-May-25,May,Q1,London,Hackney,Combined arts,"£30,000 and below",
First Light Events Limited,En Masse Community & Arts Programme 2025,"£26,855",14-May-25,May,Q1,London,"Bristol, City of",Music,"£30,000 and below",
Little Cog,RADICAL REVELATIONS - LEARNING DISABLED ARTIST LEADERSHIP IN THE NORTH,"£97,070",14-May-25,May,Q1,North,Redcar and Cleveland,Combined arts,"Above £30,000",
Daniel Eglinton,DAN EGG MANBOX SOLO SHOW R&D,"£18,789",14-May-25,May,Q1,London,Plymouth,Theatre,"£30,000 and below",
Nadia Nadarajah,Flarewave Festival 2025,"£68,258",14-May-25,May,Q1,South East,Lewes,Combined arts,"Above £30,000",
Shooting Fish Theatre Company,Bristol Literacy Project,"£18,465",14-May-25,May,Q1,South West,"Bristol, City of",Theatre,"£30,000 and below",
Ben Haggarty,Bodies on the Beach - Resubmission,"£19,995",14-May-25,May,Q1,Midlands,"Herefordshire, County of",Literature,"£30,000 and below",
Roei Greenberg,Parallel Conditions,"£11,307",14-May-25,May,Q1,London,Tower Hamlets,Visual arts,"£30,000 and below",
Create & Connect Community Interest Company,Create & Connect,"£18,000",14-May-25,May,Q1,North,South Tyneside,Music,"£30,000 and below",
Alira Arts,Artist Development Programme 5th submission,"£18,800",14-May-25,May,Q1,London,Westminster,Not discipline specific,"£30,000 and below",
Stand and Be Counted Theatre Company,Sanctuary Birthday Celebrations Programme,"£109,000",14-May-25,May,Q1,North,Oldham,Combined arts,"Above £30,000",
Alexandra Zawadzki,The Second Act,"£50,764",14-May-25,May,Q1,North,Blackburn with Darwen,Visual arts,"Above £30,000",
seam collective,Warped and Wasted,"£45,676",14-May-25,May,Q1,South West,"Bristol, City of",Visual arts,"Above £30,000",
Sensoria Festival,Sensoria comes of age: collaborations and co-creations,"£38,000",14-May-25,May,Q1,North,Sheffield,Combined arts,"Above £30,000",
Leeds City Council,Light Night Leeds 2025,"£125,000",14-May-25,May,Q1,North,Leeds,Combined arts,"Above £30,000 - Over £100k application",
Your Next Move,Investing in our Future,"£53,644",14-May-25,May,Q1,South West,Gloucester,Dance,"Above £30,000",
Sole Purpose,The Marian Hotel,"£10,160",14-May-25,May,Q1,North,Northern Ireland,Theatre,"£30,000 and below",
Art Riot Collective,Art Riot Collective: advocacy and support in the creative ecology for neurodiverse and disabled artists; building a pathway to Elevate.,"£123,909",14-May-25,May,Q1,Midlands,Coventry,Visual arts,"Above £30,000",
Reading Repertory Theatre,Disabled-Led Theatre: A Christmas Carol,"£125,000",14-May-25,May,Q1,South East,Reading,Theatre,"Above £30,000",
Cantonese Reading Playground CIC,Cantonese Children Festival,"£30,000",14-May-25,May,Q1,London,City of London,Combined arts,"£30,000 and below",
Fit The Mould Productions CIC,Residential Performing Arts Camps,"£16,607",14-May-25,May,Q1,South East,Elmbridge,Theatre,"£30,000 and below",
Zwiebelfish CIC,Bellwethers,"£40,000",14-May-25,May,Q1,North,Westmorland and Furness,Combined arts,"Above £30,000",
Circus Hub,Lost Performers Club -Circus Development Programme,"£94,166",14-May-25,May,Q1,Midlands,Nottingham,Combined arts,"Above £30,000",
Caldmore Village Festival Ltd,Karma Arts,"£29,990",14-May-25,May,Q1,Midlands,Walsall,Combined arts,"£30,000 and below",
artsintheeast ltd,TWISTER,"£29,525",15-May-25,May,Q1,London,Newham,Music,"£30,000 and below",Supporting Grassroots Music
Anna Southwell,Lama Tajmaena - Bring us together - لة تجمعنا,"£28,310",15-May-25,May,Q1,South West,North Somerset,Music,"£30,000 and below",Supporting Grassroots Music
Red Lotus Events CIC,Music training Academy: Rangeelu Gujarat 2025,"£30,000",15-May-25,May,Q1,London,Brent,Music,"£30,000 and below",Supporting Grassroots Music
Pete Eastwood,IN THE TOWN WHERE I WAS BORN (Confessional 10th Anniversary Music & Arts Festival),"£28,250",15-May-25,May,Q1,North,Blackburn with Darwen,Music,"£30,000 and below",Supporting Grassroots Music
Harmony Associates,Cumberlandia 2025,"£5,000",15-May-25,May,Q1,North,Cumberland,Music,"£30,000 and below",Supporting Grassroots Music
Goose Music Ltd,Grassroots electronic music nightclub 'The Model',"£16,527",15-May-25,May,Q1,Midlands,Nottingham,Music,"£30,000 and below",Supporting Grassroots Music
Quarry Sound Liverpool CIC,Quarry in transition,"£21,155",15-May-25,May,Q1,North,Liverpool,Music,"£30,000 and below",Supporting Grassroots Music
The Depo Venue,Depo Grassroots Music Room Two - April 2025,"£29,997",15-May-25,May,Q1,South West,Plymouth,Music,"£30,000 and below",Supporting Grassroots Music
Broadstairs Folk Week,2025 BFW Pierremont Park,"£28,000",15-May-25,May,Q1,South East,Thanet,Music,"£30,000 and below",Supporting Grassroots Music
Nrthrn Baby,DOTS,"£28,500",15-May-25,May,Q1,North,Stockton-on-Tees,Music,"£30,000 and below",Supporting Grassroots Music
Samuel Martin,BV tour and digital wrap around,"£26,147",20-May-25,May,Q1,South West,"Bristol, City of",Theatre,"£30,000 and below",
Folio Theatre,YAC Creative Mentoring Programme 2025-26,"£17,787",20-May-25,May,Q1,South West,Wiltshire,Theatre,"£30,000 and below",
Bristol Legacy Foundation,"The Bristol Legacy Foundation | De-colonising public art & commemorating African Heritage Communities in Bristol - Phase 1: Feasibility, partnerships & audience engagement","£30,000",20-May-25,May,Q1,South West,"Bristol, City of",Visual arts,"£30,000 and below",
Rachel Coleman,VILLAGERS R&D,"£10,621",20-May-25,May,Q1,Midlands,South Hams,Dance,"£30,000 and below",
Poonamallee Productions,Cobweb R&D,"£5,407",20-May-25,May,Q1,South West,"Bristol, City of",Theatre,"£30,000 and below",
Rong Xie,Mountains and Seas - Song of Today,"£30,000",21-May-25,May,Q1,South East,Mole Valley,Combined arts,"£30,000 and below",
Humira Imtiaz,The Kids Are Halal R&D: Phase 1,"£30,372",21-May-25,May,Q1,North,South Tyneside,Digital Arts,"£30,000 and below",
LegalAliens Theatre,Migration V: The Flowers of Srebrenica - War and displacement across time and continents_REVISED,"£29,993",21-May-25,May,Q1,London,Haringey,Theatre,"£30,000 and below",
Pan Nation Steel Orchestra,Pan Nation Steel Orchestra's NHC  2025,"£30,000",21-May-25,May,Q1,London,Haringey,Music,"£30,000 and below",
Showponies Ltd,Palestinian Circus School tour 2025,"£18,167",21-May-25,May,Q1,London,Haringey,Theatre,"£30,000 and below",
Furzedown Community Network,Furzedown LitFest 2025,"£28,214",21-May-25,May,Q1,London,Wandsworth,Literature,"£30,000 and below",
Jane Susan Woodrow,"My Voices, My Life and Me: the Mental Health Monologues v.4","£29,798",21-May-25,May,Q1,South East,Cambridge,Theatre,"£30,000 and below",
Emma Boor,Book Bonding Part 2,"£29,993",21-May-25,May,Q1,South East,Vale of White Horse,Theatre,"£30,000 and below",
New Margate CIC,Soul Of Margate,"£12,000",21-May-25,May,Q1,South East,Thanet,Combined arts,"£30,000 and below",
Hardeep Singh Sahota,Rhythms Beyond Borders,"£29,400",21-May-25,May,Q1,North,Kirklees,Music,"£30,000 and below",
Freud Museum London,House-Keeper,"£15,550",21-May-25,May,Q1,London,Camden,Museums,"£30,000 and below",Unlocking Collections
Yas Clarke,The Thicket UK Touring,"£23,097",21-May-25,May,Q1,South West,"Bristol, City of",Music,"£30,000 and below",
Alex Bulmer,Disabled-Led Dramaturgy for The Great Tragedy,"£37,808",21-May-25,May,Q1,South East,Dacorum,Theatre,"£30,000 and below",
Mellissa Monsoon,The Memorial of Microbes,"£32,009",21-May-25,May,Q1,South East,Thanet,Visual arts,"£30,000 and below",
Rachel Dean,The Mountain Witch - Speedwell Dance: wider CYP touring & company development 2,"£29,999",21-May-25,May,Q1,North,Leeds,Dance,"£30,000 and below",
Lancashire Mining Museum,Mining our Creativity,"£29,320",21-May-25,May,Q1,North,Wigan,Museums,"£30,000 and below",
Matthew Denham,Handling Futures,"£9,984",21-May-25,May,Q1,North,Newcastle upon Tyne,Visual arts,"£30,000 and below",
The Margate Bookie,Margate Bookie Community Festival 2025,"£29,723",21-May-25,May,Q1,South East,Thanet,Literature,"£30,000 and below",
Queer Britain Museum Ltd,Voices of the marginalised: Co-curating LGBTQ+ representation in new Galleries at Queer Britain,"£29,868",21-May-25,May,Q1,London,Camden,Museums,"£30,000 and below",Unlocking Collections
Trans Pride Hastings,Trans Pride Hastings 2025,"£12,450",21-May-25,May,Q1,South East,Hastings,Combined arts,"£30,000 and below",
Liv Wynter,Homeless Queer R&D Outreach Project,"£28,653",21-May-25,May,Q1,London,Haringey,Combined arts,"£30,000 and below",
Bradford Museums & Galleries,Jameel Prize 7 Exhibition,"£120,000",22-May-25,May,Q1,North,Bradford,Visual arts,"Above £30,000 - Major Project",
National Art Collections Fund,Empowering Curators - Curatorial Fellowships,"£200,000",22-May-25,May,Q1,London,Camden,Museums,"Above £30,000 - Major Project",Unlocking Collections
The Play House,Facilitator training: train to work,"£29,000",23-May-25,May,Q1,Midlands,Birmingham,Theatre,"£30,000 and below",
Susan Buckley,Celebrating Lincolnshire Through Time,"£1,000",23-May-25,May,Q1,Midlands,East Lindsey,Visual arts,"£30,000 and below",
Linden Dance Company CIC,RESUBMISSION: Tackling Loneliness: Community Co-creation & School Engagement Project,"£29,980",23-May-25,May,Q1,Midlands,Birmingham,Dance,"£30,000 and below",
Emily Webster,Inheritance Tax - R&D - Developing a BSL & English play,"£45,985",23-May-25,May,Q1,Midlands,North East Derbyshire,Theatre,"£30,000 and below",
Georgia Kelly,Blindspot Nights x 'See It First' Festival,"£10,691",23-May-25,May,Q1,Midlands,Coventry,Theatre,"£30,000 and below",
Young Hustlers C.I.C,Young Hustlers 2025: AROUND THE WORLD,"£68,480",27-May-25,May,Q1,Midlands,Rushcliffe,Not discipline specific,"Above £30,000",
Birmingham Hippodrome Theatre Trust Ltd,Birmingham Weekender 2025,"£99,500",27-May-25,May,Q1,Midlands,Birmingham,Combined arts,"Above £30,000",
Canal & River Trust (West & East Midlands),Smethwick Imaginarium,"£93,900",27-May-25,May,Q1,Midlands,Birmingham,Combined arts,"Above £30,000",
The King Stone Company,The King Stone - Midlands Previews & Cross-Community Participation,"£54,426",27-May-25,May,Q1,Midlands,Nottingham,Theatre,"Above £30,000",
Avery Hill Publishing,Touring Authors Programme,"£6,000",28-May-25,May,Q1,London,Waltham Forest,Literature,"£30,000 and below",
Pompey Darkroom,Life's Like That,"£55,652",28-May-25,May,Q1,South West,Portsmouth,Visual arts,"Above £30,000",
Holly Delefortrie,Dyslexic Theatre Making (2nd Resubmission),"£20,590",28-May-25,May,Q1,South East,West Suffolk,Theatre,"£30,000 and below",
Joseph Fort,Samuel Coleridge-Taylor Mini-Festival,"£10,810",28-May-25,May,Q1,London,Southend-on-Sea,Music,"£30,000 and below",
Sophie Ross,Adulting/Friendship,"£22,720",28-May-25,May,Q1,South West,Test Valley,Theatre,"£30,000 and below",
Troubadour Stageworks,School engagement in Hard-To-Reach Places,"£13,623",28-May-25,May,Q1,South West,Wiltshire,Theatre,"£30,000 and below",
City Arts Portsmouth,Portsmouth Open Studios Event 2025,"£30,000",28-May-25,May,Q1,South West,Portsmouth,Combined arts,"£30,000 and below",
Daniela Sbrisny,Blueprints of Light and Care,"£13,836",28-May-25,May,Q1,London,Lewisham,Visual arts,"£30,000 and below",
Francesca Ter-Berg,Resubmission: Precious Collections and Conversations,"£19,209",28-May-25,May,Q1,South East,Thanet,Music,"£30,000 and below",
Katy Lee,SUITCASE,"£8,531",28-May-25,May,Q1,South West,North Devon,Combined arts,"£30,000 and below",
Jack Mosedale,Gay Play - R&D and Sharing,"£3,508",28-May-25,May,Q1,London,Lambeth,Theatre,"£30,000 and below",
Ampersand Projects,We Forest Folk 2025,"£29,700",28-May-25,May,Q1,Midlands,Birmingham,Combined arts,"£30,000 and below",
Tommy Gwatkin,Hip Hip Hooray Cabaret,"£35,396",28-May-25,May,Q1,South East,Crawley,Theatre,"£30,000 and below",
Michael John Heatley,Suitcases - Production and Tour,"£24,643",28-May-25,May,Q1,North,County Durham,Dance,"£30,000 and below",
Rebekah Entwistle,Still a Creole,"£29,700",28-May-25,May,Q1,North,Blackburn with Darwen,Music,"£30,000 and below",
Frauke Requardt,THIRD SUBMISSION - Anatomy of Survival Creation & Premiere,"£15,933",28-May-25,May,Q1,London,Lewisham,Dance,"£30,000 and below",
Joseph Kendon,Brighton Jazz Festival 2025 - Scaling Up!,"£29,990",28-May-25,May,Q1,South East,Brighton and Hove,Music,"£30,000 and below",
Joshua Toko,Welcome to Paradise live show development + showcase,"£4,665",28-May-25,May,Q1,London,Tower Hamlets,Music,"£30,000 and below",
Rachel Bellman,Pretty Poison R&D,"£24,440",28-May-25,May,Q1,London,Bromley,Theatre,"£30,000 and below",
Chew Valley Performing Arts,Autumn Fringe Festival 2025,"£26,847",28-May-25,May,Q1,South West,North Somerset,Combined arts,"£30,000 and below",
Huddersfield Literature Festival,Huddersfield Literature Festival 20th Anniversary Advance Activities,"£4,000",28-May-25,May,Q1,North,Kirklees,Literature,"£30,000 and below",
Brave Words CIC,Mutton Community Youth Engagement & Venue Performances (Third Submission),"£29,760",28-May-25,May,Q1,North,Leeds,Theatre,"£30,000 and below",
Coddiwomple Theatre,My Song Our Story,"£14,835",28-May-25,May,Q1,South East,Reigate and Banstead,Theatre,"£30,000 and below",
Olivia Cordell,Bog Body: A One-Woman Show,"£4,679",28-May-25,May,Q1,London,Lewisham,Theatre,"£30,000 and below",
ARTS TRUST Productions,Festivals 2025 (resubmission),"£30,000",28-May-25,May,Q1,South East,Tendring,Combined arts,"£30,000 and below",
Dior Wallace,Passion Fruit Re-Development UK Tour 4th Resubmission,"£28,768",28-May-25,May,Q1,London,Hammersmith and Fulham,Theatre,"£30,000 and below",
F*Choir CIC,"F*Choir’s Evolution: weekly programme, open sessions, development work, single recording & mini-tour","£34,156",28-May-25,May,Q1,London,Newham,Music,"£30,000 and below",
Agnieszka Lokaj,Female Resilience,"£17,934",28-May-25,May,Q1,London,Richmond upon Thames,Visual arts,"£30,000 and below",
Natasha Stanic Mann,Reproducing - R&D,"£9,575",28-May-25,May,Q1,London,Brent,Theatre,"£30,000 and below",
Steven Vevers-Webb,Extraction Stories Vol.2,"£30,000",28-May-25,May,Q1,South East,Medway,Combined arts,"£30,000 and below",
Eleanor Webster,The Birth of Taliesin R&D,"£6,006",28-May-25,May,Q1,North,Manchester,Theatre,"£30,000 and below",
London Borough of Hackney,Hackney Carnival 25+,"£29,900",29-May-25,May,Q1,London,Hackney,Combined arts,"£30,000 and below",
Armonico Consort Limited,The Armed Man music and composition project,"£30,000",29-May-25,May,Q1,Midlands,Warwick,Music,"£30,000 and below",
English Symphony Orchestra,Creating a New Future: Eternal Echoes,"£29,350",29-May-25,May,Q1,Midlands,Worcester,Music,"£30,000 and below",
Ian Henery,Pre-Production - B.ham Chinese Community Play,"£30,150",29-May-25,May,Q1,Midlands,Walsall,Theatre,"£30,000 and below",
Autin Dance Theatre CIO,WOW! Fest – Walsall Outdoor Wonders Community Festival,"£31,500",29-May-25,May,Q1,Midlands,Walsall,Dance,"£30,000 and below",
Lincoln Book Festival,Lincoln Book Festival 2025 (Re-Submission),"£25,693",29-May-25,May,Q1,Midlands,Lincoln,Literature,"£30,000 and below",Universal Library Offers
Yukiko Masui,RONiN: Creation and Initial Tour,"£95,214",29-May-25,May,Q1,London,Lewisham,Dance,"Above £30,000",
Brent Museum and Archives,From The Ruins: British Empire Re-examined,"£41,558",29-May-25,May,Q1,London,Brent,Museums,"Above £30,000",Unlocking Collections
Ludic Rooms Ltd,NAIAD - Immersive Tech and Access for Outdoor Arts,"£29,990",29-May-25,May,Q1,Midlands,Coventry,Combined arts,"£30,000 and below",
Reallynice,See Saw (Final Production) (Resubmission),"£42,707",30-May-25,May,Q1,South East,Welwyn Hatfield,Theatre,"Above £30,000",
tristan shorr,MAS(S) Final Project,"£56,224",30-May-25,May,Q1,South East,Adur,Visual arts,"Above £30,000",
Cumbria Arts & Culture Network,See It To Be It:  Boosting Creative Careers in Cumbria,"£175,000",30-May-25,May,Q1,North,Cumberland,Not discipline specific,"Above £30,000 - Place Partnership project",
Dens and Signals,"Myth Monster - production, delivery and building future impact","£49,167",30-May-25,May,Q1,South East,Hastings,Combined arts,"Above £30,000",
Whiddon Autumn Festival,Whiddon Autumn Festival 2025,"£5,000",03-Jun-25,June,Q1,South West,West Devon,Music,"£30,000 and below",
Graham Fudger,Not Just Us,"£6,140",03-Jun-25,June,Q1,Midlands,North Northamptonshire,Digital Arts,"£30,000 and below",
That White Room,That Saturday Club One,"£19,950",03-Jun-25,June,Q1,South West,Gloucester,Visual arts,"£30,000 and below",
Budleigh Music Festival,Music live and local,"£14,988",03-Jun-25,June,Q1,South West,East Devon,Music,"£30,000 and below",
Kings Heath Action for Refugees,Finding Pride Phase 2,"£10,660",03-Jun-25,June,Q1,Midlands,Birmingham,Visual arts,"£30,000 and below",
MÓTUS,Connecting Communities Project,"£27,500",03-Jun-25,June,Q1,South East,Milton Keynes,Dance,"£30,000 and below",
The Paper Cinema,Journeys 3,"£30,000",03-Jun-25,June,Q1,South West,Dorset,Theatre,"£30,000 and below",
Claire MENEAR,The Cornish Clay Trail,"£10,800",03-Jun-25,June,Q1,South West,Cornwall,Visual arts,"£30,000 and below",
Jenna Unwin,The Great Peterborough Cringe Exchange - Resubmission,"£14,996",03-Jun-25,June,Q1,South East,South Cambridgeshire,Theatre,"£30,000 and below",
Aisha Ziaullah,62 Gladstone Street: PLATFORMA FESTIVAL PETERBOROUGH,"£34,233",03-Jun-25,June,Q1,South East,Peterborough,Theatre,"£30,000 and below",
tom hall,In and Out of Bounds,"£29,996",03-Jun-25,June,Q1,South West,New Forest,Visual arts,"£30,000 and below",
Knock The Door Down,Migration Quest Exhibition (resubmission-6),"£31,045",04-Jun-25,June,Q1,London,Tower Hamlets,Visual arts,"£30,000 and below",
Callum Hughes,Callum Hughes 3rd Solo Show Development Resubmission,"£18,394",04-Jun-25,June,Q1,London,Bromley,Theatre,"£30,000 and below",
Thread and Press CIC,I am ME,"£7,780",04-Jun-25,June,Q1,North,East Riding of Yorkshire,Visual arts,"£30,000 and below",
Broken Grey Wires Arts CIC,"Grief exhibition at The Williamson Gallery, Wirral","£25,560",04-Jun-25,June,Q1,North,Wigan,Visual arts,"£30,000 and below",
Cayr Charity,Pink Stitch Exhibition,"£24,505",04-Jun-25,June,Q1,London,Westminster,Combined arts,"£30,000 and below",
Eclectic Music,Now That’s What I Call an Orchestra!,"£8,710",04-Jun-25,June,Q1,North,"Kingston upon Hull, City of",Music,"£30,000 and below",
XTRAX,XTRAX International Showcase Programme 2025,"£27,000",04-Jun-25,June,Q1,North,Manchester,Combined arts,"£30,000 and below",
Thrive Dance,(Resubmission) Community Grief Gatherings and Grief Performance R&D,"£31,473",04-Jun-25,June,Q1,London,Haringey,Dance,"£30,000 and below",
Brighton Early Music Festival,"My Voice: singing opportunities for communities of all ages to increase wellbeing, develop skills & gain inspiration to continue their creative learning","£19,580",04-Jun-25,June,Q1,South East,Brighton and Hove,Music,"£30,000 and below",
Layla Legard,AXE,"£30,710",04-Jun-25,June,Q1,North,Leeds,Music,"£30,000 and below",
Artisan Creative,Project Harvest 2025-26,"£29,995",04-Jun-25,June,Q1,Midlands,Derbyshire Dales,Theatre,"£30,000 and below",
Liam Francis,"Re-submission - Final creation phase & touring of a Body of Rumours by Liam Francis, including place-based professional development opportunities for dance communities","£28,305",04-Jun-25,June,Q1,South East,Lewes,Dance,"£30,000 and below",
Riwa Saab,"Development of ""How I Grew A Moustache""","£14,184",04-Jun-25,June,Q1,London,Newham,Theatre,"£30,000 and below",
lynsey wells,North East Lincolnshire Cabaret Development Project,"£14,680",04-Jun-25,June,Q1,North,North East Lincolnshire,Theatre,"£30,000 and below",
Tickertape Parade,All Change 2025,"£40,440",04-Jun-25,June,Q1,Midlands,Birmingham,Theatre,"£30,000 and below",
Ruby Crepin,DOTTIE R&D,"£4,947",04-Jun-25,June,Q1,London,Hackney,Theatre,"£30,000 and below",
African Village,Under The Moonlight,"£30,000",04-Jun-25,June,Q1,Midlands,Leicester,Literature,"£30,000 and below",
Irene Taylor Trust,Celebrating 30 years of the Irene Taylor Trust,"£28,356",04-Jun-25,June,Q1,London,Tower Hamlets,Music,"£30,000 and below",
Charlotte Jolly,Roly Poly an interactive musical performance offer for 0-2 yrs: touring and testing new work to reach wider audiences,"£29,377",04-Jun-25,June,Q1,South East,East Suffolk,Not discipline specific,"£30,000 and below",
Ethan Dean-Richards,The Good Landlord,"£30,000",04-Jun-25,June,Q1,Midlands,Sandwell,Theatre,"£30,000 and below",
Arts Fresco,Arts Fresco 2025,"£18,500",04-Jun-25,June,Q1,Midlands,Harborough,Combined arts,"£30,000 and below",
Sunderland Music Arts and Culture Trust,Sunderland Year of Music 25/26,"£95,000",04-Jun-25,June,Q1,North,Sunderland,Music,"Above £30,000",
Miranda Lewis,The Pigeon and the Peacock School Tour,"£15,573",04-Jun-25,June,Q1,London,Haringey,Theatre,"£30,000 and below",
Displace Yourself Theatre,A World Without Death 2025,"£99,156",04-Jun-25,June,Q1,North,Bradford,Combined arts,"Above £30,000",
Ragtag Arts & Community Scrapstore,Ragtag Parade,"£54,243",04-Jun-25,June,Q1,North,Westmorland and Furness,Combined arts,"Above £30,000",
North East Lincolnshire Council,Festival of the Sea 2025,"£47,000",04-Jun-25,June,Q1,North,North East Lincolnshire,Combined arts,"Above £30,000",
Made By Mortals,Bringing Lived Experience to Life: Temporary Accommodation.,"£77,231",04-Jun-25,June,Q1,North,Tameside,Theatre,"Above £30,000",
Linda Brogan,My Mum is White: exorcising half-caste ghosts,"£64,959",04-Jun-25,June,Q1,North,Manchester,Combined arts,"Above £30,000",
China Plate,Touring Together,"£499,688",05-Jun-25,June,Q1,Midlands,Birmingham,Theatre,"Above £30,000 - Over £30k Touring project",
Dante Or Die,I Do: Site-based theatre tour training programme for marginalised emerging artists,"£148,940",05-Jun-25,June,Q1,London,Westminster,Theatre,"Above £30,000 - Over £30k Touring project",
Jazz re:freshed,JRF OUTERNATIONAL 2025-2027,"£258,083",05-Jun-25,June,Q1,London,Lewisham,Music,"Above £30,000 - Over £30k Touring project",
Motionhouse,Reaching Hidden Audiences,"£99,421",05-Jun-25,June,Q1,Midlands,Warwick,Dance,"Above £30,000 - Over £30k Touring project",
Theatre in the Mill,Bussing Out: National Tour,"£126,928",05-Jun-25,June,Q1,North,Bradford,Combined arts,"Above £30,000 - Over £30k Touring project",
Laura Wyatt O'Keeffe,Holy Show Regional Tour 2025 - queer drag comedy w updated engagement plan,"£48,561",05-Jun-25,June,Q1,South East,Thanet,Combined arts,"Above £30,000 - Over £30k Touring project",
Embracing Arts,Chrimblesense - Expanded Tour,"£109,541",05-Jun-25,June,Q1,South East,Swale,Theatre,"Above £30,000 - Over £30k Touring project",
Paul Andrew Burston,Polari Prize 15th Birthday Showcase,"£64,000",10-Jun-25,June,Q1,London,Lambeth,Literature,"Above £30,000",
Theatre Royal Bath,The Secret Gardens,"£83,593",10-Jun-25,June,Q1,South West,Bath and North East Somerset,Theatre,"Above £30,000",
Arts Taunton,Taunton Together,"£36,350",10-Jun-25,June,Q1,South West,Somerset,Combined arts,"Above £30,000",
Jamie Hale,Researching Romeo R&D 25-27,"£82,324",10-Jun-25,June,Q1,London,Lewisham,Theatre,"Above £30,000",
Louise Wildish,You and Me,"£33,430",10-Jun-25,June,Q1,Midlands,Rushcliffe,Theatre,"£30,000 and below",
Sterts,Rooted,"£67,597",10-Jun-25,June,Q1,South West,Cornwall,Not discipline specific,"Above £30,000",
Kaiya McCoy,Piloting ‘The Manikii Method’ Artist Development Programme,"£17,500",10-Jun-25,June,Q1,Midlands,Birmingham,Music,"£30,000 and below",
One Love syndicate,One love pods,"£11,700",10-Jun-25,June,Q1,London,Brent,Music,"£30,000 and below",
Willy Hudson Ltd,Membership Subscription Cancellation Department - Development,"£10,588",10-Jun-25,June,Q1,London,Camden,Theatre,"£30,000 and below",
Caroline Muraldo,The Wild West,"£11,550",10-Jun-25,June,Q1,London,Hackney,Combined arts,"£30,000 and below",
Muhammed Mustafa Ahmed Chaudhry,Sounds of an Empire - Qawwali Theatre Project,"£29,483",10-Jun-25,June,Q1,Midlands,Solihull,Theatre,"£30,000 and below",
Avatara Ayuso,Resubmission: R&D New Ballet Anna Pavlova,"£19,915",10-Jun-25,June,Q1,Midlands,Warwick,Dance,"£30,000 and below",
Vanessa Oakes,Songs for Survivors of the 21st Century (Phase 2) 2nd resubmission,"£18,920",10-Jun-25,June,Q1,Midlands,Coventry,Music,"£30,000 and below",
Gavin Harrington-Odedra,Community artistic research project,"£25,255",10-Jun-25,June,Q1,London,Croydon,Theatre,"£30,000 and below",
Brian Chikwava,Endless Flight,"£19,413",10-Jun-25,June,Q1,London,Croydon,Literature,"£30,000 and below",
Switchflicker Productions,Family Catwalk Extravaganza - Tour 2025,"£11,000",11-Jun-25,June,Q1,North,Manchester,Theatre,"£30,000 and below",
Elevator Arts CIC,Gather & Tell,"£25,031",11-Jun-25,June,Q1,South East,Southend-on-Sea,Theatre,"£30,000 and below",
Stories That Hit Home,Motherhood,"£27,135",11-Jun-25,June,Q1,South East,Oxford,Theatre,"£30,000 and below",
Vision and Will Productions Limited,Faggamuffin Bloc Party: Queering Carnival Culture & Supporting LGBTQ+ Afro-Caribbean Artists,"£30,580",11-Jun-25,June,Q1,London,Tower Hamlets,Combined arts,"£30,000 and below",
Dark Horse Theatre,You Are Entering My Villain Era,"£12,000",11-Jun-25,June,Q1,North,Kirklees,Theatre,"£30,000 and below",
Greenham Women Everywhere CIC,Keskesow (conversations): A Cornish-Language Community Exhibition,"£24,870",11-Jun-25,June,Q1,South West,Cornwall,Visual arts,"£30,000 and below",
Xena White,The Forest of Dean: Lore of Water and Stone,"£6,260",11-Jun-25,June,Q1,South West,Forest of Dean,Combined arts,"£30,000 and below",
Tenderbooks,RESUBMISSION 5: Open Narratives,"£30,000",11-Jun-25,June,Q1,London,Westminster,Combined arts,"£30,000 and below",
Eyglo Asta Thorgeirsdottir,Building NETWORKS: Sharing Global Majority stories of collaborative care,"£29,996",11-Jun-25,June,Q1,London,Haringey,Theatre,"£30,000 and below",
Emily Motto,New views through Abstraction,"£4,785",11-Jun-25,June,Q1,London,Greenwich,Visual arts,"£30,000 and below",
Curious Arts Ltd,"National response to rising hostility towards LGBTQIA+ Cultural Activity - Including an action research approach to LGBTQIA+ family programmes, developing national best practice and Curious Festival 2026 planning (10 year Anniversary)","£99,500",11-Jun-25,June,Q1,North,Hartlepool,Combined arts,"Above £30,000",
Lucia Scazzocchio,Surge and Signal,"£26,851",11-Jun-25,June,Q1,South East,Hastings,Visual arts,"£30,000 and below",
Lisa Moro,Shop Keeper,"£10,000",11-Jun-25,June,Q1,South West,"Bournemouth, Christchurch and Poole",Visual arts,"£30,000 and below",
Emmanuel McDonald,Roots of Community with Dendê: Building Cultural Connections Through Carnival Arts,"£29,305",11-Jun-25,June,Q1,South East,Hastings,Combined arts,"£30,000 and below",
Kash Patel,2025 Diwali,"£30,000",11-Jun-25,June,Q1,North,Middlesbrough,Combined arts,"£30,000 and below",
Dogwood Productions CIC,Honestly (Resubmission),"£13,514",11-Jun-25,June,Q1,North,North Yorkshire,Theatre,"£30,000 and below",
Muncaster Visitor Management Limited,Expanding Muncaster As A Music Venue,"£39,600",11-Jun-25,June,Q1,North,Cumberland,Music,"Above £30,000",
Pyramid of Arts,Studio Pyramid,"£52,681",11-Jun-25,June,Q1,North,Leeds,Visual arts,"Above £30,000",
Jason Wilsher-Mills,Jason and the Underground Mining Adventures,"£144,593",11-Jun-25,June,Q1,Midlands,North Kesteven,Visual arts,"Above £30,000 - Over £100k application",
Elvi Piper,Bring It Back 2025 - Production,"£53,882",11-Jun-25,June,Q1,North,Leeds,Combined arts,"Above £30,000",
Derby City Council,Derby Feste 2025,"£47,000",11-Jun-25,June,Q1,Midlands,Derby,Combined arts,"Above £30,000",
Phoebe Hares,MadStillNess: Mad Hatter Tea Party Sober Cabaret,"£6,360",11-Jun-25,June,Q1,South West,"Bristol, City of",Combined arts,"£30,000 and below",
Komola Collective,Cultivating Komola: The ITCH R&D Phase,"£20,083",11-Jun-25,June,Q1,London,Redbridge,Theatre,"£30,000 and below",
Photography Oxford,Photo Oxford Festival 2025,"£29,798",11-Jun-25,June,Q1,South East,Oxford,Visual arts,"£30,000 and below",
Kauser Mukhtar,Bilingual show ‘Khooghi’ & Open Mic project in partnership with Bradford 2025 UK City of Culture,"£26,710",11-Jun-25,June,Q1,North,Bradford,Theatre,"£30,000 and below",
Sam Slatcher,The Railway Children 2025,"£10,697",11-Jun-25,June,Q1,North,County Durham,Music,"£30,000 and below",
Kebba Suso,The Gambian Griot Legacy,"£23,180",11-Jun-25,June,Q1,South East,Central Bedfordshire,Music,"£30,000 and below",
Music In Devon Initiative CIC,Exeter Street Arts Festival 25,"£29,500",11-Jun-25,June,Q1,South West,Exeter,Combined arts,"£30,000 and below",
Lancaster BID,Light Up Lancaster 2025,"£99,000",11-Jun-25,June,Q1,North,Lancaster,Combined arts,"Above £30,000",
Cricklewood Town Team,Long Road Music Festival,"£40,000",13-Jun-25,June,Q1,London,Brent,Music,"Above £30,000",Supporting Grassroots Music
Made It Happen Ltd,Jam Jar: The New School; diversifying & developing Bristol’s promoter ecology via a 360 accelerator programme,"£30,000",13-Jun-25,June,Q1,South West,"Bristol, City of",Music,"£30,000 and below",Supporting Grassroots Music
Krafthaus Arts CIC,Grassroots R10 relaunch,"£35,046",13-Jun-25,June,Q1,Midlands,Leicester,Music,"Above £30,000",Supporting Grassroots Music
videoclub,Dreamy Place: Capturing the Castle,"£42,580",13-Jun-25,June,Q1,South East,Adur,Digital Arts,"Above £30,000",
Vanessa Sinclair,The Development Journey,"£29,941",13-Jun-25,June,Q1,Midlands,Birmingham,Music,"£30,000 and below",Supporting Grassroots Music
The Amelia Scott,Unlocking our town's radical history - resubmission 2,"£79,703",13-Jun-25,June,Q1,South East,Tunbridge Wells,Museums,"Above £30,000",Unlocking Collections
Hockley Hustle,Hockley Hustle 2025: Multi-disciplinary Arts Festival and Community Engagement,"£99,897",13-Jun-25,June,Q1,Midlands,Rushcliffe,Combined arts,"Above £30,000",
Printers Playhouse,Music Engagement Project,"£30,000",13-Jun-25,June,Q1,South East,Eastbourne,Music,"£30,000 and below",Supporting Grassroots Music
Gareth Butterworth,Manchester Psych Fest Grassroots 2025,"£24,800",13-Jun-25,June,Q1,North,Trafford,Music,"£30,000 and below",Supporting Grassroots Music
Strings Bar & Venue,IW Grassroots Music Development,"£30,000",13-Jun-25,June,Q1,South West,Isle of Wight,Music,"£30,000 and below",Supporting Grassroots Music
Robyn Sellman,Krautpunk Tour 2025 V2,"£4,426",13-Jun-25,June,Q1,London,Lewisham,Music,"£30,000 and below",Supporting Grassroots Music
Oram Awards CIC,Oram Grassroots Tour,"£30,632",13-Jun-25,June,Q1,Midlands,Amber Valley,Music,"£30,000 and below",Supporting Grassroots Music
Loco Klub,Grove x Loco Klub Present: Diaspora,"£16,615",13-Jun-25,June,Q1,South West,"Bristol, City of",Music,"£30,000 and below",Supporting Grassroots Music
Beat Routes,Sound Waves,"£30,000",18-Jun-25,June,Q1,South East,Slough,Visual arts,"£30,000 and below",
zaiba jabbar,Hervisions,"£32,000",18-Jun-25,June,Q1,London,Haringey,Combined arts,"£30,000 and below",
Reflect Productions GY CIC,Matt- The Tour (Resubmission x4),"£29,382",18-Jun-25,June,Q1,South East,Great Yarmouth,Theatre,"£30,000 and below",
Olga Kaleta's Period Drama,Period Drama Development and Tour 2025/2026,"£33,872",18-Jun-25,June,Q1,South West,"Bristol, City of",Theatre,"£30,000 and below",
Olivia Wallis Jackson,(Resubmission 2) - Stasiland: Broadening the Creative Scope,"£8,812",18-Jun-25,June,Q1,South West,Test Valley,Dance,"£30,000 and below",
Jill Eastland,You Never Asked My Name,"£8,665",18-Jun-25,June,Q1,South East,Cambridge,Visual arts,"£30,000 and below",
John Chisham,2nd Resubmission: Petty Men,"£20,962",18-Jun-25,June,Q1,South East,Cambridge,Theatre,"£30,000 and below",
AFRICAN CULTURAL DEVELOPMENT (ACD ARTS),Pan-African CYP drum & dance programmes + collective & professional performances in PP areas during Black History Month,"£29,900",18-Jun-25,June,Q1,London,Hackney,Music,"£30,000 and below",
Croydonites Festival of New Theatre,Croydonites Festival 2025,"£30,000",18-Jun-25,June,Q1,London,Croydon,Theatre,"£30,000 and below",
Omnibus,DRUM UK Tour 2025 (2),"£14,721",18-Jun-25,June,Q1,London,Lambeth,Combined arts,"£30,000 and below",
York Dance Space,"Everybody Dance Festival (Immerse, Engage and Inspire)","£32,850",18-Jun-25,June,Q1,North,York,Dance,"£30,000 and below",
Hannah Goudie-Hunter,Bearly There,"£22,900",18-Jun-25,June,Q1,North,County Durham,Theatre,"£30,000 and below",
Open City,Open House Festival 2025: Emerging Curators [RESUBMISSION],"£9,300",18-Jun-25,June,Q1,London,Greenwich,Visual arts,"£30,000 and below",
Free Range,Free Range Autumn 2025,"£30,000",18-Jun-25,June,Q1,South East,Canterbury,Music,"£30,000 and below",
Cottingley Community Centre,Cottingley Summer Bash,"£3,000",18-Jun-25,June,Q1,North,Bradford,Combined arts,"£30,000 and below",
Dominic Ogden,Hard Copy Studios: Visual For Loud People,"£4,650",18-Jun-25,June,Q1,North,Cheshire West and Chester,Visual arts,"£30,000 and below",
OAK Initiative UK CIC,Bradford African Festival of Arts (BAFA),"£29,994",18-Jun-25,June,Q1,North,Bradford,Combined arts,"£30,000 and below",
Montez Press,MONTEZ PRESS: JAWFILLER X THE HERMAPHRODITE READER,"£20,470",18-Jun-25,June,Q1,London,Kensington and Chelsea,Literature,"£30,000 and below",
The Social Society,Inclusive Arts Festival - Resubmission,"£25,215",18-Jun-25,June,Q1,South East,Brighton and Hove,Combined arts,"£30,000 and below",
Uturnships CIC,Afro Food Festival 2025 NEW,"£27,167",18-Jun-25,June,Q1,South East,Thurrock,Combined arts,"£30,000 and below",
Hope On Prescription CIC,Writing for Wellbeing,"£22,289",18-Jun-25,June,Q1,South East,Dartford,Literature,"£30,000 and below",
SILT,Colour and Light Youth Programme,"£8,749",18-Jun-25,June,Q1,South West,Wiltshire,Visual arts,"£30,000 and below",
Reena Dennhardt,The Undying,"£25,000",18-Jun-25,June,Q1,South East,King's Lynn and West Norfolk,Theatre,"£30,000 and below",
Knowsley Borough Council,Knowsley Place Partnership Bid,"£650,000",18-Jun-25,June,Q1,North,Knowsley,Not discipline specific,"Above £30,000 - Place Partnership project",
Catherine Traveller,Catherine Traveller,"£16,845",18-Jun-25,June,Q1,North,Kirklees,Theatre,"£30,000 and below",
Lougborough Community Centre (Max Roach),Windrush Children's Festival,"£25,600",18-Jun-25,June,Q1,London,Lambeth,Combined arts,"£30,000 and below",
Geoffrey Chambers,Chorus,"£26,750",18-Jun-25,June,Q1,South East,Thanet,Combined arts,"£30,000 and below",
Imaginarium Creations CIC,Imaginarium Children’s Book Festival,"£13,815",19-Jun-25,June,Q1,Midlands,Blaby,Literature,"£30,000 and below",
Worcestershire Acute Hospitals Charity,WELCOME,"£29,980",19-Jun-25,June,Q1,Midlands,Worcester,Visual arts,"£30,000 and below",
Libraries & Communities - Staffordshire County Council,Staffordshire Libraries Young Writers & Readers Programme 2025 - 27,"£29,751",19-Jun-25,June,Q1,Midlands,Stafford,Libraries,"£30,000 and below",Universal Library Offers
Lucie Labadie,Back to the Bone - Community Festival - Resubmission,"£29,949",19-Jun-25,June,Q1,Midlands,Stoke-on-Trent,Combined arts,"£30,000 and below",
Coventry City Council,Cov ConneX Kingston - Youth Stage,"£29,501",19-Jun-25,June,Q1,Midlands,Coventry,Music,"£30,000 and below",
alison penn,Move in your own way,"£30,769",24-Jun-25,June,Q1,Midlands,Solihull,Dance,"£30,000 and below",
In Focus Education & Development,Develop Skills Learn and Reflect (DSLR): work place transferable skills  through photography and creative interventions Phase 2,"£99,504",24-Jun-25,June,Q1,South West,Southampton,Combined arts,"Above £30,000",
Spalding Gentlemens Society,SGS Discovered,"£27,700",24-Jun-25,June,Q1,Midlands,South Holland,Museums,"£30,000 and below",Unlocking Collections
Warrior Collective CIC,"Behind the lens, beyond the sport RESUBMISSION","£29,895",24-Jun-25,June,Q1,Midlands,Swansea,Visual arts,"£30,000 and below",
Neelum Aftab,Mystic Art Workshops,"£15,882",24-Jun-25,June,Q1,Midlands,Nottingham,Combined arts,"£30,000 and below",
Jessica Hicks,Front Room Xmas Project 2025,"£20,678",24-Jun-25,June,Q1,South West,North Somerset,Theatre,"£30,000 and below",
Naomi Elizabeth Alvarado,My Uncle is Not Pablo Escobar Remount 2025,"£69,164",24-Jun-25,June,Q1,London,Lambeth,Theatre,"Above £30,000",
Jeanette Bird-Bradley,RESUBMISSION: Focus Groups And Artistic Development Of New Ghost Story Show About MS,"£32,941",24-Jun-25,June,Q1,Midlands,Nottingham,Theatre,"£30,000 and below",
Reaction Theatre Makers,FEAST 25,"£30,000",24-Jun-25,June,Q1,Midlands,Malvern Hills,Theatre,"£30,000 and below",
Mangrove Carnival Arts,Mangrove Programme 2025,"£61,346",24-Jun-25,June,Q1,London,Kensington and Chelsea,Combined arts,"Above £30,000",
Buzzcut Productions,Bark Bark,"£9,831",24-Jun-25,June,Q1,South West,Dorset,Theatre,"£30,000 and below",
Elisabeth Ho,Prayers for a Hungry Ghost - Premiere of new ESEA Ensemble Piece,"£38,182",24-Jun-25,June,Q1,London,Newham,Theatre,"Above £30,000",
Coda Music and Arts Trust,Nurturing Creativity,"£45,650",24-Jun-25,June,Q1,South West,"Bournemouth, Christchurch and Poole",Combined arts,"Above £30,000",
New Elements,Magic Swindon,£0,24-Jun-25,June,Q1,South West,Swindon,Combined arts,"Above £30,000 - Place Partnership project",
Sound Communities,Young Leaders,"£78,300",24-Jun-25,June,Q1,South West,Torbay,Not discipline specific,"Above £30,000",
Sahla Trew,Worlds at War,"£15,000",25-Jun-25,June,Q1,London,Croydon,Combined arts,"£30,000 and below",
Simon Porter,Bugs Production Premiere & Tour,"£70,698",25-Jun-25,June,Q1,South East,Windsor and Maidenhead,Literature,"Above £30,000",
Mulgrave Mixed Media,x,"£11,500",25-Jun-25,June,Q1,North,Gateshead,Literature,"£30,000 and below",
Earthlings CIC,Little Artlings Explorers,"£53,665",25-Jun-25,June,Q1,South East,Dover,Combined arts,"Above £30,000",
Funnelwick Limb CIC,Twelve Yuletide Yarns - a joyous festival show for 1500+ young people in low engagement areas,"£52,000",25-Jun-25,June,Q1,South East,Tendring,Literature,"Above £30,000",
Martha Pailing,"Chat Sh*t, Get Hit - Submission 2","£20,803",25-Jun-25,June,Q1,North,Wyre,Theatre,"£30,000 and below",
Nicholas McKerrow,Just Nick; A Disability-Led Arts Project (resubmission),"£26,900",25-Jun-25,June,Q1,London,Wandsworth,Dance,"£30,000 and below",
Kavitha Balasingham,Love Island: new collaborative approaches to exhibition making in Sri Lankan diaspora communities,"£8,538",25-Jun-25,June,Q1,London,Tower Hamlets,Visual arts,"£30,000 and below",
Murmuration Arts Production CIC,Illustrated Lullaby - Crawley,"£27,293",25-Jun-25,June,Q1,South East,Brighton and Hove,Combined arts,"£30,000 and below",
East London Music Group,Guilty and Proud,"£16,705",25-Jun-25,June,Q1,London,Redbridge,Music,"£30,000 and below",
Soothsayers,Soothsayers - Fly Higher,"£25,063",25-Jun-25,June,Q1,London,Lambeth,Music,"£30,000 and below",
MADE IN FOLKESTONE LIMITED t/a SD PROJECTS,Intersections 2.0,"£29,500",25-Jun-25,June,Q1,South East,Folkestone and Hythe,Combined arts,"£30,000 and below",
Hocus Pocus Theatre CIC,Big Dream (Re-submission),"£30,000",25-Jun-25,June,Q1,South East,Great Yarmouth,Theatre,"£30,000 and below",
Charles Linehan,OUTSIDER ARTISTS IN DANCE,"£21,800",25-Jun-25,June,Q1,South East,Brighton and Hove,Dance,"£30,000 and below",
Agustina Ramos Ekongo,Creative British Black History Month 25 - Library Archives,"£10,000",25-Jun-25,June,Q1,North,Warrington,Visual arts,"£30,000 and below",
Katie Mooney,You're Not In The West End Now,"£12,613",25-Jun-25,June,Q1,South East,Thanet,Theatre,"£30,000 and below",
Evie Longstaff,Entropy,"£6,267",25-Jun-25,June,Q1,South East,Brighton and Hove,Dance,"£30,000 and below",
East End Development Trust,CULTIVATE - nurturing the East End Arts Action Group,"£27,560",25-Jun-25,June,Q1,South West,Plymouth,Not discipline specific,"£30,000 and below",
Polite Rebellion,2nd Resubmission: Iconic Fatigue,"£49,234",26-Jun-25,June,Q1,North,Leeds,Visual arts,"Above £30,000",
509ArtsLtd,Life Class Bradford 2025,"£45,000",26-Jun-25,June,Q1,North,Bradford,Theatre,"Above £30,000",
Preston City Mela,Mela 2025 Showcasing Cultural Diversity,"£49,753",26-Jun-25,June,Q1,North,Preston,Combined arts,"Above £30,000",
Liam O'Shea,No Bounds Festival 2025: Grit and Graft,"£58,975",26-Jun-25,June,Q1,North,Sheffield,Combined arts,"Above £30,000",
St Helens Council Library Service,Liverpool City Region Libraries Shared Reading Project,"£86,737",26-Jun-25,June,Q1,North,St. Helens,Libraries,"Above £30,000",Universal Library Offers
The Cooke E-Learning Foundation (trading as E2),Beats to Performance: Powering Up Grassroots Talent,"£35,000",26-Jun-25,June,Q1,Midlands,Leicester,Music,"Above £30,000",
Buxworth Primary School,Teaching for Creativity,"£93,837",26-Jun-25,June,Q1,Midlands,High Peak,Visual arts,"Above £30,000",
Wonder Arts Limited,Wonder Arts In Towns,"£60,000",26-Jun-25,June,Q1,North,St. Helens,Theatre,"Above £30,000",
Mahogany Opera Group,Snappy Opera Festival 2026,"£59,720",26-Jun-25,June,Q1,North,Cumberland,Music,"Above £30,000",
Creative Start CIC,Making A Comeback,"£40,949",26-Jun-25,June,Q1,North,North East Lincolnshire,Visual arts,"Above £30,000",
LCC Lancashire Textile Industry Collection,Cottoning On - Storage solutions for Lancashire Textile Industry Collection,"£72,000",26-Jun-25,June,Q1,North,Preston,Museums,"Above £30,000",Unlocking Collections
Colour The Clouds,Theatre supporting Autistic Young People - further development,"£63,720",26-Jun-25,June,Q1,North,Blackburn with Darwen,Theatre,"Above £30,000",
Tees Valley Combined Authority,Sonic Futures,"£150,000",26-Jun-25,June,Q1,North,Darlington,Music,"Above £30,000 - Over £100k application",
Lichfield Garrick Theatre,Creative Burntwood - Place Partnerships Fund,"£298,176",27-Jun-25,June,Q1,Midlands,Lichfield,Combined arts,"Above £30,000 - Place Partnership project",
Tees Valley Combined Authority,The Engine Room,"£1,300,000",01-Jul-25,July,Q2,North,Darlington,Not discipline specific,"Above £30,000 - Place Partnership project",
Paracarnival,Paracarnival 2025,"£24,080",01-Jul-25,July,Q2,London,Tower Hamlets,Combined arts,"£30,000 and below",
Metronomes Steel Orchestra,Metronomes Carnival Programme 2025,"£27,539",01-Jul-25,July,Q2,London,Kensington and Chelsea,Combined arts,"£30,000 and below",
Dima Karout,Conflicted Landscapes,"£29,900",01-Jul-25,July,Q2,London,Southwark,Combined arts,"£30,000 and below",
Jacob Krefeld,R&D for Penguin Snare,"£9,997",01-Jul-25,July,Q2,London,Camden,Theatre,"£30,000 and below",
Creativism C.I.C.,Portobello Stories,"£21,683",02-Jul-25,July,Q2,London,Kensington and Chelsea,Visual arts,"£30,000 and below",
Mathilda Parker-Craig,DOOMSCROLL TILL I DIE,"£21,724",02-Jul-25,July,Q2,London,Kingston upon Thames,Theatre,"£30,000 and below",
Pakistan Week,Pakistan week 25,"£30,000",02-Jul-25,July,Q2,Midlands,Birmingham,Combined arts,"£30,000 and below",
Read Now Write Now,The Write Time Creative Writing Project for Adults in Wigan,"£18,764",02-Jul-25,July,Q2,North,Wirral,Literature,"£30,000 and below",Universal Library Offers
WELLSPRING MUSIC CIC,Six Twenty Five Two,"£16,155",02-Jul-25,July,Q2,Midlands,Nottingham,Music,"£30,000 and below",
Melissa Davies,Heaf,"£16,038",02-Jul-25,July,Q2,North,Westmorland and Furness,Literature,"£30,000 and below",
Joanne Rush,Imagining Lost Histories,"£7,398",02-Jul-25,July,Q2,South West,Croydon,Visual arts,"£30,000 and below",
Electric Medway CIC,Festival 25: Aurora featuring Forest Keep,"£30,000",02-Jul-25,July,Q2,South East,Medway,Digital Arts,"£30,000 and below",
Phoenix Singers Leek,Stoke-on-Trent Centenary: Celebrating ‘The Queen's Shoulders’,"£9,687",02-Jul-25,July,Q2,Midlands,Staffordshire Moorlands,Music,"£30,000 and below",
Taunton Theatre Association Ltd,The Nutcracker 2025,"£27,708",02-Jul-25,July,Q2,South West,Somerset,Theatre,"£30,000 and below",
BÉZNĂ Theatre,"The First Year R&D: co-creation with academics, communities and artists","£33,183",02-Jul-25,July,Q2,Midlands,West Lindsey,Theatre,"£30,000 and below",
Flagz Mas Band,Legacy Reloaded,"£29,175",02-Jul-25,July,Q2,Midlands,Wolverhampton,Combined arts,"£30,000 and below",
Hilary Lloyd,Hilary Lloyd | Dennis Potter,"£14,000",02-Jul-25,July,Q2,London,Tower Hamlets,Visual arts,"£30,000 and below",
Young Creatives Nottingham,Building a Young Creatives Network in Nottingham,"£22,150",02-Jul-25,July,Q2,Midlands,Nottingham,Combined arts,"£30,000 and below",
CMC.CIC,"Cleaner Shores, Brighter Futures","£5,000",02-Jul-25,July,Q2,North,Lancaster,Visual arts,"£30,000 and below",
Jennifer Irons,Bad Immigrant Development and Tour,"£35,509",02-Jul-25,July,Q2,South East,Worthing,Dance,"£30,000 and below",
Jazz Promotion Network,JPN Grassroots Jazz Promoter Development Project,"£39,877",02-Jul-25,July,Q2,South West,"Bristol, City of",Music,"Above £30,000",Supporting Grassroots Music
Soundcastle,Growing People's Music,"£32,100",02-Jul-25,July,Q2,South East,Hastings,Music,"£30,000 and below",
Ally Ashworth,I Am Born,"£14,484",02-Jul-25,July,Q2,South West,Portsmouth,Visual arts,"£30,000 and below",
Bar Groisman,COILED UP Final Creation & Preview Tour - Resubmission,"£29,849",02-Jul-25,July,Q2,South East,Cambridge,Dance,"£30,000 and below",
Abi Bash,TWO CHAIRS PROJECT: Workshops with amputees resulting in exhibitions at Nottingham Mobility Centre (City Hospital) and Surface Gallery,"£8,810",02-Jul-25,July,Q2,Midlands,Nottingham,Visual arts,"£30,000 and below",
Art Voyage Biennial CIC,"Echoes of Migration: a public art & storytelling project, embedding migrant creativity into Lewisham’s everyday landscape","£29,970",02-Jul-25,July,Q2,London,Lewisham,Visual arts,"£30,000 and below",
Off Licence Magazine,Offie Mag UK Tour (Clubnights + Community Radio),"£14,000",02-Jul-25,July,Q2,South East,Brighton and Hove,Music,"£30,000 and below",Supporting Grassroots Music
Alice corrigan,90 + 5 Phase 2,"£33,254",02-Jul-25,July,Q2,North,Wigan,Theatre,"£30,000 and below",
Innit for Young People,Innit Studio Theatre,"£30,000",02-Jul-25,July,Q2,North,Salford,Theatre,"£30,000 and below",
The Cheltenham Trust,We Are Creators,"£27,238",02-Jul-25,July,Q2,South West,Cheltenham,Visual arts,"£30,000 and below",
Soumik Datta Arts,Slow tour to India and SE Asia 2025/6,"£98,500",03-Jul-25,July,Q2,South West,Stroud,Music,"Above £30,000 - Over £30k Touring project",
A&E Comedy Limited,Enter the Dragons 2025,"£42,166",03-Jul-25,July,Q2,South East,Brighton and Hove,Theatre,"Above £30,000 - Over £30k Touring project",
Sandy Hill Arts,SHA Grassroots Music,"£29,415",03-Jul-25,July,Q2,South West,Dorset,Music,"£30,000 and below",Supporting Grassroots Music
Sholto Biscoe-Taylor,QueerScore,"£21,742",03-Jul-25,July,Q2,London,Tower Hamlets,Music,"£30,000 and below",Supporting Grassroots Music
Invisible Flock Co,Microtonal Tour,"£54,802",03-Jul-25,July,Q2,North,Barnsley,Music,"Above £30,000 - Over £30k Touring project",
Mixtape Madness Ltd,Mixtape Madness Live,"£24,100",03-Jul-25,July,Q2,London,Enfield,Music,"£30,000 and below",Supporting Grassroots Music
Marsm,UK-wide Arab music tour 2026,"£85,852",03-Jul-25,July,Q2,London,Islington,Music,"Above £30,000 - Over £30k Touring project",
The Mehfil Space CIC,The Mehfil Space Project,"£27,930",03-Jul-25,July,Q2,South East,Brighton and Hove,Music,"£30,000 and below",Supporting Grassroots Music
Soup Kitchen,SOUP 15th Birthday,"£17,170",03-Jul-25,July,Q2,North,Manchester,Music,"£30,000 and below",Supporting Grassroots Music
The Beerhouse,Dewsbury: Live Music Community 25/26,"£7,350",03-Jul-25,July,Q2,North,Kirklees,Music,"£30,000 and below",Supporting Grassroots Music
Oldridge & Hobbs Ltd,THE UK BEATBOX CHAMPIONSHIPS 20th ANNIVERSARY FESTIVAL OF VOCAL ARTS,"£20,014",03-Jul-25,July,Q2,South West,Gloucester,Music,"£30,000 and below",Supporting Grassroots Music
Music Venue Trust,Grassroots Independent Music Networking Day (GIMND),"£27,443",03-Jul-25,July,Q2,London,Hackney,Music,"£30,000 and below",Supporting Grassroots Music
The Hustle,Future Hustlers: Nottingham Artist Development Programme,"£29,650",03-Jul-25,July,Q2,Midlands,Rushcliffe,Music,"£30,000 and below",Supporting Grassroots Music
High Tide Twickenham CIC,High Tide Festival - Emerging Artists and Management 2025,"£22,932",03-Jul-25,July,Q2,London,Richmond upon Thames,Music,"£30,000 and below",Supporting Grassroots Music
Katie Guicciardi,FOX,"£21,819",08-Jul-25,July,Q2,London,Enfield,Theatre,"£30,000 and below",
Amici Dance Theatre Company,Our Time 2025 - Amici Dance Theatre Company,"£23,000",08-Jul-25,July,Q2,London,Hammersmith and Fulham,Dance,"£30,000 and below",
Bounce Theatre,Snowed In,"£30,000",08-Jul-25,July,Q2,London,Wandsworth,Combined arts,"£30,000 and below",
Carrie Harrison,Memory of Joy,"£9,941",08-Jul-25,July,Q2,London,Camden,Visual arts,"£30,000 and below",
Belen Yanez,Welcome Tour,"£27,709",09-Jul-25,July,Q2,South East,Oxford,Visual arts,"£30,000 and below",
Mangled Yarn,A Community Christmas Carol 2025,"£9,994",09-Jul-25,July,Q2,South East,Shropshire,Theatre,"£30,000 and below",
Black Creative Trailblazers CIC,Black Creative Trailblazers 2025,"£28,943",09-Jul-25,July,Q2,North,Manchester,Combined arts,"£30,000 and below",
Dickson Mbi Company,Tellus - Final Creation & Initial Tour,"£78,525",09-Jul-25,July,Q2,London,Barking and Dagenham,Dance,"Above £30,000",
Hugh Malyon,R&Ding & Rethinking Residency (R&R) with Community,"£38,901",09-Jul-25,July,Q2,South West,Torbay,Combined arts,"£30,000 and below",
Joshua Lewis,"Lose the Path, Find Your Way Theatres, Libraries and Schools Tour in the Midlands, South-East and Hampshire Resubmission","£29,250",09-Jul-25,July,Q2,South East,Central Bedfordshire,Theatre,"£30,000 and below",
Lucy Mager,Neurodivergent Arts Collective,"£28,733",09-Jul-25,July,Q2,North,North East Lincolnshire,Visual arts,"£30,000 and below",
Amy Townsend-Lowcock,"Enter, TRAGIC MULATTA","£20,008",09-Jul-25,July,Q2,North,Manchester,Visual arts,"£30,000 and below",
CHUKWUBUIKEM DANIELS NDUBUISI,TRASH TO ART,"£4,000",09-Jul-25,July,Q2,Midlands,Leicester,Visual arts,"£30,000 and below",
Nonsuch Theatre,OUTLAWED: Building a Touring Model for Nonsuch Studios,"£30,000",09-Jul-25,July,Q2,Midlands,Nottingham,Theatre,"£30,000 and below",
Eric Longa Ltd,Cabrolé!,"£31,413",09-Jul-25,July,Q2,London,Islington,Theatre,"£30,000 and below",
Hamza Ali,Bottled,"£22,187",09-Jul-25,July,Q2,Midlands,Charnwood,Theatre,"£30,000 and below",
Louise Orwin,BOYSBOYSBOYS -  R&D,"£21,402",09-Jul-25,July,Q2,South East,Wealden,Theatre,"£30,000 and below",
Intercultured Festival CIC,Intercultured Festival 2025 - Take 2,"£30,000",09-Jul-25,July,Q2,North,Bradford,Combined arts,"£30,000 and below",
The Boom Dang Foundation,Upskill Upbeat Barrow 2,"£25,474",09-Jul-25,July,Q2,North,Westmorland and Furness,Music,"£30,000 and below",
Hannah Berry,UK Comics Creator Survey 2025,"£30,278",09-Jul-25,July,Q2,South East,Brighton and Hove,Literature,"£30,000 and below",
Avital Rosenberg,Hit Fix Cabaret R&D,"£23,561",09-Jul-25,July,Q2,North,Sheffield,Theatre,"£30,000 and below",
KD Culture,"‘Dancin’ on Extreme!’: Keneish Dance delivers entry-level CYP workshops, early-career CPD, & public sharings in atypical venues during Black History Month","£29,122",09-Jul-25,July,Q2,Midlands,Birmingham,Dance,"£30,000 and below",
The-Big-Reveal,Intergalactic Emergency,"£26,000",09-Jul-25,July,Q2,South East,Dover,Combined arts,"£30,000 and below",
LW Arts CIC,WHOOSH! - an Interactive Creative Performance Project for young children & families living with SEND,"£29,680",09-Jul-25,July,Q2,Midlands,Rushcliffe,Theatre,"£30,000 and below",
Olufemi Iloyi,Slough Mental Health 2.0,"£19,421",09-Jul-25,July,Q2,South East,Slough,Literature,"£30,000 and below",
Tapestry of Black Britons CIC,Tapestry of Black Britons,"£30,000",09-Jul-25,July,Q2,London,Bromley,Visual arts,"£30,000 and below",
Richie Bow-Grace,Rich Tea Biscuits R & D,"£21,000",09-Jul-25,July,Q2,North,Newcastle upon Tyne,Theatre,"£30,000 and below",
Rebecca Skinner,The New Mrs Davidson,"£13,621",09-Jul-25,July,Q2,North,Cumberland,Museums,"£30,000 and below",Unlocking Collections
Squidsoup Ltd,Squidsoup Gloucester,"£18,131",09-Jul-25,July,Q2,South West,Cheltenham,Visual arts,"£30,000 and below",
Wizard Theatre Ltd,Power of Creativity - Schools Workshops in Brent,"£29,901",09-Jul-25,July,Q2,South East,Vale of White Horse,Theatre,"£30,000 and below",
Christopher Reyes,MAHARLIKA UK - THE 4TH WAVE : DEVELOPING A DIGITAL PLATFORM & ITS CREATIVE PROGRAMME TO BRING WIDER CREATIVE ACTIVITIES & CULTURAL ENGAGEMENT TO UK-FILIPINO COMMUNITIES.,"£63,027",09-Jul-25,July,Q2,London,Newham,Combined arts,"Above £30,000",
GILLIAN ALLARD,Touchstone,"£14,120",09-Jul-25,July,Q2,South East,Mid Suffolk,Visual arts,"£30,000 and below",
Bradford Opera Festival,Bradford Opera Festival 2025,"£29,902",09-Jul-25,July,Q2,North,Bradford,Music,"£30,000 and below",
Lexden Primary School with hearing impaired unit,Essex Vibrations,"£29,334",09-Jul-25,July,Q2,South East,Colchester,Music,"£30,000 and below",
PROFORMA ARTS LTD,Compass Residencies,"£27,515",09-Jul-25,July,Q2,North,North Norfolk,Visual arts,"£30,000 and below",
Lily Green,Planet Laboratory,"£21,900",09-Jul-25,July,Q2,South East,East Suffolk,Combined arts,"£30,000 and below",
Tower Hamlets Schools Library Services,Tower Hamlets Poetry Slam and Writing Competition 2026,"£45,808",09-Jul-25,July,Q2,London,Tower Hamlets,Literature,"Above £30,000",
In My Shoes Theatre Group,Resubmission - ‘Welcome Home’ by In My Shoes Theatre Company,"£14,962",09-Jul-25,July,Q2,North,Oldham,Theatre,"£30,000 and below",
Paul Baker,"Two CITIES - WORKSHOPS, R&D, SHARINGS AND FILMING - RESUBMISSION 10","£19,306",09-Jul-25,July,Q2,London,Southwark,Theatre,"£30,000 and below",
Elimu Carnival Club,KAVENGE KOUTURE 25: A GREEN MAS,"£30,000",09-Jul-25,July,Q2,London,Westminster,Combined arts,"£30,000 and below",
Arts for Recovery in the Community,Horizons: developing an inclusive arts and mental health practice,"£53,290",10-Jul-25,July,Q2,North,Stockport,Visual arts,"Above £30,000",
The Herd Theatre,"RESUBMISSION // NURTURING, CELEBRATING & INTERROGATING EARLY CHILDHOOD: Innovative co-created local offer for toddlers & babies, high profile national tour of baby show & ambitious baby brain research.","£70,605",10-Jul-25,July,Q2,North,"Kingston upon Hull, City of",Theatre,"Above £30,000",
Karma Dance (Mental Health & Trauma) CIC,Resubmission Diminished 2,"£38,895",10-Jul-25,July,Q2,North,Leeds,Dance,"Above £30,000",
will hughes,Sawdust Pilot Project,"£38,794",10-Jul-25,July,Q2,North,Stockton-on-Tees,Visual arts,"Above £30,000",
Fozia Ismail,House of Weaving Songs 01,"£59,603",10-Jul-25,July,Q2,South West,"Bristol, City of",Combined arts,"Above £30,000",
Grace Denton,Making Time - a community for neurodivergent creative development,"£34,763",10-Jul-25,July,Q2,North,Gateshead,Visual arts,"Above £30,000",
Underground Lights,Ignite,"£49,862",10-Jul-25,July,Q2,Midlands,Coventry,Theatre,"Above £30,000",
Malandra Jacks,Census redevelopment and local community performances,"£33,079",10-Jul-25,July,Q2,North,Oldham,Theatre,"Above £30,000",
Dingy Butterflies CIC,Weaving for Wellbeing,"£40,300",10-Jul-25,July,Q2,North,Gateshead,Combined arts,"Above £30,000",
BrightSparks,Growing BrightSparks Arts in Mental Health CIO,"£102,300",10-Jul-25,July,Q2,Midlands,Leicester,Not discipline specific,"Above £30,000",
John Rwothomach,"Away From Home (Kubulaya) Phase Two, Test and Development","£43,725",10-Jul-25,July,Q2,North,Sheffield,Theatre,"Above £30,000",
Leigh Building Preservation Trust,Creative Spaces,"£70,000",10-Jul-25,July,Q2,North,Wigan,Visual arts,"Above £30,000",
Diverse Artists network,"Organisational Development: Retaining the Artist & Expanding Opportunities s for Underrepresented Artists in the South West.""","£52,519",10-Jul-25,July,Q2,South West,"Bristol, City of",Combined arts,"Above £30,000",
1DegreeEast,South East Producer Hubs - resubmission,"£66,874",11-Jul-25,July,Q2,South East,East Suffolk,Theatre,"Above £30,000",
Folkestone Fringe,Hands of Clay and Flint,"£49,650",11-Jul-25,July,Q2,South East,Folkestone and Hythe,Visual arts,"Above £30,000",
Avalon Rathgeb,London Tap Dance Festival 2025,"£11,976",15-Jul-25,July,Q2,London,Southwark,Dance,"£30,000 and below",
THE DOT COLLECTIVE,Footprints in the Sand,"£21,290",15-Jul-25,July,Q2,London,Southwark,Theatre,"£30,000 and below",
Thomas Moors,Laryngectomy Vocal Tract organ,"£14,448",15-Jul-25,July,Q2,London,Kensington and Chelsea,Music,"£30,000 and below",
Thomas John Price,Lightbulbs,"£10,958",15-Jul-25,July,Q2,London,Lewisham,Theatre,"£30,000 and below",
Michael Bontatibus,Ritual (Resubmission),"£19,980",15-Jul-25,July,Q2,London,Hackney,Theatre,"£30,000 and below",
East Bridge Chorale,Verdi Requiem Major Concert,"£5,585",16-Jul-25,July,Q2,South East,Dover,Music,"£30,000 and below",
Andrew Walker,Wrapped In Cold Hard Comfort,"£33,193",16-Jul-25,July,Q2,North,Leeds,Visual arts,"£30,000 and below",
Fertile Ground Dance Ltd,Fertile Ground Festival,"£13,574",16-Jul-25,July,Q2,North,Newcastle upon Tyne,Dance,"£30,000 and below",
Edie Bailey,As the Crows Fly,"£5,666",16-Jul-25,July,Q2,London,Southwark,Music,"£30,000 and below",
Spark the Noise (formerly Girls Rock London),Summer Youth Camp,"£15,000",16-Jul-25,July,Q2,London,Haringey,Music,"£30,000 and below",
All In Productions,My First Panto RAP-unzel,"£34,557",16-Jul-25,July,Q2,South East,Norwich,Theatre,"£30,000 and below",
Daniel Mason-Kyle,Scratch Cafe and Huw Wackman Presents Unstoppable DJ Battle & Community Event,"£14,567",16-Jul-25,July,Q2,South West,"Bristol, City of",Music,"£30,000 and below",
Kayleigh Price,Resubmission - Women are Neurodiverse Too,"£19,237",16-Jul-25,July,Q2,North,Salford,Dance,"£30,000 and below",
Peoplescape Theatre,Using theatre and workshop to engage in reading and creative writing,"£29,978",16-Jul-25,July,Q2,North,Manchester,Combined arts,"£30,000 and below",Universal Library Offers
Menagerie,Albatross Tour - 2026,"£29,576",16-Jul-25,July,Q2,South East,Cambridge,Theatre,"£30,000 and below",
Alastair Michael,Jurassic R&D 2025,"£24,708",16-Jul-25,July,Q2,North,Manchester,Theatre,"£30,000 and below",
AYA NAKAMURA,Akutagawa,"£16,495",16-Jul-25,July,Q2,London,Lewisham,Theatre,"£30,000 and below",
Drew Demetry,Mother Tongue: An Interdisciplinary Festival and Cultural Programme of Diasporic Queer SWANA Expression,"£36,752",16-Jul-25,July,Q2,London,Waltham Forest,Combined arts,"£30,000 and below",
Libita Clayton,Lizards Mirror,"£27,150",16-Jul-25,July,Q2,South West,Cornwall,Visual arts,"£30,000 and below",
Pui Ka Cheng,DRIFT - Resubmission,"£29,850",16-Jul-25,July,Q2,North,Warrington,Theatre,"£30,000 and below",
Georgia Arben,Many Windows Resubmission,"£11,426",16-Jul-25,July,Q2,South East,Worthing,Visual arts,"£30,000 and below",
Declan Wiffen,The Undesirables: writing the self through place for Swale's LGBTQ+ community,"£7,719",16-Jul-25,July,Q2,South East,Swale,Literature,"£30,000 and below",
Susan Betts,A New Perspective,"£29,081",16-Jul-25,July,Q2,North,Northumberland,Theatre,"£30,000 and below",
ARTS TRUST Productions,St Osyth Summer Sounds 25,"£30,000",16-Jul-25,July,Q2,South East,Tendring,Combined arts,"£30,000 and below",
Hannah Horton,It's Okay version 2,"£25,140",16-Jul-25,July,Q2,South East,South Cambridgeshire,Music,"£30,000 and below",
Madeleine Carrie Levy,Alternative Accessibility,"£32,479",17-Jul-25,July,Q2,Midlands,Derby,Theatre,"£30,000 and below",
Bexstar,The 90s Project,"£35,225",17-Jul-25,July,Q2,Midlands,Derby,Theatre,"£30,000 and below",
Yuki Hasegawa,Ayana's Mural,"£14,050",17-Jul-25,July,Q2,Midlands,Leicester,Visual arts,"£30,000 and below",
Bella Milroy,Languages of Intimacy,"£54,706",17-Jul-25,July,Q2,Midlands,Chesterfield,Visual arts,"£30,000 and below",
Katie Arnstein,"3rd SUBMISSION: R&D of DIRGE, a folk musical exploring how to talk about dying","£29,364",17-Jul-25,July,Q2,Midlands,Lichfield,Theatre,"£30,000 and below",
Sam Johnson,Forthwrite Women's Literature Festival Crawley and Brighton,"£18,200",22-Jul-25,July,Q2,South East,Brighton and Hove,Literature,"£30,000 and below",
Auction House,Auction House - developing a sustainable artist-led gallery in Redruth (resubmission),"£26,484",22-Jul-25,July,Q2,South West,Cornwall,Visual arts,"£30,000 and below",
Harbour House,Addressing social isolation in Kingsbridge: Inclusive Art and Dance Practices,"£25,384",22-Jul-25,July,Q2,South West,South Hams,Combined arts,"£30,000 and below",
Third Version Creative Ltd,Fields of Tender: Presenting world class inclusive early years dance,"£31,451",22-Jul-25,July,Q2,South West,"Bournemouth, Christchurch and Poole",Dance,"£30,000 and below",
Rame Conservation Trust,Elevation Film festival,"£3,200",22-Jul-25,July,Q2,South West,Cornwall,Visual arts,"£30,000 and below",
ArtfulScribe C.I.C.,Writing the Solent,"£88,654",23-Jul-25,July,Q2,South West,Southampton,Literature,"Above £30,000",
New Media Art Club,COMPUTALA Digital Arts Festival 2026,"£39,983",23-Jul-25,July,Q2,Midlands,Leicester,Digital Arts,"Above £30,000",
Katie Dale-Everett,"Moving Together: Using dance and digital tools to nurture wellbeing, connection and creativity in paediatric wards, care homes and community spaces. ","£38,500",23-Jul-25,July,Q2,South East,Eastbourne,Dance,"Above £30,000",
Theatre Alibi,25/26 season,"£87,000",23-Jul-25,July,Q2,South West,Exeter,Theatre,"Above £30,000",
Sabrang International Ltd,Sabrang International: boosting Sloughs access to art,"£30,000",23-Jul-25,July,Q2,South East,Slough,Combined arts,"£30,000 and below",
Paul Smith,Co- Creation Elf (Resub),"£27,497",23-Jul-25,July,Q2,Midlands,South Derbyshire,Combined arts,"£30,000 and below",
The Women's Prize for Playwriting,Circle of Excellence - Women's Prize for Playwriting,"£45,390",23-Jul-25,July,Q2,London,Waltham Forest,Theatre,"Above £30,000",
Anna-Maria Nabirye Manyhisa,Funnest Room In The House re-submission,"£66,505",23-Jul-25,July,Q2,South East,Hastings,Combined arts,"Above £30,000",
Dani Harris-Walters,Resubmission: CompanyDHW 2025,"£59,939",23-Jul-25,July,Q2,London,Wandsworth,Dance,"Above £30,000",
The People's Theatre Company,Story Time 2025-26 Resubmission,"£56,500",23-Jul-25,July,Q2,South East,Guildford,Theatre,"Above £30,000",
Villages in Action,Agri [Culture] 4,"£89,000",23-Jul-25,July,Q2,South West,Teignbridge,Not discipline specific,"Above £30,000",
Grace Carter,R&D for Paperweight,"£28,771",23-Jul-25,July,Q2,Midlands,Nottingham,Theatre,"£30,000 and below",
Matthew Roberts,Colour and Create: Art to Enhance The Children's Hospital Experience,"£5,533",23-Jul-25,July,Q2,Midlands,Erewash,Visual arts,"£30,000 and below",
Tom Rigby,Devised Theatre Sandbox Sessions,"£2,020",23-Jul-25,July,Q2,Midlands,Wigan,Theatre,"£30,000 and below",
Tatton Park Charitable Trust,The Italian Connection: from Venice to Tatton,"£30,000",23-Jul-25,July,Q2,North,Cheshire East,Museums,"£30,000 and below",Unlocking Collections
Lucy Hunt,Lovett Tour 2025,"£5,777",23-Jul-25,July,Q2,Midlands,West Northamptonshire,Theatre,"£30,000 and below",
Laura Edmans,ctrl_alt_describe Phase One,"£21,745",23-Jul-25,July,Q2,South East,Brighton and Hove,Not discipline specific,"£30,000 and below",
Saskia Coburn,Hidden Stories: Music and Literature programme for 16-25 yr olds,"£20,150",23-Jul-25,July,Q2,Midlands,Warwick,Combined arts,"£30,000 and below",
The Circus House,Riding into the Ring - A cross cultural circus training programme,"£25,204",23-Jul-25,July,Q2,North,Manchester,Theatre,"£30,000 and below",
Abbie Jennings,Over The Bridge: Photography Network,"£24,592",23-Jul-25,July,Q2,North,"Kingston upon Hull, City of",Visual arts,"£30,000 and below",
Spun Glass Theatre,RESUBMISSION Sail Away 2025 - a festival of performance for families,"£31,440",23-Jul-25,July,Q2,South East,Hastings,Combined arts,"£30,000 and below",
Lois Blackburn,Lost then Found XOXO,"£23,141",23-Jul-25,July,Q2,Midlands,High Peak,Visual arts,"£30,000 and below",
William Vine,Refugee Agency & Occitan Legacy: A Music and Poetry Led Exploration of Resilience Through Shared Heritage,"£30,000",23-Jul-25,July,Q2,South East,Broadland,Music,"£30,000 and below",
Brent Council,Libraries Are Creative Spaces: SPINE Festival 2026 and 2027,"£99,995",23-Jul-25,July,Q2,London,Brent,Libraries,"Above £30,000",
GAS Projects CIC,Meanwhile in Gloucester (MIG),"£84,300",23-Jul-25,July,Q2,South West,Gloucester,Visual arts,"Above £30,000",
Good Shepherd Services CIO,RECOVERY25-27,"£89,000",23-Jul-25,July,Q2,Midlands,Wolverhampton,Combined arts,"Above £30,000",
THE WINDOWS PROJECT,MORE WORDS,"£38,046",24-Jul-25,July,Q2,North,Liverpool,Literature,"Above £30,000",
Greentop Community Circus Centre,Circus After School,"£45,800",24-Jul-25,July,Q2,North,Sheffield,Theatre,"Above £30,000",
Edgar Borrego Martins,"The eye has no bone, but it will break a bone","£26,500",24-Jul-25,July,Q2,South East,Bedford,Visual arts,"£30,000 and below",
Crying in the Wilderness Productions,BEST FRIENDS,"£23,883",24-Jul-25,July,Q2,London,Southwark,Theatre,"£30,000 and below",
Alexis Adimora,Backward Never: Creation of New Lex Amor Record (Phase One),"£17,500",24-Jul-25,July,Q2,London,Islington,Music,"£30,000 and below",
Gaunson Creative Studios,Markfield Road Festival 2025,"£12,295",24-Jul-25,July,Q2,London,Haringey,Combined arts,"£30,000 and below",
Movema,Wildfire Rising Legacy,"£24,537",24-Jul-25,July,Q2,North,Liverpool,Dance,"£30,000 and below",
Jack Norris,To Those Islanders R&D,"£39,895",24-Jul-25,July,Q2,London,Hounslow,Theatre,"£30,000 and below",
Robyn Cunningham,House of Pantha Cabaret Development Tour - 2025/26,"£30,070",24-Jul-25,July,Q2,London,Waltham Forest,Theatre,"£30,000 and below",
Shamaila Burhan,Proper Gander,"£14,997",24-Jul-25,July,Q2,North,Bradford,Visual arts,"£30,000 and below",
Delight,Delight in Stories,"£29,061",24-Jul-25,July,Q2,South East,Tandridge,Literature,"£30,000 and below",
Parable Dance,An Inclusive Dance Community,"£34,465",24-Jul-25,July,Q2,South East,Brighton and Hove,Dance,"£30,000 and below",
Pyramid of Arts,Pyramid - Growing New Income & Sustainability,"£42,819",24-Jul-25,July,Q2,North,Leeds,Visual arts,"Above £30,000",
Buy Art Fair Ltd,The Manchester Contemporary 2025,"£66,363",24-Jul-25,July,Q2,Midlands,High Peak,Visual arts,"Above £30,000",
Newcastle Asian Arts and Music,Newcastle Mela 2025,"£74,150",24-Jul-25,July,Q2,North,Newcastle upon Tyne,Combined arts,"Above £30,000",
District 61 Jordan Street Limited,District Queer & Black Music Programme (continuation),"£85,046",24-Jul-25,July,Q2,North,Liverpool,Music,"Above £30,000",
Emelder Ruth Collins,Unity and Ebony Collaboreation 2025,"£29,980",24-Jul-25,July,Q2,London,Hackney,Combined arts,"£30,000 and below",
Mohit Mathur,Dial 1 for UK,"£28,121",24-Jul-25,July,Q2,London,Lambeth,Theatre,"£30,000 and below",
Anna Clough,Inter/Extra - terrestrial: Roanhead Beach Crop circles,"£8,676",24-Jul-25,July,Q2,North,Manchester,Visual arts,"£30,000 and below",
Robert Anderson,Triple Threat 2025 - International Hip-Hop Community Event,"£28,837",24-Jul-25,July,Q2,North,Gateshead,Dance,"£30,000 and below",
Arcadia Spectacular Ltd,Butterfly Effect,"£30,000",30-Jul-25,July,Q2,South West,North Somerset,Theatre,"£30,000 and below",
Rachel Burchell,Creative Nature,"£1,155",30-Jul-25,July,Q2,South East,South Norfolk,Visual arts,"£30,000 and below",
Rosi Trifonova,6th Spring Festival for young musicians OVER THE RAINBOW 2026,"£5,978",30-Jul-25,July,Q2,South East,Epping Forest,Music,"£30,000 and below",
Tracey Teague,Healing Through Sound and Creative Expression,"£3,270",30-Jul-25,July,Q2,South West,Cornwall,Visual arts,"£30,000 and below",
North West Media Limited,Back 2 the Source,"£29,798",30-Jul-25,July,Q2,North,Manchester,Music,"£30,000 and below",Unlocking Collections
Light Whale Internatonal,Light Up Eye 2025 R&D,"£20,222",30-Jul-25,July,Q2,South East,Peterborough,Theatre,"£30,000 and below",
Hugh Manyeh Lane,okoKOK,"£29,656",30-Jul-25,July,Q2,South East,Rother,Theatre,"£30,000 and below",
Alex Ferguson,All The Devils - R&D resubmission,"£17,500",30-Jul-25,July,Q2,North,Liverpool,Theatre,"£30,000 and below",
Northern Rascals CIC,"Second RESUBMISSION; The Age of Unmaking - R&D for a new dance-theatre production by Northern Rascals, made with communities straddling the M62 corridor (Calderdale, Barnsley, Kirkless, Rochdale)","£31,167",30-Jul-25,July,Q2,North,Calderdale,Dance,"£30,000 and below",
Jaime Lock,R&D - exploring a Cornish folk legend & its connection to  LGBTQIA+ identity,"£19,580",30-Jul-25,July,Q2,South West,Isles of Scilly,Theatre,"£30,000 and below",
She Productions,Eco-friendly affordable festive family musical,"£14,518",30-Jul-25,July,Q2,North,East Riding of Yorkshire,Theatre,"£30,000 and below",Universal Library Offers
Katie Bird,Christmas Carol in Riversdale,"£10,000",30-Jul-25,July,Q2,South East,Breckland,Theatre,"£30,000 and below",
Ice and Fire Theatre Company,A Fine idea,"£22,500",30-Jul-25,July,Q2,London,Hackney,Theatre,"£30,000 and below",
Sweetdoh Ltd,STAGE 21 - Acting workshops for Down syndrome performers 2025,"£20,000",30-Jul-25,July,Q2,London,Southwark,Theatre,"£30,000 and below",
Easy Listening Records,Ultimate Thunder - Legacy,"£29,715",30-Jul-25,July,Q2,North,Leeds,Music,"£30,000 and below",
Jessica Norman,This Little Earth - Arcola Theatre (Resubmission),"£12,284",30-Jul-25,July,Q2,London,Islington,Theatre,"£30,000 and below",
David Blandy,Common Lands,"£29,834",30-Jul-25,July,Q2,South East,Brighton and Hove,Digital Arts,"£30,000 and below",
Hesam Eddin Garshasbi,Vaak Persian Festival: Platforming Hidden Voices,"£29,694",30-Jul-25,July,Q2,London,Tower Hamlets,Combined arts,"£30,000 and below",
Alicia Britt,Alicia Britt Puppetry Tolo Puppet Theatre Residency Hanoi,"£3,584",30-Jul-25,July,Q2,London,Woking,Theatre,"£30,000 and below",
Social London Orchestra,Diwali Concert,"£3,880",30-Jul-25,July,Q2,London,Hammersmith and Fulham,Music,"£30,000 and below",
The Pied Piper Theatre Company,2026/2027 Hare & Tortoise addressing feedback,"£32,932",30-Jul-25,July,Q2,South East,Waverley,Theatre,"£30,000 and below",
Daniel Allum,A Road of My Own,"£29,850",30-Jul-25,July,Q2,South East,Cambridge,Literature,"£30,000 and below",
Richard Attwood,Rochdale GM Town of Culture Comedy Festival 2025,"£13,775",30-Jul-25,July,Q2,North,Rochdale,Theatre,"£30,000 and below",
Screaming Alley CIC,Screaming Alley Strategic Business Development 2025 RESUBMISSION,"£26,000",30-Jul-25,July,Q2,South East,Thanet,Theatre,"£30,000 and below",
Redacted Redacted,Redacted,"£25,750",30-Jul-25,July,Q2,North,North Yorkshire,Visual arts,"£30,000 and below",
CoreyBakerDance,Sumo Dance,"£29,816",31-Jul-25,July,Q2,Midlands,Solihull,Dance,"£30,000 and below",
Get a Word in Edgeways,Edging Towards Winter: A Festival of Togetherness & Transformation,"£25,423",31-Jul-25,July,Q2,Midlands,Shropshire,Combined arts,"£30,000 and below",
Benjamin Macpherson,Fatgut R&D Resubmit 1,"£19,500",31-Jul-25,July,Q2,Midlands,Nottingham,Theatre,"£30,000 and below",
Rosalind Kay-Price,"Ghost in the Machine: Researching Dance across AI, Identity and Borders","£31,950",31-Jul-25,July,Q2,Midlands,Birmingham,Dance,"£30,000 and below",
Two Queens,Developing our approach to Creative Wellbeing,"£30,826",31-Jul-25,July,Q2,Midlands,Leicester,Combined arts,"£30,000 and below",
Chispa CIC,Drift Tricks Gloucester,"£27,666",31-Jul-25,July,Q2,London,Gloucester,Combined arts,"£30,000 and below",
UP Projects,Working Title; Empowering Enfield's Cultural Leaders of Tomorrow,"£500,000",01-Aug-25,August,Q2,London,Enfield,Not discipline specific,"Above £30,000 - Place Partnership project",
Alfred Fagon Award,Writing Workshops,"£17,234",04-Aug-25,August,Q2,London,Southwark,Theatre,"£30,000 and below",
Alexander Mills,Alex Mills - debut album,"£5,500",04-Aug-25,August,Q2,London,Westminster,Music,"£30,000 and below",
James Mabbett,Portable PMLD focused installation,"£29,919",04-Aug-25,August,Q2,North,Kirklees,Visual arts,"£30,000 and below",
WoLab,Resubmission: Hot Rain in Hackney / Heywood - A Queer-Led Performance Inquiry,"£40,746",04-Aug-25,August,Q2,London,Newham,Theatre,"£30,000 and below",
Jessica Telling,"Resub - Chameleon: Innovating Sensory-Adapted Performances, Closing the Gap through our Actually Autistic Guide for Theatre","£12,180",04-Aug-25,August,Q2,London,Wandsworth,Theatre,"£30,000 and below",
London Borough of Bexley,Night Visions,"£100,000",05-Aug-25,August,Q2,London,Bexley,Combined arts,"Above £30,000",
National Literacy Trust,Readconnect,"£52,599",05-Aug-25,August,Q2,London,Lambeth,Literature,"Above £30,000",
Martin O'Brien,"Zombie Time ~ Infection, Incubation and Transmission: Legacies of the Unwell in Live Art (2025) - 3rd SUBMISSION","£60,000",05-Aug-25,August,Q2,London,Croydon,Combined arts,"Above £30,000",
British Arts Festivals Association,Resilient Festivals: Strategies for Thriving,"£24,026",06-Aug-25,August,Q2,Midlands,"Herefordshire, County of",Combined arts,"£30,000 and below",
Jenny Roche-Newton,Somatic Dance,"£4,500",06-Aug-25,August,Q2,North,Manchester,Dance,"£30,000 and below",
Kaw Secka,"Legacy of Sound 2025: international rehearsal & recording intensive; archiving griot heritage, developing early career Global Majority artists, & platforming Senegambian drum, dance & music at Peckham Levels","£29,915",06-Aug-25,August,Q2,London,Newham,Music,"£30,000 and below",
Surtal Arts,Surtal Arts Reimagined,"£72,099",06-Aug-25,August,Q2,Midlands,Derby,Combined arts,"Above £30,000",
JW3 Trust Ltd,Cinderella and the Matzo Ball,"£16,694",06-Aug-25,August,Q2,London,Camden,Theatre,"£30,000 and below",
James McDermott,Grief Cafe Tour,"£24,699",06-Aug-25,August,Q2,South East,Norwich,Theatre,"£30,000 and below",
Ben Fredericks Collaborations,The Fairytale of Jesse Ford - AR Theatre Show (Resubmission),"£99,082",06-Aug-25,August,Q2,Midlands,Leicester,Theatre,"Above £30,000",
The People's Recovery Project,The People's Recovery Project,"£12,350",06-Aug-25,August,Q2,London,Westminster,Visual arts,"£30,000 and below",
Jennifer Scott,The Drag Files,"£28,165",06-Aug-25,August,Q2,South East,Thanet,Theatre,"£30,000 and below",
The Rabbit Hole Brigg,NO LIMITS 2025,"£25,910",06-Aug-25,August,Q2,North,North Lincolnshire,Literature,"£30,000 and below",
MRF,MRF Sound Start,"£25,000",06-Aug-25,August,Q2,London,Croydon,Music,"£30,000 and below",
Handpicked Productions,Midwinter Hullabaloo Re-submission,"£26,808",06-Aug-25,August,Q2,North,Cumberland,Combined arts,"£30,000 and below",
Louise Mari,Supermarket - Ipswich,"£29,986",06-Aug-25,August,Q2,London,Enfield,Theatre,"£30,000 and below",
Yogesh Joshi,"Resubmission ""Suno!"" (Listen!): Co-created performance & podcast 2025-26","£30,000",06-Aug-25,August,Q2,Midlands,Leicester,Combined arts,"£30,000 and below",
Eliot Smith Dance,POPPY,"£30,000",06-Aug-25,August,Q2,North,Newcastle upon Tyne,Dance,"£30,000 and below",
Oscar Brudenall-Jones,Maybe I Should Stop Tour,"£26,691",06-Aug-25,August,Q2,South East,Slough,Theatre,"£30,000 and below",
Scott Horgan,Romeo & Mohammed,"£30,807",06-Aug-25,August,Q2,South East,Central Bedfordshire,Theatre,"£30,000 and below",
Hannah Mulder,The Birds Still Sing Because Of You (working title),"£31,197",06-Aug-25,August,Q2,South West,South Hams,Theatre,"£30,000 and below",
Joss Arnott Dance,TIN MAN - Working with Rochdale communities,"£30,730",06-Aug-25,August,Q2,North,Rochdale,Dance,"£30,000 and below",
Neil Onions,Public Pattern,"£27,995",06-Aug-25,August,Q2,London,Tower Hamlets,Combined arts,"£30,000 and below",
Children's & Parents Carnival Association,Mayan Harvest,"£16,000",06-Aug-25,August,Q2,London,Kensington and Chelsea,Combined arts,"£30,000 and below",
Clive Parker-Sharp,Uncovering Black Heroes,"£9,126",06-Aug-25,August,Q2,South East,Rother,Combined arts,"£30,000 and below",
Luminescent CIC,Lost Voices,"£29,999",06-Aug-25,August,Q2,South East,Folkestone and Hythe,Combined arts,"£30,000 and below",
Karli-Jade Fontiverio-Hylton,Being (T)here - Sonic Ethnography of Southend,"£15,093",06-Aug-25,August,Q2,South East,Southend-on-Sea,Visual arts,"£30,000 and below",
DC Engage CIC,"Yen: Building resilience, employability skills, and wellbeing through community arts in Hartlepool","£4,238",06-Aug-25,August,Q2,North,Salford,Theatre,"£30,000 and below",
Six Minutes Past Nine,Plastic Prognosticate,"£11,720",06-Aug-25,August,Q2,Midlands,Nottingham,Digital Arts,"£30,000 and below",
Highgate Community Support,Highgate Rising,"£29,933",06-Aug-25,August,Q2,Midlands,Birmingham,Combined arts,"£30,000 and below",
Joe Snape,Northumberland Radical Fun Group: England Concert Tour,"£4,864",06-Aug-25,August,Q2,North,Northumberland,Music,"£30,000 and below",
James Hamilton,A Mouth In Search Of A Voice (AMISOAV),"£29,101",06-Aug-25,August,Q2,London,Lewisham,Music,"£30,000 and below",
Oumar Sagna,"Of Drum & Spirit - Phase 3: formalising accessible West African arts frameworks for early years, primary, secondary & adult SEND/dDeaf learners","£22,800",06-Aug-25,August,Q2,South West,"Bristol, City of",Music,"£30,000 and below",
Fizzog Community Trust,Black Country Voices,"£29,330",06-Aug-25,August,Q2,Midlands,Dudley,Theatre,"£30,000 and below",
Stephanie Townsend,Moving Together – a 12-month CPD programme for East Anglian movement artists,"£31,283",06-Aug-25,August,Q2,South East,Norwich,Dance,"£30,000 and below",
Tanvi Kant,'Sancho' - an exploration of heritage food making and community in ceramics and textiles,"£13,790",06-Aug-25,August,Q2,South East,Hastings,Visual arts,"£30,000 and below",
Worthing Symphony Orchestra,WSO Schools & Taster Days,"£28,832",06-Aug-25,August,Q2,South East,Worthing,Music,"£30,000 and below",
Stroud Book Festival,"Stroud Book Festival 2025: Connect, Create,Celebrate","£14,535",06-Aug-25,August,Q2,South West,Gloucester,Literature,"£30,000 and below",
Trinity Laban Conservatoire of Music and Dance,Access to Dance,"£29,835",06-Aug-25,August,Q2,London,Greenwich,Dance,"£30,000 and below",
Creative Crawley,Next steps and Local Showcasing,"£59,600",07-Aug-25,August,Q2,South East,Crawley,Not discipline specific,"Above £30,000",
Creative Powertown (CPT) Limited,"From roots to industry: reclaiming creative space, building industry access, & empowering Black & Global Majority artists in South West.","£37,500",07-Aug-25,August,Q2,South West,"Bristol, City of",Music,"Above £30,000",
The Classic Boat Center Trust,Maritime Isle - Delivered by the Classic Boat Museum,"£39,000",07-Aug-25,August,Q2,South West,Isle of Wight,Museums,"Above £30,000",
Musicport Festival Limited,Musicport:Momentum 2025,"£49,850",07-Aug-25,August,Q2,North,North Yorkshire,Music,"Above £30,000",
Blue Badge Bunch,Resubmission: Blue Badge Bunch CIC,"£43,940",07-Aug-25,August,Q2,Midlands,Ashfield,Combined arts,"Above £30,000 - Over £30k Touring project",
Concrete Youth,Blueprint R&D,"£80,034",07-Aug-25,August,Q2,North,"Kingston upon Hull, City of",Theatre,"Above £30,000",
Find Your Voice,Academic Year 2025/26,"£55,118",07-Aug-25,August,Q2,North,Doncaster,Music,"Above £30,000",
Wooden Roots,Wooden Roots Experience phase 3: Expanding and Elevating Regional Connectivity to Embed Annual Showcase in Co-designed Pedagogical Work,"£68,891",07-Aug-25,August,Q2,South East,East Suffolk,Music,"Above £30,000",
Kernow Education Arts Partnership,Ink Trails and Cornish Routes,"£62,600",07-Aug-25,August,Q2,South West,Cornwall,Literature,"Above £30,000",
Adekunle Rufai,S.M.I.L.E-ing Girls & Boys Legacy Building Project New,"£75,500",07-Aug-25,August,Q2,South East,Brighton and Hove,Visual arts,"Above £30,000",
Barnsley MBC Arts and Events Service,Barnsley Bright Nights 2025,"£50,000",07-Aug-25,August,Q2,North,Barnsley,Combined arts,"Above £30,000",
Srishti,Srishti International and National Touring Project PLAY BALL 2025-2026,"£80,000",07-Aug-25,August,Q2,London,Harrow,Dance,"Above £30,000 - Over £30k Touring project",
Lost Dog Dance,Global\Local Touring 2026-2027,"£192,000",07-Aug-25,August,Q2,South East,Wealden,Dance,"Above £30,000 - Over £30k Touring project",
Nicholas Cassen,REVENGE: After The Levoyah - South East and London tour 2025-26,"£53,391",07-Aug-25,August,Q2,London,Redbridge,Theatre,"Above £30,000 - Over £30k Touring project",
Rendez-Vous dance,RVD 2026 Touring Programme,"£92,772",07-Aug-25,August,Q2,North,Northumberland,Dance,"Above £30,000 - Over £30k Touring project",
In Between Time,We Are Warriors Tour,"£99,995",07-Aug-25,August,Q2,South West,North Somerset,Combined arts,"Above £30,000 - Over £30k Touring project",
Ruth E. Cockburn,Open up the Mic,"£48,715",07-Aug-25,August,Q2,North,Fylde,Combined arts,"Above £30,000",
The Old Vic Theatre Trust 2000,Increasing opportunities for early and mid-career artists at The Old Vic,"£185,000",07-Aug-25,August,Q2,London,Lambeth,Theatre,"Above £30,000 - Major Project",
SoundCity,Sound City Northern Showcase Tour,"£49,200",07-Aug-25,August,Q2,North,Liverpool,Music,"Above £30,000 - Over £30k Touring project",
New International Encounter,Fenland Touring,"£74,300",07-Aug-25,August,Q2,South East,Cambridge,Theatre,"Above £30,000 - Over £30k Touring project",
Sara Paula Quin,Nine Sixteenths 2026 Spring Tour,"£125,969",07-Aug-25,August,Q2,London,Hackney,Theatre,"Above £30,000 - Over £30k Touring project",
Hawk Dance Theatre,The Greatest Robot Ever - UK & International Tour 2025,"£36,000",07-Aug-25,August,Q2,North,Manchester,Dance,"Above £30,000 - Over £30k Touring project",
Rabble Theatre,"Glitch. The True Story of the Post Office Scandal - National Tour, Spring 2026","£85,000",07-Aug-25,August,Q2,South East,Reading,Theatre,"Above £30,000 - Over £30k Touring project",
Claybody Theatre,Grand Babylon Tour,"£35,000",07-Aug-25,August,Q2,Midlands,Stoke-on-Trent,Theatre,"Above £30,000 - Over £30k Touring project",
RODIUM,Pied Piper Tour 2025-26,"£95,945",07-Aug-25,August,Q2,London,Croydon,Theatre,"Above £30,000 - Over £30k Touring project",
Anthony Lo-Giudice,Organisational Development,"£60,530",07-Aug-25,August,Q2,North,Stockton-on-Tees,Dance,"Above £30,000",
Blackfest Limited,BlackFest - 2025,"£75,000",07-Aug-25,August,Q2,North,Liverpool,Combined arts,"Above £30,000",
Street Eats N Beats Festival Essex,STREET EATS N BEATS FESTIVAL ESSEX,"£28,000",08-Aug-25,August,Q2,South East,Chelmsford,Music,"£30,000 and below",Supporting Grassroots Music
Lloyd Allen,Promotion Development,"£20,333",08-Aug-25,August,Q2,London,Newham,Music,"£30,000 and below",Supporting Grassroots Music
Petherton Arts Trust,The David Hall Development Project 3,"£29,727",08-Aug-25,August,Q2,South West,Somerset,Music,"£30,000 and below",Supporting Grassroots Music
Eloise Gettings,Spot Fest,"£18,828",08-Aug-25,August,Q2,North,Rochdale,Music,"£30,000 and below",Supporting Grassroots Music
Conrad Pack,Celebrating New Industrial,"£29,999",08-Aug-25,August,Q2,London,Lewisham,Music,"£30,000 and below",Supporting Grassroots Music
From the Other Limited,FaT OuT 2025,"£29,800",08-Aug-25,August,Q2,North,Salford,Music,"£30,000 and below",Supporting Grassroots Music
Simon Catling,Mcr Indy Promoter Collective 3,"£8,144",08-Aug-25,August,Q2,North,Manchester,Music,"£30,000 and below",Supporting Grassroots Music
The George Tavern,The George Tavern 21 Year Anniversary Festival & New Equipment Bid,"£30,828",08-Aug-25,August,Q2,London,Tower Hamlets,Music,"£30,000 and below",Supporting Grassroots Music
Big Difference Productions,The Big Difference - GMV Artist Support,"£30,000",08-Aug-25,August,Q2,Midlands,Leicester,Music,"£30,000 and below",Supporting Grassroots Music
Yan Sui Cheung,Asian Sonorities,"£34,375",08-Aug-25,August,Q2,Midlands,Chesterfield,Music,"£30,000 and below",Supporting Grassroots Music
East Staffordshire Borough Council,SONIC BOOM 2025 RESUBMISSION,"£30,000",08-Aug-25,August,Q2,Midlands,East Staffordshire,Music,"£30,000 and below",Supporting Grassroots Music
GoCreate Taunton Community Interest Company,Go Create Community Arts & Gallery,"£14,100",12-Aug-25,August,Q2,South West,Somerset,Combined arts,"£30,000 and below",
Sharon Rawlinson,RESUB - Culture of Manningtree for young people in 2025 & beyond,"£8,552",12-Aug-25,August,Q2,South East,Tendring,Visual arts,"£30,000 and below",
Adam Khan,Platero 26,"£17,742",12-Aug-25,August,Q2,South West,"Bristol, City of",Dance,"£30,000 and below",
South Western Regional Library Services,Diverse writing talent in SW libraries,"£29,990",12-Aug-25,August,Q2,South West,Plymouth,Literature,"£30,000 and below",
Peyvand Ming Chi Sadeghian,Apolune: Systems Normal 25-26,"£34,280",13-Aug-25,August,Q2,London,Newham,Visual arts,"£30,000 and below",
Natasha Granger,"Rochester Knockers- Workshops, Creation & Sharings- Resubmission 2","£29,320",13-Aug-25,August,Q2,South East,Brighton and Hove,Theatre,"£30,000 and below",
Tappin' In,Are You Dancing? R&D,"£29,970",13-Aug-25,August,Q2,Midlands,Coventry,Dance,"£30,000 and below",
Morecambe Poetry Festival,Morecambe Poetry Festival 2025,"£24,850",13-Aug-25,August,Q2,North,Lancaster,Literature,"£30,000 and below",
Drashti Shah,Waling Waling Drama Group: Migrant's Day Performance,"£22,814",13-Aug-25,August,Q2,London,Redbridge,Theatre,"£30,000 and below",
Bucket Club,Making ARTHUR and R&D on MOTH,"£29,931",13-Aug-25,August,Q2,South East,Waverley,Theatre,"£30,000 and below",
BrazUKa International,Katumba Hallows Eve Carnival,"£29,900",13-Aug-25,August,Q2,North,Liverpool,Combined arts,"£30,000 and below",
Thomas Mallender,Write-London: Let’s Write,"£16,725",13-Aug-25,August,Q2,London,Hammersmith and Fulham,Literature,"£30,000 and below",
The Glee Club of Wirksworth,40 Years of Pantomime,"£4,900",13-Aug-25,August,Q2,Midlands,Derbyshire Dales,Theatre,"£30,000 and below",
The National Song School CIC,Drop the Mic!,"£18,655",13-Aug-25,August,Q2,South East,Southend-on-Sea,Music,"£30,000 and below",
Meloni Poole,Backbone: Immersive installation on the Ashfield community's coalmining heritage,"£32,470",13-Aug-25,August,Q2,North,Ashfield,Visual arts,"£30,000 and below",
Helen Ainsworth,"A development of ""The Librarian"" into a bilingual show in BSL and spoken English","£27,705",13-Aug-25,August,Q2,London,Islington,Theatre,"£30,000 and below",
Nonclassical,Vari/ations - An Ode to Oram,"£14,993",13-Aug-25,August,Q2,London,Tower Hamlets,Music,"£30,000 and below",
UNITY ARTS COLLECTIVE LIMITED,R&D A Story of Resettlement with schools engagement,"£30,139",13-Aug-25,August,Q2,South East,Canterbury,Combined arts,"£30,000 and below",
Natalya Martin,Fantastic Pablo Fanque!: Continued development (Prev titled 'For The Benefit of Pablo Fanque'),"£26,696",13-Aug-25,August,Q2,South East,Norwich,Theatre,"£30,000 and below",
One Voice Blackburn,Fostering Creativity in our East End Boys,"£28,676",13-Aug-25,August,Q2,North,Blackburn with Darwen,Combined arts,"£30,000 and below",
KNIVES FORKS AND SPOONS,European Accessibility Act Compliant Poetry Publication 2025-2026,"£8,000",13-Aug-25,August,Q2,North,St. Helens,Literature,"£30,000 and below",
Hammersmith & Fulham Council,In Conversation with Clive Cobb,"£23,047",13-Aug-25,August,Q2,London,Hammersmith and Fulham,Combined arts,"£30,000 and below",
Active Communities,Leys Youth Hub Finds its Voice,"£29,511",13-Aug-25,August,Q2,South East,Oxford,Music,"£30,000 and below",
Pathways Into Music,Supporting Music Talent 3  (ii),"£28,000",13-Aug-25,August,Q2,South East,Brighton and Hove,Music,"£30,000 and below",
The Monday Night Club,"Elgar at the Asylum: A Radical Reclaiming of Disability, History and Voice","£33,220",13-Aug-25,August,Q2,Midlands,Malvern Hills,Combined arts,"£30,000 and below",
Lewisham Council,SEEN Lewisham Festival 2025,"£29,836",13-Aug-25,August,Q2,London,Lewisham,Combined arts,"£30,000 and below",
Olivia Munk,R&D of new climate crisis play focused on sustainability/access + related workshops for young people,"£20,968",13-Aug-25,August,Q2,London,Southwark,Theatre,"£30,000 and below",
Molly Soden-Freeth,Drama and Dance for people with disabilities 2,"£4,000",13-Aug-25,August,Q2,Midlands,High Peak,Dance,"£30,000 and below",
Frey Kwa Hawking,DOGGY R&D (Resubmission),"£29,298",13-Aug-25,August,Q2,South West,Haringey,Theatre,"£30,000 and below",
Farah Najib,Maggots — Engagement Work & Performances at Bush Theatre,"£31,977",13-Aug-25,August,Q2,London,South Cambridgeshire,Theatre,"£30,000 and below",
Jane Couldrey,Highdown Goblet,"£22,013",13-Aug-25,August,Q2,South East,Worthing,Visual arts,"£30,000 and below",Unlocking Collections
Afshan D'souza-Lodhi,The Asians,"£12,000",13-Aug-25,August,Q2,North,Manchester,Theatre,"£30,000 and below",
Elena Miller,Flip the Switch,"£29,892",13-Aug-25,August,Q2,North,North Tyneside,Combined arts,"£30,000 and below",
Nadia Jaglom,People of the Graves,"£30,000",13-Aug-25,August,Q2,London,Haringey,Combined arts,"£30,000 and below",Unlocking Collections
George Barrett,Cultural Xchange,"£30,000",19-Aug-25,August,Q2,South East,Peterborough,Music,"£30,000 and below",
michelle Allmark-west,Westwood productions theatre show,"£2,000",19-Aug-25,August,Q2,South East,St Albans,Theatre,"£30,000 and below",
Club Soda,Change the Scene,"£71,004",19-Aug-25,August,Q2,London,Croydon,Combined arts,"Above £30,000",
Catherine Yass,Turning the Tide (RESUBMISSION),"£70,060",19-Aug-25,August,Q2,London,Tower Hamlets,Visual arts,"Above £30,000",
Maya Productions,Routes to Roots and Benny and the Greycats: Final Development Phase,"£66,997",19-Aug-25,August,Q2,London,Southwark,Theatre,"Above £30,000",
Jessica Edwards,Spooky Action at a Distance - Full production of new play,"£29,869",19-Aug-25,August,Q2,South East,Thanet,Theatre,"£30,000 and below",
H2DANCE,Fest en Fest 2026,"£31,082",19-Aug-25,August,Q2,South East,Colchester,Dance,"£30,000 and below",
Bethan Probert,Akin 2025,"£22,050",19-Aug-25,August,Q2,South East,Vale of White Horse,Dance,"£30,000 and below",
Southend Libraries,Southend Storysacks Project,"£29,924",19-Aug-25,August,Q2,South East,Southend-on-Sea,Libraries,"£30,000 and below",Universal Library Offers
National Association of Street Artists UK,NASA-UK Professional Development Programme,"£24,063",19-Aug-25,August,Q2,South East,West Berkshire,Combined arts,"£30,000 and below",
Polly Braden,Against the Tide: Life for Young People in Our Coastal Towns,"£49,000",19-Aug-25,August,Q2,London,Islington,Visual arts,"Above £30,000",
DOCA (Devizes Outdoor Celebratory Arts),*Thaw and Thrive,"£75,483",19-Aug-25,August,Q2,South West,Wiltshire,Combined arts,"Above £30,000",
Altered Skin CIC,When We See Ourselves v4,"£73,000",20-Aug-25,August,Q2,Midlands,Birmingham,Combined arts,"Above £30,000",
Zoe Katsilerou,Voices 2025 - resubmission,"£55,340",20-Aug-25,August,Q2,North,Bradford,Dance,"Above £30,000",
Bertz Associates LTD,Uncovering Lisel Haas,"£80,601",20-Aug-25,August,Q2,Midlands,Birmingham,Libraries,"Above £30,000",Unlocking Collections
Coalesce Dance Theatre,Mika and The Polar Bear - Second stage development and theatre tour,"£86,058",20-Aug-25,August,Q2,North,Trafford,Theatre,"Above £30,000",
Artlink Hull,"Artlink @ 87 Gallery – A co-created visual arts exhibition and engagement programme, deeply embedded in the communities we serve","£102,910",20-Aug-25,August,Q2,North,"Kingston upon Hull, City of",Visual arts,"Above £30,000",
RMBC Events Team,Rotherham Show 2025: Participation Through Playful Encounters,"£89,500",20-Aug-25,August,Q2,North,Rotherham,Combined arts,"Above £30,000",
African Durbar and Business Expo Midlands CIC,Africa Unite,"£28,860",20-Aug-25,August,Q2,Midlands,Coventry,Dance,"£30,000 and below",
Indian Hindu Welfare Organisation,25 Years of our annual Diwali Festival,"£24,442",20-Aug-25,August,Q2,Midlands,West Northamptonshire,Combined arts,"£30,000 and below",
Silver Lining Animation,Middlesbrough Dorman Museum Exhibits,"£28,775",20-Aug-25,August,Q2,North,Middlesbrough,Museums,"£30,000 and below",Unlocking Collections
Rebecca Marie Hawley,GLO (Girl Life Online),"£28,000",20-Aug-25,August,Q2,North,Liverpool,Combined arts,"£30,000 and below",
ASSET Trust,"Our People, Our Place","£29,825",20-Aug-25,August,Q2,South East,Ipswich,Dance,"£30,000 and below",
Helen Calcutt,Grief Is the Thing with Feathers - Pilot Tour,"£65,043",20-Aug-25,August,Q2,Midlands,Birmingham,Dance,"Above £30,000",
Lewisham Library & Information Service,Think it Through,"£10,985",20-Aug-25,August,Q2,London,Lewisham,Libraries,"£30,000 and below",Universal Library Offers
Sadiq Ali,Tell Me creation and Premiere Performances 2026,"£33,475",20-Aug-25,August,Q2,London,Camden,Theatre,"£30,000 and below",
Barrow BID,Barrow Comics & Zine Fest,"£19,900",20-Aug-25,August,Q2,North,Westmorland and Furness,Literature,"£30,000 and below",
Peninsula Press,Experiments in Publishing Otherwise,"£30,000",20-Aug-25,August,Q2,London,Hackney,Literature,"£30,000 and below",
Avant-Gardening CIC,Any Old Iron,"£22,893",20-Aug-25,August,Q2,London,Islington,Combined arts,"£30,000 and below",
Aimee Williamson,Pendle Witch- An Outdoor Dance Theatre Solo,"£24,188",20-Aug-25,August,Q2,North,Ribble Valley,Dance,"£30,000 and below",
Playback Creates,Homegrown,"£27,700",20-Aug-25,August,Q2,Midlands,Wolverhampton,Music,"£30,000 and below",
Klaudia Wittmann,head bucket bed - an international tour,"£12,919",20-Aug-25,August,Q2,London,Lewisham,Dance,"£30,000 and below",
Kirsten Tranter,Nuneaton & Bedworth Training and Development Programme 25/26,"£23,750",20-Aug-25,August,Q2,Midlands,Hinckley and Bosworth,Combined arts,"£30,000 and below",
Michelle-Louise Wright,Nottingham Shakespeare Company School Outreach 2025/26,"£24,958",20-Aug-25,August,Q2,Midlands,Nottingham,Theatre,"£30,000 and below",
Bethlehem Cultural Festival,Bethlehem Cultural Festival 2025,"£7,553",20-Aug-25,August,Q2,London,Hammersmith and Fulham,Combined arts,"£30,000 and below",
Shazia Osman,Illuminate at Attenborough,"£25,000",20-Aug-25,August,Q2,Midlands,Harborough,Visual arts,"£30,000 and below",
SUBJECT OBJECT LIMITED,FRANKENSTEIN Resubmission,"£28,459",20-Aug-25,August,Q2,Midlands,Rutland,Theatre,"£30,000 and below",
J Clare Productions,Bollywood Rose v4.1,"£21,032",20-Aug-25,August,Q2,London,Lewisham,Theatre,"£30,000 and below",
Inspirechilli,Inspiring Next Gen -  Scale Up,"£10,900",20-Aug-25,August,Q2,London,Southwark,Combined arts,"£30,000 and below",
Megan Hooley,Derbyshire Youth Dance Provision,"£19,888",20-Aug-25,August,Q2,Midlands,Erewash,Dance,"£30,000 and below",
International Guitar Foundation & Festivals,"Keeping Music-Making Alive in PRIORITY PLACES: 3 sets of joined-up projects, harnessing guitar/plucked strings' POPULARITY (all genres/cultures), targeting EXCLUDED COMMUNITIES: a)Music-making workshops for YOUNG PEOPLE&PUBLIC; b)TRAINING & CONCERTS for YOUNG ARTISTS&COMPOSERS C)accessible CONCERTS","£19,761",20-Aug-25,August,Q2,North,North Tyneside,Music,"£30,000 and below",
Mara Tocher,Living Matter,"£20,632",20-Aug-25,August,Q2,South West,Stroud,Music,"£30,000 and below",
Tommaso Giacomin,The Uncontainable Nausea of Alec Baldwin - RESUBMISSION,"£20,782",20-Aug-25,August,Q2,South East,Brighton and Hove,Theatre,"£30,000 and below",
Jamie Wyld,Queer Cultures Shoreham & Worthing,"£14,965",20-Aug-25,August,Q2,South East,Adur,Visual arts,"£30,000 and below",
Leah Clements,New disability-focussed exhibition & engagement programme in London and Sheffield,"£39,000",20-Aug-25,August,Q2,London,Barking and Dagenham,Visual arts,"£30,000 and below",
Andro and Eve,Out Free Fabulous,"£23,313",20-Aug-25,August,Q2,North,Sheffield,Combined arts,"£30,000 and below",
James Wilton Dance Limited,RESUBMISSION Autumn 2025 tour of BACH Reimagined and The Four Seasons,"£30,000",20-Aug-25,August,Q2,South West,Cornwall,Dance,"£30,000 and below",
Rosie Macari,Aetherbound,"£20,025",20-Aug-25,August,Q2,North,Newcastle upon Tyne,Dance,"£30,000 and below",
Street Arts Hire Limited,"Peterborough street atist - past, present, future","£29,998",20-Aug-25,August,Q2,South East,Peterborough,Visual arts,"£30,000 and below",
Jay Giverin,Autumn Tour 2025,"£3,120",20-Aug-25,August,Q2,North,Cheshire West and Chester,Music,"£30,000 and below",
Toluwaproductions Ltd,Young Poets National Summit & Development Program,"£29,316",20-Aug-25,August,Q2,London,Hackney,Literature,"£30,000 and below",
Somerset Youth Theatre CIC,"How do young people (YP) like me, work in an Industry like this? (HDYP)","£44,279",20-Aug-25,August,Q2,South West,Somerset,Theatre,"£30,000 and below",
Media Mania,Media Mania: a 3 tiered approach to music production and dissemination in Coventry,"£67,411",20-Aug-25,August,Q2,Midlands,Coventry,Music,"Above £30,000",
Hartlepool Folk Festival,Hartlepool Folk & Family Festival 2025,"£35,000",20-Aug-25,August,Q2,North,Hartlepool,Music,"Above £30,000",
House Of Stars,AniManga Lab - Dartford,"£8,000",20-Aug-25,August,Q2,South East,Dartford,Visual arts,"£30,000 and below",
Worcester Live Charitable Trust Ltd,Shire Stories - New Writing Project,"£49,310",20-Aug-25,August,Q2,Midlands,Worcester,Theatre,"Above £30,000",
Mohinder Singh,Music Vision Room,"£28,872",20-Aug-25,August,Q2,Midlands,Birmingham,Music,"£30,000 and below",
Contemporary Visual Arts Network East Midlands,Ode to the Midlands,"£98,930",20-Aug-25,August,Q2,Midlands,Nottingham,Visual arts,"Above £30,000",
Errol McGlashan,Something to Take Off The Edge - Prison & Hostel Tour,"£24,556",20-Aug-25,August,Q2,London,Lambeth,Theatre,"£30,000 and below",
Hastings Storytelling Festival,Hastings Storytelling Festival 2025,"£51,119",21-Aug-25,August,Q2,South East,Hastings,Combined arts,"Above £30,000",
Figment Arts,Figment Collective (3rd submission),"£56,050",21-Aug-25,August,Q2,South East,Worthing,Visual arts,"Above £30,000",
Lauren Wilson,ORE PROJECTS MENTORING SCHEME,"£88,000",21-Aug-25,August,Q2,South East,East Hertfordshire,Visual arts,"Above £30,000",
Muddled Marauders,Club Smiley (R&D),"£18,917",27-Aug-25,August,Q2,London,Lambeth,Combined arts,"£30,000 and below",
lifted up community choir,Singinspiration26,"£29,800",27-Aug-25,August,Q2,South East,Hastings,Music,"£30,000 and below",
Robert James,Mods & Rockers: Lived Experiences From the 60's,"£34,843",27-Aug-25,August,Q2,South East,Spelthorne,Theatre,"£30,000 and below",
Hidden Track Theatre CIC,Benefits Quest R&D,"£29,990",27-Aug-25,August,Q2,North,Manchester,Theatre,"£30,000 and below",
PaddleBoat Theatre Company,The Jolly Christmas Postman – Co-creation and Show,"£29,000",27-Aug-25,August,Q2,South West,Exeter,Theatre,"£30,000 and below",
Tendai Dombojena,Our eyes looking for god,"£30,000",27-Aug-25,August,Q2,London,Greenwich,Music,"£30,000 and below",
lucyna rossa,"English Lands, Foreign Tales (R&D) Resubmission","£27,355",27-Aug-25,August,Q2,South West,Somerset,Theatre,"£30,000 and below",
Oliver Harrison,The Lower Ouse Valley Community Theatre Project,"£17,804",27-Aug-25,August,Q2,South East,Lewes,Theatre,"£30,000 and below",
Elizabeth Drury,RESUBMIT: Portal Projects - Workshops and Exhibition for people with lived experience of homelessness,"£29,792",27-Aug-25,August,Q2,London,Southwark,Visual arts,"£30,000 and below",
Janette Eddisford,FISH AND SCRIPTS,"£18,080",27-Aug-25,August,Q2,South East,Brighton and Hove,Theatre,"£30,000 and below",
Holistic Harmonies,Holistic Harmonies - End Of Life Music,"£19,930",27-Aug-25,August,Q2,North,Liverpool,Music,"£30,000 and below",
Whirlwind Recordings,STEP FORWARD REACH BACK 3,"£30,000",27-Aug-25,August,Q2,South East,Reigate and Banstead,Music,"£30,000 and below",
Arts at the Old Fire Station,Before the Millenium,"£30,000",27-Aug-25,August,Q2,South East,Oxford,Theatre,"£30,000 and below",
The Hermit Club,Hermit Music Club 2026,"£10,000",27-Aug-25,August,Q2,South East,Brentwood,Music,"£30,000 and below",
Lucrezia Galeone,La Bella Bimba Phase 2,"£14,779",27-Aug-25,August,Q2,London,Hammersmith and Fulham,Theatre,"£30,000 and below",
Glass House Dance,Stories from the Dance Floor,"£30,000",27-Aug-25,August,Q2,South East,Norwich,Dance,"£30,000 and below",
Blackstage Pole,Blackstage Reclamation: Impact and the Regions,"£27,000",27-Aug-25,August,Q2,London,Bromley,Dance,"£30,000 and below",
Rochdale Development Agency,Rochdale Music Stories,"£26,000",27-Aug-25,August,Q2,North,Rochdale,Music,"£30,000 and below",
Eva Wong,Story Feast Lit Fest 2025 (RESUBMISSION),"£19,890",27-Aug-25,August,Q2,London,Camden,Literature,"£30,000 and below",
Bobak Walker,"I'm Muslamic Don't Panik - stories of an Iranian, Bristolian, Hip-Hop head - rural & city engagement & touring 2025/26","£36,000",27-Aug-25,August,Q2,North,Leeds,Theatre,"£30,000 and below",
Dhruv Arts,London International Arts Festival 2025,"£13,980",27-Aug-25,August,Q2,London,Redbridge,Music,"£30,000 and below",
John Williams,No One is Listening-Devon tour and Outreach work,"£19,137",27-Aug-25,August,Q2,South West,Somerset,Theatre,"£30,000 and below",
DIPACT CIC,Global Roots Canvas,"£29,999",27-Aug-25,August,Q2,North,Manchester,Visual arts,"£30,000 and below",
A Zeldin Company,CARE Research and Development,"£30,000",27-Aug-25,August,Q2,London,Tower Hamlets,Theatre,"£30,000 and below",
New Generation Jazz Community Interest Company,Places and Spaces,"£29,115",27-Aug-25,August,Q2,South East,Brighton and Hove,Music,"£30,000 and below",
Jake Peach,Breakthrough Music Podcast,"£2,770",27-Aug-25,August,Q2,South East,Braintree,Music,"£30,000 and below",
Layla Chowdhury,American Candy Tour,"£20,715",27-Aug-25,August,Q2,London,Camden,Theatre,"£30,000 and below",
Tib Street Studios,Tib Street Studio - Artist Residency Takeover,"£25,345",27-Aug-25,August,Q2,North,Manchester,Theatre,"£30,000 and below",
N-Act Theatre in Schools,Rural Touring Pilot Phase One,"£21,880",27-Aug-25,August,Q2,South East,Southend-on-Sea,Theatre,"£30,000 and below",
Indie Novella Ltd,Taking Diversity Forward,"£16,500",27-Aug-25,August,Q2,South East,Cherwell,Literature,"£30,000 and below",
Marianne Pearce,The Malfi Project (resubmission),"£9,851",27-Aug-25,August,Q2,London,Haringey,Theatre,"£30,000 and below",
The Pen Theatre,South Bermondsey Theatre Season 2025 (3rd Resubmission),"£29,141",27-Aug-25,August,Q2,London,Southwark,Theatre,"£30,000 and below",
Britny Virginia Albert,Up In The Mango Trees,"£8,571",27-Aug-25,August,Q2,South East,Luton,Theatre,"£30,000 and below",
Poco Loco,Medway Sessions,"£29,622",27-Aug-25,August,Q2,South East,Medway,Music,"£30,000 and below",
Switchflicker Productions,Transform - resubmission,"£14,920",27-Aug-25,August,Q2,North,Manchester,Theatre,"£30,000 and below",
Zara Worth,Remaking Memories Together,"£10,381",27-Aug-25,August,Q2,North,County Durham,Visual arts,"£30,000 and below",
Hubbub Theatre Company,Co-Leadership Dance,"£32,909",28-Aug-25,August,Q2,Midlands,Derby,Theatre,"£30,000 and below",
Damayanthi Muthukumaranage,Recipes of Resilience - A Collective Arts Installation,"£30,887",28-Aug-25,August,Q2,Midlands,Wolverhampton,Visual arts,"£30,000 and below",
Emily Lloyd,Penguins Rural & Community Tour - North and Midlands - Phase 1,"£30,869",28-Aug-25,August,Q2,North,Rugby,Theatre,"£30,000 and below",
"Association of Ukrainians in Great Britain (AUGB), Nottingham branch",Music of Home,"£2,950",28-Aug-25,August,Q2,Midlands,Nottingham,Dance,"£30,000 and below",
New Nottingham Journal,Out of the Margins,"£3,700",28-Aug-25,August,Q2,Midlands,Broxtowe,Literature,"£30,000 and below",
No Jobs in the Arts,I See Zines and Wonders!,"£13,570",28-Aug-25,August,Q2,Midlands,High Peak,Literature,"£30,000 and below",
Tara Munroe,Black Star Murder Mystery,"£23,100",28-Aug-25,August,Q2,Midlands,Harborough,Theatre,"£30,000 and below",
ASHLEIGH GRAY,Healing Through Art: Designing & Delivering Writers’ & Community Wellbeing Workshops + Public Short Form Writing Showcase for Underrepresented Artists,"£34,431",28-Aug-25,August,Q2,Midlands,Chesterfield,Theatre,"£30,000 and below",
Emily Sherwood,3 in 3,"£30,763",28-Aug-25,August,Q2,Midlands,Derby,Theatre,"£30,000 and below",
Louis Kay-Price,Twenty Five Pages per Second,"£18,400",28-Aug-25,August,Q2,Midlands,Birmingham,Visual arts,"£30,000 and below",
Shobana Jeyasingh Dance Company,We Caliban Tour 2025/26,"£70,000",29-Aug-25,August,Q2,London,Westminster,Dance,"Above £30,000 - Over £30k Touring project",
Matt Miller,Fixing National Tour,"£41,071",29-Aug-25,August,Q2,Midlands,Nottingham,Theatre,"Above £30,000 - Over £30k Touring project",
Casey Bailey,Please Do Not Touch Tour,"£89,950",29-Aug-25,August,Q2,Midlands,Shropshire,Theatre,"Above £30,000 - Over £30k Touring project",
Rebel Sparks C.I.C.,Take Flight National Tour- Reaching early years,"£58,385",29-Aug-25,August,Q2,Midlands,Nottingham,Theatre,"Above £30,000 - Over £30k Touring project",
Cathy Waller,"The Us Suite: A touring triptych of film, exhibition, and live dance - mapping the unseen across people and place.","£124,681",29-Aug-25,August,Q2,London,Lambeth,Dance,"Above £30,000 - Over £30k Touring project",
Art Business Ltd,Transactionland High Street Tour 2026-27,"£58,790",29-Aug-25,August,Q2,South West,"Bristol, City of",Combined arts,"Above £30,000 - Over £30k Touring project",
Hijinx,Meet Fred 10th Anniversary Tour,"£80,850",29-Aug-25,August,Q2,Midlands,Cardiff,Theatre,"Above £30,000 - Over £30k Touring project",
Spiracle Audiobooks Ltd,"Audiobook in a Card, Scaling Up","£125,000",01-Sep-25,September,Q2,London,Islington,Literature,"Above £30,000 - Major Project",
Michael Wolters,Fairlight Second Round,"£62,488",02-Sep-25,September,Q2,Midlands,Birmingham,Theatre,"Above £30,000",
Joelle Taylor,Maryville engagement work,"£43,611",02-Sep-25,September,Q2,London,Haringey,Literature,"Above £30,000",
MAKEDA MAKES,The Takeover Series,"£80,520",02-Sep-25,September,Q2,London,Waltham Forest,Libraries,"Above £30,000",Universal Library Offers
In Good Company Limited,In Good Company (IGC) 2025-2026,"£108,399",02-Sep-25,September,Q2,Midlands,Chesterfield,Theatre,"Above £30,000",
Yorkshire Sound Women Network,Rewired,"£49,207",03-Sep-25,September,Q2,North,Kirklees,Music,"Above £30,000",
Breaking Barriers CIC,"Stories We Tell Rochdale, celebrating Town of Culture","£37,567",03-Sep-25,September,Q2,North,Rochdale,Not discipline specific,"Above £30,000",
Bournemouth Writing Festival,Bournemouth Writing Festival 2026,"£40,000",03-Sep-25,September,Q2,South West,"Bournemouth, Christchurch and Poole",Literature,"Above £30,000",
Salford Community Leisure Limited,Arts-InAccess,"£35,175",03-Sep-25,September,Q2,North,Salford,Not discipline specific,"Above £30,000",
Emily Lahouel,R&D -  OLALAOS,"£9,776",03-Sep-25,September,Q2,North,Manchester,Theatre,"£30,000 and below",
Lauren Gore,Shaping the Future of Tap: Innovation & Artistic Development - Resubmission,"£26,850",03-Sep-25,September,Q2,Midlands,Nuneaton and Bedworth,Dance,"£30,000 and below",
Daisy George Hingorani-Short,Shovel,"£5,951",03-Sep-25,September,Q2,London,Islington,Dance,"£30,000 and below",
Brenda Callis,Smalltown Boy South West & London Tour,"£33,654",03-Sep-25,September,Q2,South West,"Bristol, City of",Theatre,"£30,000 and below",
ADDINGTON AFRO-ETHNIC HEALTH PROMOTION GROUP,AfriKreation,"£25,193",03-Sep-25,September,Q2,London,Croydon,Combined arts,"£30,000 and below",
Odyssey Ensemble,The Lost Birds 2025,"£22,395",03-Sep-25,September,Q2,Midlands,North Northamptonshire,Music,"£30,000 and below",
StoryMatters,StoryMatters Creative Writing Programme 25/26,"£35,910",03-Sep-25,September,Q2,London,Croydon,Literature,"Above £30,000",
Five ASide Theatre CIC,"Saturday Soup: Bitter Leaf, Sweet Mouth","£18,377",03-Sep-25,September,Q2,London,Merton,Literature,"£30,000 and below",
Elizabeth Jane Klotz,"‘Abundance’: Intergenerational Performance, Gallery Installation & Embedded Workshop Series","£86,539",03-Sep-25,September,Q2,North,Gateshead,Dance,"Above £30,000",
Vital Beats,Vital Beats phase 5: National Scaling,"£68,804",03-Sep-25,September,Q2,South West,"Bristol, City of",Combined arts,"Above £30,000",
Lower Shaw Farm,Swindon Festival of Literature 2026 & ArtsWords 2025-26 Development Programme’,"£40,129",03-Sep-25,September,Q2,South West,Swindon,Literature,"Above £30,000",
Forest Forge Theatre,Theatre Forged in the Forest,"£72,935",03-Sep-25,September,Q2,South West,New Forest,Theatre,"Above £30,000",
Manchester Mega Mela,MMM 2025,"£58,900",03-Sep-25,September,Q2,North,Manchester,Combined arts,"Above £30,000",
Sanskruti Cambridge CIC,Tree of Life production and touring 2025-2026,"£50,657",03-Sep-25,September,Q2,South East,South Cambridgeshire,Dance,"Above £30,000",
Saranjit Birdi,"'Father's Lines' - New works, Exhibitions, Public Engagement, Performance and Dissemination Events","£26,550",03-Sep-25,September,Q2,Midlands,Birmingham,Combined arts,"£30,000 and below",
The Redeemed Productions,Congolese Music Development Programme,"£30,000",03-Sep-25,September,Q2,Midlands,Birmingham,Music,"£30,000 and below",
Wakefield Libraries,WordFest 2025,"£50,042",03-Sep-25,September,Q2,North,Wakefield,Libraries,"Above £30,000",Universal Library Offers
Sefton Libraries,Mental Health and Wellbeing,"£37,120",03-Sep-25,September,Q2,North,Sefton,Libraries,"Above £30,000",Universal Library Offers
Peter Whitfield,The Poetry and Music of Bolton Regeneration,"£27,909",03-Sep-25,September,Q2,North,Wigan,Literature,"£30,000 and below",
RISEUP,The Element,"£25,888",03-Sep-25,September,Q2,North,Manchester,Combined arts,"£30,000 and below",
Fidget Theatre CIO,The Elves & The Storyteller: Pilot Tour & Access Development 2025 Resubmit,"£29,995",03-Sep-25,September,Q2,North,Leeds,Theatre,"£30,000 and below",
Voce Books,"STORIE: Working Class wrtiter events, residency & publications RESUB","£16,818",03-Sep-25,September,Q2,Midlands,Birmingham,Literature,"£30,000 and below",
Samra Mayanja,DEAD DAD DEATH CULT (2025-2026),"£18,023",03-Sep-25,September,Q2,North,Southwark,Visual arts,"£30,000 and below",
Artmongers Action CIC,London School of Muralism 2026,"£18,850",03-Sep-25,September,Q2,London,Southwark,Visual arts,"£30,000 and below",
Alexander Duff,The Bridge 5,"£17,500",03-Sep-25,September,Q2,North,Gateshead,Combined arts,"£30,000 and below",
Carbon Theatre,CUB Library tour in Wigan & R&D for new co-created project,"£15,362",03-Sep-25,September,Q2,Midlands,Wigan,Libraries,"£30,000 and below",
Filskit Theatre Ltd,Xmas Lights Autumn and Winter 2025,"£28,724",03-Sep-25,September,Q2,South West,Winchester,Theatre,"£30,000 and below",
Oliver Hawes,Old Fat F**k,"£7,975",03-Sep-25,September,Q2,London,Tower Hamlets,Theatre,"£30,000 and below",
Squint Theatre Company LTD,RESUBMISSION: The Squint Playwriting Programme for Newham/Hackney/Waltham Forest Artists from Low-Income Backgrounds,"£30,000",03-Sep-25,September,Q2,London,Hackney,Theatre,"£30,000 and below",
RAWD CIO,RAWD x Blue Room: Winter Season Collaboration 2025,"£30,812",03-Sep-25,September,Q2,North,Liverpool,Combined arts,"£30,000 and below",
john powell-jones,The Crocodile of Sadness,"£25,757",03-Sep-25,September,Q2,North,Calderdale,Visual arts,"£30,000 and below",
Kinth Square,Three Little Pigs,"£31,041",03-Sep-25,September,Q2,London,Redbridge,Theatre,"£30,000 and below",
Maxim David James Stewart,The Singing Forest,"£29,800",03-Sep-25,September,Q2,Midlands,Telford and Wrekin,Visual arts,"£30,000 and below",
The Kala Chethena Kathakali Troupe,"A CELEBRATION OF KATHAKALI - classical dance drama of Kerala, south India.","£34,400",03-Sep-25,September,Q2,South West,Southampton,Theatre,"£30,000 and below",
Laura Hague,Do You Understand Me? - Educational Workshops & Indoor Dance Tour in the Midlands,"£33,788",03-Sep-25,September,Q2,Midlands,Solihull,Dance,"£30,000 and below",
Liberty Choir,Liberty Choir for Prisons 2025,"£69,873",04-Sep-25,September,Q2,South East,Hastings,Music,"Above £30,000",
Body Politic Dance,Body Politic Talent Development: Embedded place-based artist development & youth volunteer programme for hip hop dance artists in the South East,"£55,000",04-Sep-25,September,Q2,South East,Oxford,Dance,"Above £30,000",
Vanhulle Dance Theatre,OB/OLIVE BRANCH ACTIVITY A/W 2526,"£39,736",04-Sep-25,September,Q2,South East,East Cambridgeshire,Dance,"Above £30,000",
HurlyBurly,Resubmission: Carnival of the Babies making phase,"£52,774",04-Sep-25,September,Q2,South East,Brighton and Hove,Theatre,"Above £30,000",
Featured Artist Coalition,UK Artist Touring Fund,"£39,999",05-Sep-25,September,Q2,London,Southwark,Music,"Above £30,000",Supporting Grassroots Music
Marsden Mechanics,Grassroot Music Programme 2025/26,"£39,673",05-Sep-25,September,Q2,North,Kirklees,Music,"Above £30,000",Supporting Grassroots Music
Jamming Station CIC,Emerging artist gig programme,"£40,000",05-Sep-25,September,Q2,South West,South Hams,Music,"Above £30,000",Supporting Grassroots Music
Chai Wallahs Events Ltd,Where It All Began,"£39,908",05-Sep-25,September,Q2,South West,"Bristol, City of",Music,"Above £30,000",Supporting Grassroots Music
Jade Mash,The Aftercare Project,"£24,180",08-Sep-25,September,Q2,South East,South Oxfordshire,Combined arts,"£30,000 and below",
Hubert Green,Never Look Black / Scratch That,"£29,760",08-Sep-25,September,Q2,South East,Thanet,Visual arts,"£30,000 and below",
Spectrum WASP,Jam on with Spectrum WASP - 'Where every voice belongs',"£29,946",08-Sep-25,September,Q2,Midlands,Mansfield,Music,"£30,000 and below",
StrongBack Productions,SongMaps Rye '25-'26,"£27,362",08-Sep-25,September,Q2,London,Rother,Combined arts,"£30,000 and below",
Rank & File Theatre CIC,Journeys Beyond Borders: Stories of Belonging and Change,"£31,171",08-Sep-25,September,Q2,South East,West Berkshire,Theatre,"£30,000 and below",
Sarah Pickthall,Syncing Space - LEARNING DISABLED ARTISTS RESIDENCY AND EXHIBITION,"£35,389",08-Sep-25,September,Q2,South West,Brighton and Hove,Visual arts,"£30,000 and below",
Sarah Hughes,Haptic: Making Connections through Exploratory Music,"£3,959",08-Sep-25,September,Q2,South East,Chichester,Music,"£30,000 and below",
Samuel D Loveless,BENCHES - Resubmission,"£20,360",08-Sep-25,September,Q2,South West,Plymouth,Combined arts,"£30,000 and below",
Izzy Parriss Productions Ltd,The Things We Don't Say - Southwark Playhouse/Ustinov Studio Workshop,"£13,999",09-Sep-25,September,Q2,London,Hackney,Theatre,"£30,000 and below",
Amaal Said,Open Country,"£8,002",09-Sep-25,September,Q2,London,Hillingdon,Visual arts,"£30,000 and below",
Carmen Collective LTD,Carmen Collective Presents GAMEPLAY: Access-focused R&D + WIPs,"£6,344",09-Sep-25,September,Q2,London,Merton,Theatre,"£30,000 and below",
PASCALE MAYNARD,Roots Project,"£8,995",09-Sep-25,September,Q2,London,Hackney,Not discipline specific,"£30,000 and below",
Ferdous Hussein,"Sacred Patterns, Share Stories: Islamic Arts for All","£24,400",10-Sep-25,September,Q2,Midlands,Leicester,Visual arts,"£30,000 and below",
Muenda Kamara,Half Caste 1975,"£16,210",10-Sep-25,September,Q2,Midlands,North West Leicestershire,Literature,"£30,000 and below",
Michael Southan,You Should be Dancing R and D,"£32,654",10-Sep-25,September,Q2,Midlands,Wolverhampton,Dance,"£30,000 and below",
Rebecca Fuller,Echo Echo Echo Beach,"£32,710",10-Sep-25,September,Q2,South East,West Suffolk,Theatre,"£30,000 and below",
Jacqui Norton,"The Lyrics, The Music & The Money III 2025-26","£29,970",10-Sep-25,September,Q2,Midlands,North Northamptonshire,Music,"£30,000 and below",
Verity Bradley,FOLD,"£29,900",10-Sep-25,September,Q2,Midlands,Nottingham,Visual arts,"£30,000 and below",Unlocking Collections
Saffron Hall Trust,Essex Music Ecosystems R&D project phase 2,"£26,970",10-Sep-25,September,Q2,South East,Uttlesford,Music,"£30,000 and below",
Sandeep Dhaliwal,Give Em The Boot 2026 Resubmission,"£21,870",12-Sep-25,September,Q2,London,Hillingdon,Music,"£30,000 and below",Supporting Grassroots Music
Daniel Lovrinov,Nebo Arts Event Series 2025,"£17,144",12-Sep-25,September,Q2,London,Haringey,Music,"£30,000 and below",Supporting Grassroots Music
Future Days LTD,Weird on Purpose Open Call Development Programme,"£29,879",12-Sep-25,September,Q2,Midlands,Birmingham,Music,"£30,000 and below",Supporting Grassroots Music
The Holloway,"The Holloway Grassroots Music Venue, Norwich","£19,950",12-Sep-25,September,Q2,South East,Norwich,Music,"£30,000 and below",Supporting Grassroots Music
Revelation - St Marys Arts Trust,Create - Offshoots,"£29,060",12-Sep-25,September,Q2,South East,Ashford,Music,"£30,000 and below",Supporting Grassroots Music
Elevate Young Minds CIC,Face Festival 2025,"£68,000",17-Sep-25,September,Q2,North,Manchester,Combined arts,"Above £30,000",
Vision Redbridge Culture & Leisure - Libraries Service,Redbridge Festival of the Dead 2025,"£48,823",17-Sep-25,September,Q2,London,Redbridge,Combined arts,"Above £30,000",Universal Library Offers
Salford City Council,Lightwaves Salford 2025,"£60,000",17-Sep-25,September,Q2,North,Salford,Combined arts,"Above £30,000",
Stellar Creates,Happy Rooms 2026,"£58,000",17-Sep-25,September,Q2,North,Stockton-on-Tees,Visual arts,"Above £30,000",
Border Crossings,SUPPLIANTS OF SYRIA,"£45,000",17-Sep-25,September,Q2,London,Enfield,Theatre,"Above £30,000",
Liberdade community development trust,Building Belonging,"£99,597",17-Sep-25,September,Q2,North,Newcastle upon Tyne,Combined arts,"Above £30,000",
Queer Youth Art Collective CIC,"RESUBMISSION, Resilient, Independent and Collaborative Queer Youth","£58,600",17-Sep-25,September,Q2,London,Southwark,Combined arts,"Above £30,000",
The Music House,Back in the House II,"£46,542",17-Sep-25,September,Q2,North,Leeds,Music,"Above £30,000",
Ort Gallery,Ort Gallery 2026 Programme,"£87,340",17-Sep-25,September,Q2,Midlands,Birmingham,Not discipline specific,"Above £30,000",
Extraordinary Us CIC,The Museum of Me: Holistic Potential,"£90,957",17-Sep-25,September,Q2,Midlands,Coventry,Museums,"Above £30,000",
Shirley Jamil,Ward 76: Rochdale Based Tour,"£48,985",17-Sep-25,September,Q2,North,Rochdale,Theatre,"Above £30,000",
Swaledale Festival,Swaledale Festival 2026,"£52,000",17-Sep-25,September,Q2,North,North Yorkshire,Combined arts,"Above £30,000",
Scarabeus Theatre,Hear us Roar,"£47,769",17-Sep-25,September,Q2,London,Islington,Theatre,"Above £30,000",
Dark Horse Theatre,We're in Love (Actually) Dev,"£85,000",17-Sep-25,September,Q2,North,Kirklees,Theatre,"Above £30,000",
Stuff and Nonsense Theatre Company,LOSER! new studio scale show,"£50,712",18-Sep-25,September,Q2,South West,Dorset,Theatre,"Above £30,000",
TwoCan Inclusive Theatre Company,Soaring High,"£77,494",18-Sep-25,September,Q2,South West,Stroud,Theatre,"Above £30,000",
Victoria Briggs,Resubmission - Jane Austen Fan Club,"£79,991",18-Sep-25,September,Q2,South West,Wiltshire,Combined arts,"Above £30,000",
Author in Me,Resubmission: AIM Festival 2026,"£59,160",19-Sep-25,September,Q2,South East,Buckinghamshire,Literature,"Above £30,000",
Alexander Whitley Dance Company,"Innovation, AI & Interactive Technology in Dance Practice: Stage production, International Exchange & Knowledge Sharing","£69,390",19-Sep-25,September,Q2,South East,Ipswich,Digital Arts,"Above £30,000",
Cheshire East Libraries,Luminate 3,"£34,435",19-Sep-25,September,Q2,North,Cheshire East,Libraries,"Above £30,000",Universal Library Offers
Tilbury on the Thames Trust (CIO),Back on Track,"£250,000",19-Sep-25,September,Q2,South East,Thurrock,Combined arts,"Above £30,000 - Place Partnership project",
Livia Rita Heim,Avantgardeners Collective: International Tour,"£37,000",30-Sep-25,September,Q2,South East,Bedford,Dance,"Above £30,000 - Over £30k Touring project",
BOTIS SEVA / FAR FROM THE NORM LTD,Sing Child Sing 2026/27 Touring,"£186,499",30-Sep-25,September,Q2,London,Kingston upon Thames,Dance,"Above £30,000 - Over £30k Touring project",
Spiltmilk Dance,"Wonderland & Bloom – National touring of 2 shows for Older Adults in care home, hospital and community settings, from Spiltmilk Dance","£82,116",30-Sep-25,September,Q2,Midlands,Warwick,Dance,"Above £30,000 - Over £30k Touring project",
Boundless Theatre,Blue Mist - tour and young facilitators programme,"£92,844",30-Sep-25,September,Q2,London,Croydon,Theatre,"Above £30,000 - Over £30k Touring project",
Theatre Temoin Limited,FLOOD 2026 – UK Deaf Schools & Outdoor Festivals Tour,"£99,438",30-Sep-25,September,Q2,North,Cheshire West and Chester,Theatre,"Above £30,000 - Over £30k Touring project",
BirdGang Dance,HATCHWORK 26,"£39,200",01-Oct-25,October,Q3,London,Croydon,Dance,"Above £30,000",
Travelling Light Theatre Company,The Forest Door – Development and Practice,"£49,980",01-Oct-25,October,Q3,South West,"Bristol, City of",Theatre,"Above £30,000",
Hopetown Darlington,Hopetown Darlington Arthur Wharton Exhibition,"£45,750",01-Oct-25,October,Q3,North,Darlington,Museums,"Above £30,000",Unlocking Collections
Lincs Inspire Limited,Libraries at the heart of community wellbeing version 2,"£85,690",01-Oct-25,October,Q3,North,North East Lincolnshire,Libraries,"Above £30,000",Universal Library Offers
Quentin Blake Centre for Illustration,MURUGIAH: Ever Feel Like...,"£32,000",01-Oct-25,October,Q3,London,Camden,Visual arts,"Above £30,000",
New Elements,Festival of Tomorrow 2026,"£97,500",01-Oct-25,October,Q3,South West,Swindon,Combined arts,"Above £30,000",
Ebor Studios and Gallery,Programme of Activities 2025/26 RESUBMISSION,"£45,812",01-Oct-25,October,Q3,North,Rochdale,Visual arts,"Above £30,000",
Everywhere Everything Everyone,Hall Park & Seascale Light Works 2025,"£60,000",01-Oct-25,October,Q3,North,Cumberland,Combined arts,"Above £30,000",
Amy Golding,Shush Research and Development,"£52,397",01-Oct-25,October,Q3,North,North Tyneside,Theatre,"Above £30,000",
National Coal Mining Museum for England Trust Ltd,Sculpting the Community,"£76,143",01-Oct-25,October,Q3,North,Wakefield,Visual arts,"Above £30,000",
Wigan Council,Wigan Council,"£44,680",01-Oct-25,October,Q3,North,Wigan,Visual arts,"Above £30,000",
Meera Patel,(Resubmission) Sensing Indian Classical Dance - Attuning premiere and community engagement,"£89,958",01-Oct-25,October,Q3,London,Greenwich,Dance,"Above £30,000",
And Gather CIC,This Place Meant,"£36,024",02-Oct-25,October,Q3,South East,Folkestone and Hythe,Combined arts,"Above £30,000",
Nikki Mclusky,Circus Starlight Roadshow: Inspiring the Next Generation,"£55,813",03-Oct-25,October,Q3,Midlands,North Kesteven,Theatre,"Above £30,000",
Turned On Its Head,Sharing Shiny 2026,"£73,873",03-Oct-25,October,Q3,Midlands,Charnwood,Dance,"Above £30,000",
Breathe Arts Health Research,Breathe Melodies for Dads,"£92,944",08-Oct-25,October,Q3,London,Southwark,Music,"Above £30,000",
Greater London Authority,The Wake - artwork to honour the enslaved Africans who were trafficked as part of the transatlantic slave trade,"£100,000",08-Oct-25,October,Q3,London,Newham,Visual arts,"Above £30,000",
East Riding Creative Programmes,"Goole - Our Time, Our Town","£94,000",15-Oct-25,October,Q3,North,East Riding of Yorkshire,Combined arts,"Above £30,000",
The Creative Seed CIC,Light Up Your Life,"£49,700",15-Oct-25,October,Q3,North,South Tyneside,Combined arts,"Above £30,000",
Thomas Rosley,Poets Off The Endz - Chapter 2 Resubmission,"£60,272",15-Oct-25,October,Q3,Midlands,Nottingham,Literature,"Above £30,000",
Blowin a Hooley,H&W Play Development & Touring,"£98,778",15-Oct-25,October,Q3,North,Newcastle upon Tyne,Theatre,"Above £30,000",
Faye Claridge,We Youth: Brazilian/English Young Offenders Collaboration,"£41,290",15-Oct-25,October,Q3,Midlands,Rugby,Visual arts,"Above £30,000",
Independent Venue Week Ltd,IVW26 Independent Venue Week Year Y13,"£79,613",15-Oct-25,October,Q3,South East,Cheshire East,Music,"Above £30,000",
Suffolk County Council,Moving Minds,"£9,980",06-Nov-25,November,Q3,South East,Ipswich,Libraries,"Above £30,000",
Tri Tones Music,Upbeat 2026,"£29,995",18-Nov-25,November,Q3,Midlands,South Derbyshire,Music,"£30,000 and below",
Chie Hosaka,GAS,"£18,474",18-Nov-25,November,Q3,Midlands,Nottingham,Literature,"£30,000 and below",
Elevator Arts CIC,Excav8 2.0,"£23,223",19-Nov-25,November,Q3,South East,Southend-on-Sea,Digital Arts,"£30,000 and below",
Now Hear This Music C.I.C.,2026 - NHTM CIC,"£35,052",19-Nov-25,November,Q3,South West,North Somerset,Music,"£30,000 and below",
Fractured Land Collective,Truth or Folly,"£29,405",19-Nov-25,November,Q3,South East,Buckinghamshire,Combined arts,"£30,000 and below",
Imogen Stidworthy,"Radical Therapies, 2nd Re-Submission","£24,726",19-Nov-25,November,Q3,North,Liverpool,Visual arts,"£30,000 and below",
Caroline Lucinda Celia Reyer,The Art of Becoming: Early Women Innovators and Their Journeys,"£17,930",19-Nov-25,November,Q3,London,Hounslow,Digital Arts,"£30,000 and below",
Corrina Abrook,The Dress of Great Expectations,"£19,996",19-Nov-25,November,Q3,South West,Portsmouth,Visual arts,"£30,000 and below",
The Poetry Business,Poetry Through The Library Project,"£25,416",19-Nov-25,November,Q3,North,Sheffield,Literature,"£30,000 and below",
Nicholas Martin Evans,Calm Amidst the Chaos,"£1,146",19-Nov-25,November,Q3,London,Hammersmith and Fulham,Music,"£30,000 and below",
Ian Giles,Queer Britain: Everyone Involved - Community Events and Exhibition,"£20,064",19-Nov-25,November,Q3,London,Islington,Visual arts,"£30,000 and below",
Oasis Children's Venture,Oasis Media Hub,"£29,952",19-Nov-25,November,Q3,London,Lambeth,Combined arts,"£30,000 and below",
Freedom from Torture,Write to Life,"£15,000",19-Nov-25,November,Q3,London,Islington,Literature,"£30,000 and below",
cabinet of living cinema,The Masked Orchestra,"£12,726",19-Nov-25,November,Q3,South West,"Bournemouth, Christchurch and Poole",Music,"£30,000 and below",
The Dionysus Ensemble,Resilience in Slough’s children,"£28,894",19-Nov-25,November,Q3,South East,Slough,Music,"£30,000 and below",
April Small,DRAGONFLY,"£16,220",19-Nov-25,November,Q3,South East,Hastings,Theatre,"£30,000 and below",
Clarisse Makundul,Night City at Southwark Playhouse,"£30,000",19-Nov-25,November,Q3,London,Richmond upon Thames,Theatre,"£30,000 and below",
Lorraine Lucas,Folkestone Songwriting Festival 2025: Wintering,"£35,298",19-Nov-25,November,Q3,South East,Folkestone and Hythe,Music,"£30,000 and below",
Verity Standen Projects Ltd,Everything Slips Premiere Tour,"£79,920",20-Nov-25,November,Q3,South West,Somerset,Music,"Above £30,000 - Over £30k Touring project",
Deadman,The Freshwater Five On Tour,"£40,500",20-Nov-25,November,Q3,South West,Isle of Wight,Theatre,"Above £30,000 - Over £30k Touring project",
Asif Khan,Sisters360 Touring fund 2026,"£49,000",20-Nov-25,November,Q3,London,Croydon,Theatre,"Above £30,000 - Over £30k Touring project",
Pilot Theatre Ltd,Noughts & Crosses 2026,"£168,022",20-Nov-25,November,Q3,North,York,Theatre,"Above £30,000 - Over £30k Touring project",
Frozen Light,The Ancient Oak of Baldor 4th Touring Season,"£70,045",20-Nov-25,November,Q3,South East,Norwich,Theatre,"Above £30,000 - Over £30k Touring project",
Music Beyond Mainstream,MBM touring & network development 2026,"£198,935",20-Nov-25,November,Q3,South West,Basingstoke and Deane,Music,"Above £30,000 - Over £30k Touring project",
Box Clever Theatre Company,The Hate Play- combatting extremism through theatre,"£84,000",20-Nov-25,November,Q3,Midlands,Boston,Theatre,"Above £30,000 - Over £30k Touring project",
John Yayen,Transplanted,"£5,772",26-Nov-25,November,Q3,South East,Cambridge,Visual arts,"£30,000 and below",
Malik Nashad Sharpe,The Healing Industry R+D,"£33,100",26-Nov-25,November,Q3,London,Lambeth,Dance,"£30,000 and below",
Emma Molony,Printed Matter(s): Nature-based experimental printmaking,"£12,900",26-Nov-25,November,Q3,South West,East Devon,Visual arts,"£30,000 and below",
Emily Brown,Pleasure Incorporated: Redevelopment and Touring,"£19,298",26-Nov-25,November,Q3,North,Kirklees,Theatre,"£30,000 and below",
Curl Girl Productions CIC,Resubmission - The Magical Adventures of Super Singh,"£36,620",26-Nov-25,November,Q3,Midlands,Sandwell,Theatre,"£30,000 and below",
Jake Yeboah,Diary of an ABC - Resubmission,"£30,781",26-Nov-25,November,Q3,South East,Adur,Combined arts,"£30,000 and below",
Francesca Baglione,Club Video Project,"£24,702",26-Nov-25,November,Q3,South East,Brighton and Hove,Combined arts,"£30,000 and below",
Lata Desai,Legacy of Agra Gharana,"£8,426",26-Nov-25,November,Q3,London,Croydon,Music,"£30,000 and below",
Stammers Matter,Stammers Matter R&D - Resubmission,"£30,076",26-Nov-25,November,Q3,Midlands,Broxtowe,Dance,"£30,000 and below",
Adam Kammerling,New Horizons,"£29,910",26-Nov-25,November,Q3,London,Waltham Forest,Literature,"£30,000 and below",
Animated Objects Community Arts Ltd.,Scarborough 400,"£30,000",26-Nov-25,November,Q3,North,North Yorkshire,Combined arts,"£30,000 and below",
jacksonandjune,HANDS & FEET (RESUB)- Writing/R&D of new play on erosion of democracy in Hong Kong; co-creation dev,"£35,355",26-Nov-25,November,Q3,London,Croydon,Theatre,"£30,000 and below",
Lighthaus Arts CIC,Grounding: Community | Collaboration | Creativity,"£23,500",26-Nov-25,November,Q3,Midlands,Warwick,Combined arts,"£30,000 and below",
Imogen Reeve & Co.,Mother Computer Resubmission 3,"£29,997",26-Nov-25,November,Q3,South West,Cornwall,Combined arts,"£30,000 and below",
New Future Collective,Doughnut & Mouth,"£24,407",26-Nov-25,November,Q3,London,Hackney,Theatre,"£30,000 and below",
Dominic Nelson-Ashley,POETIC SYMPHONY,"£12,000",26-Nov-25,November,Q3,North,Stockton-on-Tees,Literature,"£30,000 and below",
Neil Kelso,"Sounds Impossible: R+D, Production + Engagement - Resubmission","£36,882",26-Nov-25,November,Q3,South West,Fareham,Theatre,"£30,000 and below",
Nicola Werenowska,R&D Theatre Adaptation in Tendring,"£16,958",26-Nov-25,November,Q3,South East,Colchester,Theatre,"£30,000 and below",
Helene Mathiesen,The Rain Show - A UK-Kenya collaboration for young audiences,"£20,535",26-Nov-25,November,Q3,London,Islington,Music,"£30,000 and below",
Fingers to the Bone Press & Youth X Mentoring CIC,Uprooting Hate - Unearthing Transformative Practice,"£32,995",26-Nov-25,November,Q3,London,Hackney,Visual arts,"£30,000 and below",
Metroland Culture Ltd,Community Commissions,"£29,991",02-Dec-25,December,Q3,London,Brent,Combined arts,"£30,000 and below",
Roberto Picciau,"An Exploration into Monotropism (workshops, exhibition, panel discussion)","£10,014",02-Dec-25,December,Q3,North,North Tyneside,Visual arts,"£30,000 and below",
Yorke Dance Project,Yorke Dance Project,"£29,806",02-Dec-25,December,Q3,London,Islington,Dance,"£30,000 and below",
Isa Suarez,LIVING STREAMS,"£28,720",02-Dec-25,December,Q3,London,Southwark,Music,"£30,000 and below",
The Archibald Corbett Community Library Arts and Heritage  Centre,Corbett Community Mosaic,"£21,980",02-Dec-25,December,Q3,London,Lewisham,Libraries,"£30,000 and below",Universal Library Offers
Matthew May,Joy Toy,"£22,018",02-Dec-25,December,Q3,London,Barking and Dagenham,Theatre,"£30,000 and below",
Angel Shed Theatre Company,Training for disabled and neurodiverse young people,"£25,519",02-Dec-25,December,Q3,London,Islington,Theatre,"£30,000 and below",
TILTED AXIS,Translating the Black Atlantic and the Black Pacific,"£30,000",02-Dec-25,December,Q3,London,Lambeth,Literature,"£30,000 and below",
MQT Productions,Resub #3 - GEORGE - UK Tour for LGBTQIA+ History Month 2026,"£23,968",02-Dec-25,December,Q3,London,Haringey,Theatre,"£30,000 and below",
Daryl & Co,Developing new touring networks,"£28,464",02-Dec-25,December,Q3,London,Islington,Theatre,"£30,000 and below",
IW Story Festival,Spread the Word,"£26,364",03-Dec-25,December,Q3,South West,Isle of Wight,Combined arts,"£30,000 and below",
Springs Dance Company,Jump In! 2026,"£27,841",03-Dec-25,December,Q3,South East,Mid Suffolk,Dance,"£30,000 and below",
Popber Lancaster Cic,Lancaster Lunar New Year Festival 2026,"£19,500",03-Dec-25,December,Q3,North,Manchester,Combined arts,"£30,000 and below",
The Social Agency,Everything's Possible,"£20,383",03-Dec-25,December,Q3,Midlands,Stoke-on-Trent,Theatre,"£30,000 and below",
Studio Go Go Limited,Paper Reindeer: a VR Swing ride co-created and run by young people in Brent,"£29,623",03-Dec-25,December,Q3,South East,Harlow,Digital Arts,"£30,000 and below",
Let's Go Yorkshire,Champion Sounds,"£26,980",03-Dec-25,December,Q3,North,Kirklees,Music,"£30,000 and below",
Cerys Duffy,Re-submission of You've Gone Quiet,"£29,482",03-Dec-25,December,Q3,South East,Brighton and Hove,Theatre,"£30,000 and below",
Community Mind Matters,The Rhythm Lives in Our Souls,"£29,860",03-Dec-25,December,Q3,Midlands,Leicester,Music,"£30,000 and below",
Jesmin Chowdhury,Ghoorni- a Disastrous Cycle,"£27,040",03-Dec-25,December,Q3,North,Manchester,Theatre,"£30,000 and below",
Adam Tulloch,Lived Experience Theatre - When I Was 10,"£29,684",03-Dec-25,December,Q3,Midlands,Broxtowe,Theatre,"£30,000 and below",
We Are Hera,In the Belly of the Beast,"£23,135",03-Dec-25,December,Q3,South East,Canterbury,Music,"£30,000 and below",
Dartmoor National Park Authority,Rivers and Moorland Festival,"£30,500",03-Dec-25,December,Q3,South West,Teignbridge,Combined arts,"£30,000 and below",
Deborah Newbold,Her Bloody Majesty R&D,"£22,533",03-Dec-25,December,Q3,North,Calderdale,Theatre,"£30,000 and below",
Sajida Asif,Coast Preservation,"£31,950",03-Dec-25,December,Q3,Midlands,Birmingham,Visual arts,"£30,000 and below",
Leicestershire Congolese Mutual Group,Amplify Youth,"£23,750",03-Dec-25,December,Q3,Midlands,Leicester,Music,"£30,000 and below",
Front Door Theatre,Three Little Pigs - On Your Doorstep,"£28,679",03-Dec-25,December,Q3,Midlands,Derby,Theatre,"£30,000 and below",
Liz Garland,Becoming Simone,"£28,549",03-Dec-25,December,Q3,South West,Wiltshire,Theatre,"£30,000 and below",
Open Music,Open Music - Festival Relaunch and Development,"£29,775",03-Dec-25,December,Q3,South East,Brighton and Hove,Music,"£30,000 and below",
Cassandra Catchpole,Winter FAF 2026,"£29,998",03-Dec-25,December,Q3,South East,Tendring,Combined arts,"£30,000 and below",
Aissatou Diop,AIDANCE: Testing Touring Models for Sabar & Djembe Dance,"£32,449",09-Dec-25,December,Q3,London,Tower Hamlets,Dance,"£30,000 and below",
The Etcetera Theatre LTD,Women Writers Festival 2026,"£25,000",09-Dec-25,December,Q3,London,Camden,Theatre,"£30,000 and below",
Daniel Casimir,Daniel Casimir Big Band Tour,"£29,300",09-Dec-25,December,Q3,London,Ealing,Music,"£30,000 and below",
Lucy Merriman,Culture Club - Printmaking Workshops,"£1,887",09-Dec-25,December,Q3,London,Hackney,Visual arts,"£30,000 and below",
WeJam,WeJam on Tour,"£29,491",09-Dec-25,December,Q3,London,Camden,Music,"£30,000 and below",
[Foreign Affairs],"Beyond Borders: Collaborating Internationally, Growing Together","£29,706",09-Dec-25,December,Q3,London,Hackney,Theatre,"£30,000 and below",
Yasarah Qureshi,Rules,"£26,850",09-Dec-25,December,Q3,London,Camden,Theatre,"£30,000 and below",
Major Books LTD,"Treasury of Vietnamese Folk Tales: A Season of Culture Through Book, Art, and Dialogue","£29,586",10-Dec-25,December,Q3,London,Islington,Literature,"£30,000 and below",
Archie Muir,The North Sea Ensemble,"£1,465",10-Dec-25,December,Q3,South East,East Suffolk,Theatre,"£30,000 and below",
D-Live!,3D Digital Platform,"£30,000",10-Dec-25,December,Q3,South East,Medway,Theatre,"£30,000 and below",
Visual Arts South West (VASW),"Sustainable, resourceful visual arts infrastructure and essential provision","£25,750",10-Dec-25,December,Q3,South West,"Bristol, City of",Visual arts,"£30,000 and below",
-,-,"£25,325",10-Dec-25,December,Q3,South West,South Gloucestershire,Music,"£30,000 and below",
Jessica Hudsley,Light Up Ramsgate,"£29,238",10-Dec-25,December,Q3,South East,Thanet,Combined arts,"£30,000 and below",
DALE EDWARDS,BLUE SKY THINKING,"£26,413",10-Dec-25,December,Q3,North,Bolton,Theatre,"£30,000 and below",
Bridge Creative Enterprise CIC,Illuminated Futures: Equinox Lights,"£29,780",10-Dec-25,December,Q3,North,County Durham,Visual arts,"£30,000 and below",
St.GeorgesTheatre,Stage Adaptation of Crossing the Line,"£29,850",10-Dec-25,December,Q3,South East,Great Yarmouth,Theatre,"£30,000 and below",
Seonaid Weightman,LGBTQ Asylum Seeker Workshops and Audio Drama Project,"£31,925",10-Dec-25,December,Q3,London,Salford,Theatre,"£30,000 and below",
Fake Escape Theatre,These Cities Are A Body 3rd Resubmission,"£33,900",10-Dec-25,December,Q3,South West,Bath and North East Somerset,Theatre,"£30,000 and below",
The Arts Development Company,Culture Quest,"£30,000",10-Dec-25,December,Q3,South West,Dorset,Combined arts,"£30,000 and below",
Hattie Collins,'Mine' R&D & Oral Histories,"£23,399",10-Dec-25,December,Q3,South West,East Devon,Theatre,"£30,000 and below",
Sheree Mack,Practicing Creative Fugitivity,"£8,000",10-Dec-25,December,Q3,North,North Tyneside,Literature,"£30,000 and below",
Kathryn Buckler,Susurrus Residency & Music Installation,"£14,907",10-Dec-25,December,Q3,South West,Cornwall,Visual arts,"£30,000 and below",
Kathleen Gander,"RESUBMISSION: The Lost and Found Museum, Stories Salvaged from Scrap","£16,110",10-Dec-25,December,Q3,South East,Adur,Visual arts,"£30,000 and below",
Hayley Davis,"Monstrous: Women, Myths and the Stories that Shape Us","£29,500",10-Dec-25,December,Q3,Midlands,Brighton and Hove,Literature,"£30,000 and below",
Birmingham Jazz,Across The Boundaries,"£11,500",10-Dec-25,December,Q3,Midlands,Birmingham,Music,"£30,000 and below",
Cloudburst Productions ltd,Legbreakers,"£14,880",10-Dec-25,December,Q3,South East,Cheshire East,Theatre,"£30,000 and below",
The Imagination Museum,Resubmission - The Imagination Museum 2026: co-commissioning dance/heritage with communities,"£29,979",10-Dec-25,December,Q3,South East,Runnymede,Dance,"£30,000 and below",
FOAOTMAD,Gainsborough American Old Time Music Festival,"£1,000",10-Dec-25,December,Q3,Midlands,West Northamptonshire,Music,"£30,000 and below",
Bodies in Action Engendering Contemporary Dance CIC,Affirming Our Identity: Phase 2 (3rd Resubmission),"£28,370",10-Dec-25,December,Q3,Midlands,"Herefordshire, County of",Dance,"£30,000 and below",
CRESCENDORIOUS LIMITED,Gotta Get Through This,"£33,664",10-Dec-25,December,Q3,South East,Thanet,Combined arts,"£30,000 and below",
Forget-me-not Chorus,FMNC: Singing Stronger in Cornwall,"£28,276",10-Dec-25,December,Q3,Midlands,Cardiff,Music,"£30,000 and below",
HQ CAN CIC,LMC2026,"£30,000",10-Dec-25,December,Q3,Midlands,Leicester,Music,"£30,000 and below",
D6 Culture Ltd,Contested Desires: North East Narratives (CDNEN),"£29,933",10-Dec-25,December,Q3,North,Newcastle upon Tyne,Visual arts,"£30,000 and below",
Tair Rafiq,Teatime with Gale,"£29,951",10-Dec-25,December,Q3,North,Rotherham,Theatre,"£30,000 and below",
Tricia Durdey,Upside Down in a Hoop,"£14,967",10-Dec-25,December,Q3,Midlands,Derbyshire Dales,Dance,"£30,000 and below",
Nicholas Royle,Roch-Tales - a place-based community creative writing project for priority place Rochdale,"£12,915",11-Dec-25,December,Q3,North,Manchester,Literature,"£30,000 and below",
University College London,Graphic Scores: Using sound and art to bring together young people living with Parkinson’s,"£29,912",11-Dec-25,December,Q3,London,Camden,Combined arts,"£30,000 and below",
Joe Strickland,Dramaturg Department Pilot,"£30,000",11-Dec-25,December,Q3,Midlands,Nottingham,Theatre,"£30,000 and below",
Slime & Pies Theatre Company,Saplings (resubmission),"£23,217",11-Dec-25,December,Q3,London,Lambeth,Theatre,"£30,000 and below",
Tuyet Huynh,Tam Cám: Reimagining Vietnamese Folklore for the Stage,"£30,000",11-Dec-25,December,Q3,London,Hackney,Theatre,"£30,000 and below",
Alice Boyd,Shifting Soundscapes: A Live Listening Experience of Environmental Change,"£14,974",11-Dec-25,December,Q3,South West,Lewisham,Music,"£30,000 and below",
Will Jackson,Dashing - R&D - 3rd Attempt,"£30,830",11-Dec-25,December,Q3,Midlands,Birmingham,Theatre,"£30,000 and below",
University of Leicester School of Arts,Funny & Fearless: The Secret Life of Sue Townsend,"£29,927",11-Dec-25,December,Q3,Midlands,Leicester,Literature,"£30,000 and below",
Rich Rusk,Ordinary Extraordinary R+D,"£29,900",11-Dec-25,December,Q3,London,Islington,Theatre,"£30,000 and below",
Chris Campion,Sense Memory,"£39,510",11-Dec-25,December,Q3,London,Haringey,Theatre,"£30,000 and below",
Highly Sprung Performance,Physical Fellowship National,"£27,000",11-Dec-25,December,Q3,Midlands,Coventry,Combined arts,"£30,000 and below",
Reading Repertory Theatre,Berkshire Cultural Skills Hub,"£270,000",11-Dec-25,December,Q3,South East,Reading,Not discipline specific,"Above £30,000 - Place Partnership project",
Dorset Visual Arts,Dorset Visual Arts - Organisation and Network Growth and Development,"£22,760",15-Dec-25,December,Q3,South West,Dorset,Visual arts,"£30,000 and below",
One World Orchestra CIC,Songs of Sanctuary,"£18,654",15-Dec-25,December,Q3,South East,Brighton and Hove,Combined arts,"£30,000 and below",
David Hadland,Kozak,"£27,145",15-Dec-25,December,Q3,South East,Central Bedfordshire,Visual arts,"£30,000 and below",
Samuel Martin,MakeBeth - Development and Tour,"£29,749",15-Dec-25,December,Q3,South West,"Bristol, City of",Theatre,"£30,000 and below",
Big Christmas Wind Orchestra and Choir,Big Christmas and Summer Wind Orchestras,"£10,665",15-Dec-25,December,Q3,South East,Adur,Music,"£30,000 and below",
Britten Sinfonia,Making Waves with Music,"£29,887",15-Dec-25,December,Q3,South East,Cambridge,Music,"£30,000 and below",
Oriol Freixa Rafols,Rumba & Riddims: Unity in Sound from Bristol to Barcelona 2026,"£29,999",15-Dec-25,December,Q3,South West,"Bristol, City of",Music,"£30,000 and below",
Hastings Philharmonic Orchestra,HPO Open doors 10th Season,"£30,000",15-Dec-25,December,Q3,South East,Hastings,Music,"£30,000 and below",
Dylan Butler,The Carbonators - Participatory Film-making Project & Follow On Screenings,"£30,938",15-Dec-25,December,Q3,South East,Brighton and Hove,Music,"£30,000 and below",
Gossamer Fog,NLPG O30 Oct25,"£74,858",16-Dec-25,December,Q3,London,Lewisham,Digital Arts,"Above £30,000",
Feng Ling Productions,NLPG O30 Oct25,"£64,490",16-Dec-25,December,Q3,London,Haringey,Dance,"Above £30,000",
Suzanne Alleyne,NLPG O30 Oct25,"£61,500",16-Dec-25,December,Q3,London,Westminster,Combined arts,"Above £30,000",
Seke Chimutengwende,NLPG O30 Oct25,"£70,710",16-Dec-25,December,Q3,London,Haringey,Dance,"Above £30,000",
"Development Department, University of the Arts London",NLPG O30 Oct25,"£43,100",16-Dec-25,December,Q3,London,Camden,Visual arts,"Above £30,000",
Jonny Cordingley,NLPG O30 Oct25,"£36,563",17-Dec-25,December,Q3,North,Manchester,Theatre,"Above £30,000",
Vale and Downland Museum,NLPG O30 Oct25,"£100,000",17-Dec-25,December,Q3,South East,Vale of White Horse,Museums,"Above £30,000",Unlocking Collections
National Youth Ballet,NLPG O30 Oct25,"£59,954",17-Dec-25,December,Q3,South East,Horsham,Dance,"Above £30,000",
Motiv8 South Ltd.,NLPG O30 Oct25,"£79,728",17-Dec-25,December,Q3,South West,Portsmouth,Combined arts,"Above £30,000",
DanceHubCIC,NLPG O30 Oct25,"£69,759",17-Dec-25,December,Q3,South East,Crawley,Dance,"Above £30,000",
Huddersfield Literature Festival,NLPG O30 Oct25,"£49,750",17-Dec-25,December,Q3,North,Kirklees,Literature,"Above £30,000",
Didsbury Arts Festival,NLPG O30 Oct25,"£33,000",17-Dec-25,December,Q3,North,Manchester,Combined arts,"Above £30,000",
AE CREATIVE HUB CIC,NLPG O30 Oct25,"£49,995",17-Dec-25,December,Q3,South East,Medway,Digital Arts,"Above £30,000",
Xenia Aidonopoulou,NLPG O30 Oct25,"£63,636",17-Dec-25,December,Q3,South East,North Hertfordshire,Dance,"Above £30,000",
The Stage Door Southampton Ltd,NLPG O30 Oct25,"£52,483",17-Dec-25,December,Q3,South West,Southampton,Theatre,"Above £30,000",
Oxford City Council,NLPG O30 Oct25,"£97,940",17-Dec-25,December,Q3,South East,Oxford,Dance,"Above £30,000",
SoMi Academy CIC,NLPG O30 Oct25,"£39,368",17-Dec-25,December,Q3,North,Blackburn with Darwen,Music,"Above £30,000",
Comics Cultural Impact Collective,NLPG O30 Oct25,"£37,000",17-Dec-25,December,Q3,North,NULL,Literature,"Above £30,000",
Caroline Jester,Kidderminster Writes,"£21,974",17-Dec-25,December,Q3,Midlands,Wyre Forest,Theatre,"£30,000 and below",
Natalie Reckert,Songs for an Unwritten Sky,"£23,146",17-Dec-25,December,Q3,London,Islington,Combined arts,"£30,000 and below",
Dam Van Huynh,Resubmission - Poster for Peace Completion,"£30,000",17-Dec-25,December,Q3,London,Tower Hamlets,Dance,"£30,000 and below",
Martin Gooding,Not a Musical,"£29,476",17-Dec-25,December,Q3,Midlands,Stoke-on-Trent,Theatre,"£30,000 and below",
Taylor Made Arts,Co-creation Mablethorpe (Water safety),"£12,500",17-Dec-25,December,Q3,Midlands,West Lindsey,Theatre,"£30,000 and below",
Lost Cause,A Roaring Boy,"£23,320",17-Dec-25,December,Q3,Midlands,"Herefordshire, County of",Theatre,"£30,000 and below",
Cut Moose,Tales of Hilldrop Crescent,"£11,692",17-Dec-25,December,Q3,London,Islington,Theatre,"£30,000 and below",
Surge Forward Music and Arts CIC,Surge Series 2026,"£27,550",17-Dec-25,December,Q3,Midlands,Shropshire,Music,"£30,000 and below",
World Book Day,World Book Day in Communities,"£39,698",17-Dec-25,December,Q3,London,Westminster,Literature,"£30,000 and below",
The Hale,The Hale - Organisational Development 2025-2026,"£36,920",17-Dec-25,December,Q3,London,Haringey,Theatre,"£30,000 and below",
Greenwich Foundation for the Old Royal Naval College,Cornwallis Cloth Community Project,"£26,645",17-Dec-25,December,Q3,London,Greenwich,Visual arts,"£30,000 and below",
Sense of Locality,Upside-Down London: A Camera Obscura for Wellbeing,"£36,754",17-Dec-25,December,Q3,London,Enfield,Visual arts,"£30,000 and below",
Imogen Cahill,Chronic Craft Club,"£28,174",17-Dec-25,December,Q3,London,Bromley,Visual arts,"£30,000 and below",
Veaceslav Cebotari,WOW Time Show,"£26,875",17-Dec-25,December,Q3,London,Redbridge,Theatre,"£30,000 and below",
Alisha Miller,Women On The Move,"£28,745",17-Dec-25,December,Q3,Midlands,Nuneaton and Bedworth,Visual arts,"£30,000 and below",
Royal College of Nursing Library and Museum,A Balikbayan Box for Nursing,"£15,150",17-Dec-25,December,Q3,London,Westminster,Visual arts,"£30,000 and below",
omer Necmi Cavli,Hubble Bubble Sound Bazaar: refugee youth music studio at Settlement & Band on the Wall day festival,"£24,625",17-Dec-25,December,Q3,North,Salford,Combined arts,"£30,000 and below",
Victoria Cantons,A Formula for How to Find Love - public programme/new work for solo show at NPO Mimosa House,"£13,383",17-Dec-25,December,Q3,London,Kensington and Chelsea,Literature,"£30,000 and below",
Ella Dorton,"Give Us Bread, But Give Us Roses","£29,850",17-Dec-25,December,Q3,North,Newcastle upon Tyne,Visual arts,"£30,000 and below",
Leeds Library and Information Service,Leeds Storytelling Festival 2026,"£29,555",17-Dec-25,December,Q3,North,Leeds,Libraries,"£30,000 and below",Universal Library Offers
Caitlin Barnett,"Even the Devil has Demons Small Tour (Swindon, Basildon, Thurrock) + Regional YP CPD Engagement","£32,384",17-Dec-25,December,Q3,London,Lambeth,Dance,"£30,000 and below",
Pierre Bureau,Watney Market: Stories in Focus,"£12,000",17-Dec-25,December,Q3,London,Tower Hamlets,Combined arts,"£30,000 and below",
Laura Atherton,"R&D of Spring, a new writing play about fertility difficulties and climate anxiety","£15,558",17-Dec-25,December,Q3,London,Wigan,Theatre,"£30,000 and below",
Orchestra of the Swan,Symphony of the Harmony of Celestial Revelations,"£30,000",17-Dec-25,December,Q3,Midlands,Warwick,Visual arts,"£30,000 and below",
The OHMI Trust,OHMI Strategic Review 2025,"£10,000",17-Dec-25,December,Q3,Midlands,Birmingham,Music,"£30,000 and below",
Inua Ellams,The ESEA RAP Parties,"£25,309",17-Dec-25,December,Q3,London,Lewisham,Literature,"£30,000 and below",
Hikapee,NLPG O30 Nov25,"£67,300",17-Dec-25,December,Q3,South East,Epsom and Ewell,Theatre,"Above £30,000",
Laura Grillo,'What Would Jarvis Do?' Theatre Show,"£26,531",18-Dec-25,December,Q3,London,Ealing,Theatre,"£30,000 and below",
Mahshidossadat Alavizadeh,Torang,"£17,490",18-Dec-25,December,Q3,North,Leeds,Dance,"£30,000 and below",
Skills Development Training,Together in Rhythm,"£24,080",18-Dec-25,December,Q3,London,Lambeth,Music,"£30,000 and below",
Theatre Royal Masterclass Trust,TheatreCraft Next Generation & TheatreCraft at the Big Bang,"£30,000",18-Dec-25,December,Q3,London,Camden,Theatre,"£30,000 and below",
Michelle Stannard,"Access, Arts and Adventures 2026","£33,821",18-Dec-25,December,Q3,South East,Derby,Combined arts,"£30,000 and below",
Absolute Return for Kids (Ark),Co-creating quality theatre with children,"£29,783",18-Dec-25,December,Q3,London,Hammersmith and Fulham,Theatre,"£30,000 and below",
Benoit Granier,City That Shaped Us: Coventry,"£22,060",18-Dec-25,December,Q3,Midlands,Birmingham,Combined arts,"£30,000 and below",
Molly Bonnell,Tele Hill Arts Club,"£21,006",18-Dec-25,December,Q3,London,Southwark,Visual arts,"£30,000 and below",
Evva Mizerska,Zemlinsky Trio - British Chamber Voices,"£5,500",18-Dec-25,December,Q3,London,Haringey,Music,"£30,000 and below",
Prathiba Batley,Dirty Secrets: Honour and Shame,"£30,000",18-Dec-25,December,Q3,North,Kirklees,Combined arts,"£30,000 and below",
English Symphony Orchestra,ESO Developing new partners & new programmes 2026,"£29,990",18-Dec-25,December,Q3,Midlands,Worcester,Music,"£30,000 and below",
VoiceChoice,Operation Operatic,"£25,175",18-Dec-25,December,Q3,Midlands,Nottingham,Music,"£30,000 and below",
RAWD CIO,"Don't Call Us, We'll Call You: Development of RAWD Rep Company, Production & Launch Tour","£41,159",18-Dec-25,December,Q3,North,Liverpool,Theatre,"£30,000 and below",
Milli-Rose RUBIN,Crossword Lyric,"£18,140",18-Dec-25,December,Q3,London,Camden,Music,"£30,000 and below",
Eduardo Arcelus,I Dream of Rabbits: Performance R&D on HIV denial,"£33,059",18-Dec-25,December,Q3,London,Southwark,Theatre,"£30,000 and below",
Hannah Regel,Completing my second poetry collection,"£8,400",18-Dec-25,December,Q3,London,Tower Hamlets,Literature,"£30,000 and below",
Kings Place Music Foundation,Renell Shaw Residency at Kings Place,"£25,000",18-Dec-25,December,Q3,London,Islington,Music,"£30,000 and below",
Break-Thru Productions,The Cold Room,"£25,000",18-Dec-25,December,Q3,London,Southwark,Theatre,"£30,000 and below",
The Ivors Academy Trust,Composing To Visuals,"£12,372",18-Dec-25,December,Q3,London,Westminster,Music,"£30,000 and below",
Se19DanceProject CIC,Mission Earth,"£23,336",18-Dec-25,December,Q3,London,Bromley,Dance,"£30,000 and below",
Frances Moore Fahey,Funeral Sandwiches 2026,"£25,559",18-Dec-25,December,Q3,London,Hackney,Theatre,"£30,000 and below",
Rory Studio CIC,Signs Alive Festival,"£48,987",18-Dec-25,December,Q3,North,Newcastle upon Tyne,Combined arts,"£30,000 and below",
Seyi Adelekun,Well Keepers,"£18,160",18-Dec-25,December,Q3,London,Camden,Dance,"£30,000 and below",
enJOY arts,"Tits, Bits and Other Stories: Creatively Exploring Women's Health","£18,350",18-Dec-25,December,Q3,North,Stockport,Theatre,"£30,000 and below",
Mark Ashmore,Terms & Conditions Regional Tour,"£30,771",18-Dec-25,December,Q3,Midlands,Amber Valley,Theatre,"£30,000 and below",
Matthew Randall,"Chasing Icarus, Phase Two","£29,950",18-Dec-25,December,Q3,London,Lewisham,Theatre,"£30,000 and below",
Estella Lamy,Illuminations,"£32,300",18-Dec-25,December,Q3,London,Redbridge,Theatre,"£30,000 and below",
Alexis Shiolou,SMOKE,"£25,548",18-Dec-25,December,Q3,London,Brent,Theatre,"£30,000 and below",
Anthony Donnelly,Illuminate: Nottingham / Light Painting Workshops for Nottingham Schools,"£12,990",18-Dec-25,December,Q3,Midlands,Broxtowe,Visual arts,"£30,000 and below",
Alice Chambers,Creativity & Healing: co-creation with SV survivors to make a sensory installation & zine (2),"£29,875",18-Dec-25,December,Q3,Midlands,Birmingham,Combined arts,"£30,000 and below",
Pippa Cleary,Treasure Island Cast Recording & Workshop,"£9,950",18-Dec-25,December,Q3,London,Islington,Theatre,"£30,000 and below",
Northern Rascals CIC,Sunny Side: Spring 2026 Northern Priority Tour,"£31,568",18-Dec-25,December,Q3,North,Calderdale,Dance,"£30,000 and below",
Rosetta Life,Learn from Us Tour,"£145,250",18-Dec-25,December,Q3,South East,West Oxfordshire,Not discipline specific,"Above £30,000 - Over £30k Touring project",
Arthur's Club,Stories from the Island Tour (Resubmission),"£67,373",18-Dec-25,December,Q3,South West,Cornwall,Theatre,"Above £30,000 - Over £30k Touring project",
Gabrieli,Gabrieli Roar: Vivaldi Gloria tour,"£50,000",18-Dec-25,December,Q3,London,Islington,Music,"Above £30,000 - Over £30k Touring project",
Mary Mazzilli,Lightstreams - 2026 Tour,"£44,446",18-Dec-25,December,Q3,South East,Colchester,Theatre,"Above £30,000 - Over £30k Touring project",
Happy Accidents CIC,The Horsham Childrens Parade Project 2026,"£19,422",19-Dec-25,December,Q3,South East,Horsham,Combined arts,"£30,000 and below",
Callington Community Arts,Callington Spring,"£18,500",19-Dec-25,December,Q3,South West,Cornwall,Combined arts,"£30,000 and below",
Tom Marshman,Queer Working Lives,"£28,130",19-Dec-25,December,Q3,South West,North Somerset,Literature,"£30,000 and below",
Gareth Tomlinson,Constellations,"£34,448",19-Dec-25,December,Q3,South East,Thanet,Theatre,"£30,000 and below",
Simon Tarrant,"Magical Realms: Nature, Myth & Imagination","£5,000",19-Dec-25,December,Q3,South West,Winchester,Visual arts,"£30,000 and below",
Reading Borough Council,Rabbit on the Run,"£30,000",19-Dec-25,December,Q3,South East,Reading,Theatre,"£30,000 and below",Universal Library Offers
Confidance Limited,Give Me Space,"£36,150",19-Dec-25,December,Q3,South East,Folkestone and Hythe,Dance,"£30,000 and below",
Aphra Shemza Limited,shemza.digital - Roots,"£21,900",19-Dec-25,December,Q3,South East,Eastbourne,Visual arts,"£30,000 and below",
Chew Valley Performing Arts,The Chew Valley Hoard 2026,"£29,970",19-Dec-25,December,Q3,South West,North Somerset,Theatre,"£30,000 and below",Unlocking Collections
Roustabout Theatre,The Circulating Library R&D,"£29,994",19-Dec-25,December,Q3,South West,"Bristol, City of",Theatre,"£30,000 and below",
Linton Children's Book Festival,Linton Children's Book Festival 2026,"£8,000",19-Dec-25,December,Q3,South East,South Cambridgeshire,Literature,"£30,000 and below",
Viv Gordon Company,Restless Album,"£28,450",19-Dec-25,December,Q3,South West,South Gloucestershire,Music,"£30,000 and below",
Age UK Wiltshire,Creative Conversations,"£30,000",19-Dec-25,December,Q3,South West,Wiltshire,Combined arts,"£30,000 and below",
Alexander Davies,People of Dover,"£20,000",19-Dec-25,December,Q3,South East,Folkestone and Hythe,Visual arts,"£30,000 and below",
Action Hero,R+D for participatory multi-discipline work The Orchestra’s Guide to the Young Person,"£12,970",19-Dec-25,December,Q3,South West,South Gloucestershire,Music,"£30,000 and below",
Doors Open CIC,Unlocked Artists,"£23,500",06-Jan-26,January,Q4,London,Hackney,Music,"£30,000 and below",
Kineret Lourie,Conversations with AI Series 2,"£29,032",06-Jan-26,January,Q4,London,Lewisham,Digital Arts,"£30,000 and below",
Seán Butler,The Spectacular (Tour),"£19,961",06-Jan-26,January,Q4,London,Hackney,Theatre,"£30,000 and below",
Halfpace Theatre,NLPG O30 Oct25,"£53,490",06-Jan-26,January,Q4,London,Islington,Theatre,"Above £30,000",
Hannah Ferguson,NLPG O30 Oct25,"£78,040",06-Jan-26,January,Q4,London,Greenwich,Music,"Above £30,000",
susan lok,NLPG O30 Oct25,"£55,000",06-Jan-26,January,Q4,London,Waltham Forest,Visual arts,"Above £30,000",
Happy Valley Pride,NLPG O30 Oct25,"£43,826",07-Jan-26,January,Q4,North,Calderdale,Combined arts,"Above £30,000",
Tiny and Tall Productions Ltd,NLPG O30 Oct25,"£54,222",07-Jan-26,January,Q4,South West,"Bristol, City of",Theatre,"Above £30,000",
AmberSide Trust,NLPG O30 Oct25,"£50,000",07-Jan-26,January,Q4,North,Newcastle upon Tyne,Visual arts,"Above £30,000",Unlocking Collections
The Engine Room,NLPG O30 Oct25,"£62,000",07-Jan-26,January,Q4,North,Wigan,Theatre,"Above £30,000",
Stephen Kirby,NLPG O30 Oct25,"£46,705",07-Jan-26,January,Q4,North,North Yorkshire,Music,"Above £30,000",
TeesDance,NLPG O30 Oct25,"£105,000",07-Jan-26,January,Q4,North,Stockton-on-Tees,Dance,"Above £30,000",
RivelinCo Creative,NLPG O30 Oct25,"£95,145",07-Jan-26,January,Q4,North,Sheffield,Combined arts,"Above £30,000",
Kirklees Libraries,NLPG O30 Oct25,"£86,310",07-Jan-26,January,Q4,North,Kirklees,Libraries,"Above £30,000",Universal Library Offers
Chaos Arts CIC,NLPG O30 Oct25,"£50,000",07-Jan-26,January,Q4,North,Liverpool,Dance,"Above £30,000",
Hyndburn Cultural Investment Board,NLPG O30 Oct25,"£59,515",07-Jan-26,January,Q4,North,Hyndburn,Combined arts,"Above £30,000",
multi story theatre company,NLPG O30 Oct25,"£75,058",07-Jan-26,January,Q4,South West,North Devon,Theatre,"Above £30,000",
Actively SeeK.I.N.G...,NLPG O30 Oct25,"£78,343",07-Jan-26,January,Q4,London,Newham,Theatre,"Above £30,000",
Hear Me Out,NLPG O30 Oct25,"£60,000",07-Jan-26,January,Q4,London,Tower Hamlets,Music,"Above £30,000",
The Gate Theatre Company Ltd,NLPG O30 Oct25,"£59,942",07-Jan-26,January,Q4,London,Islington,Theatre,"Above £30,000",
Manchester City Of Literature,NLPG O30 Oct25,"£89,980",07-Jan-26,January,Q4,North,Manchester,Literature,"Above £30,000",
The Conscious Sisters CIC,NLPG O30 Oct25,"£64,490",07-Jan-26,January,Q4,South West,Plymouth,Visual arts,"Above £30,000",
Jamie Holman,Factory Floor,"£24,170",07-Jan-26,January,Q4,North,Blackburn with Darwen,Combined arts,"£30,000 and below",Unlocking Collections
Chetham's School of Music,Stoller Story Sounds in Greater Manchester,"£30,000",07-Jan-26,January,Q4,North,Manchester,Music,"£30,000 and below",
INK FESTIVAL,INK Festival 2026,"£30,000",07-Jan-26,January,Q4,South East,East Suffolk,Theatre,"£30,000 and below",
Charlotte Spencer Projects,"Listening Furniture creation, access testing & initial presentations Re-Submission","£15,000",07-Jan-26,January,Q4,South East,Brighton and Hove,Visual arts,"£30,000 and below",
Matthew Fowler,Welcome to the Neuroverse,"£16,225",07-Jan-26,January,Q4,Midlands,Derby,Literature,"£30,000 and below",
Cara Macwilliam,A multi-disciplinary installation with access at its core,"£43,697",07-Jan-26,January,Q4,North,Manchester,Visual arts,"£30,000 and below",
Rebecca Evans,Field/Zhèn: Research and Development,"£20,413",07-Jan-26,January,Q4,South West,Waltham Forest,Dance,"£30,000 and below",
Danielle Radway,To Be Seen: Danielle Radway Solo Exhibition 2026 (resubmission),"£17,258",07-Jan-26,January,Q4,Midlands,Birmingham,Visual arts,"£30,000 and below",
Thomas Kaniok,Mud Makes The Revivalists,"£14,324",07-Jan-26,January,Q4,South West,Cornwall,Visual arts,"£30,000 and below",
jas singh,Cognitive Distortion - R&D - Resubmission,"£32,077",07-Jan-26,January,Q4,Midlands,Leicester,Visual arts,"£30,000 and below",
Aarian Mehrabani,How's Your Head?,"£33,699",07-Jan-26,January,Q4,North,Cheshire East,Theatre,"£30,000 and below",
Kathryn Fox,Neurodiversity Creative Writing Workshops,"£17,885",07-Jan-26,January,Q4,North,North Tyneside,Literature,"£30,000 and below",
Tiffany Holland,Overgrown: Artist Development,"£29,890",07-Jan-26,January,Q4,Midlands,Gedling,Music,"£30,000 and below",
All Saints Church,Illuminate 2026,"£30,000",07-Jan-26,January,Q4,Midlands,West Lindsey,Combined arts,"£30,000 and below",
Alex Ho,Tangram x Live Comedy: REMIX,"£7,000",07-Jan-26,January,Q4,South East,Nottingham,Music,"£30,000 and below",
The Hinrichsen Foundation CIO,The Living Music Trust,"£10,450",07-Jan-26,January,Q4,South East,Reading,Music,"£30,000 and below",
Claque Theatre,The Migrants Journey,"£28,000",07-Jan-26,January,Q4,South East,Tunbridge Wells,Theatre,"£30,000 and below",
Lurid Editions,"Publishing, Audience Engagement and Development","£28,681",07-Jan-26,January,Q4,South West,"Bristol, City of",Literature,"£30,000 and below",
Geoffrey David Henckel,"MODZ2 - environment responsive, Interactive and improvised sonic journeys","£28,906",07-Jan-26,January,Q4,London,Southwark,Visual arts,"£30,000 and below",
Bethany Kapila,Ugly Opera,"£32,120",07-Jan-26,January,Q4,Midlands,Birmingham,Music,"£30,000 and below",
Jodie Cole,Feel the Beat Tour 2026,"£45,401",07-Jan-26,January,Q4,South East,Thanet,Dance,"£30,000 and below",
Lichfield Festival,Hidden Depths - Intergenerational Relationship Building,"£28,681",07-Jan-26,January,Q4,Midlands,Lichfield,Visual arts,"£30,000 and below",
Mike McGrother,An Infinite Hercules,"£27,500",07-Jan-26,January,Q4,North,Stockton-on-Tees,Music,"£30,000 and below",
DeNada Dance Theatre,Development Stage— Queer Dance Adaptation of Edward II with YP in Barnsley,"£31,251",07-Jan-26,January,Q4,North,Leeds,Dance,"£30,000 and below",
Simona Gibejova,Health is a Privilege,"£24,704",07-Jan-26,January,Q4,London,Barnet,Theatre,"£30,000 and below",
South Oxfordshire District Council,Southern Oxfordshire Culture & Creativity: Building Capacity for People and Place,"£30,000",07-Jan-26,January,Q4,South East,Vale of White Horse,Combined arts,"£30,000 and below",
Good Chance Theatre,A Grain of Sand,"£29,652",07-Jan-26,January,Q4,London,Tower Hamlets,Theatre,"£30,000 and below",
Sudden Productions,St Basils Pop Up Theatre 2026,"£9,000",07-Jan-26,January,Q4,Midlands,Birmingham,Theatre,"£30,000 and below",
Emma-Louise Howell,Lie In It,"£20,855",07-Jan-26,January,Q4,Midlands,South Holland,Theatre,"£30,000 and below",
Adam York Gregory,Balance (submission 2),"£12,300",07-Jan-26,January,Q4,North,Lancaster,Visual arts,"£30,000 and below",
Common Clay CIC,Common Clay Community Programme 2026-27,"£26,240",07-Jan-26,January,Q4,South East,Rother,Visual arts,"£30,000 and below",
TABB Creative ltd,Arts at the Heart,"£30,000",07-Jan-26,January,Q4,London,Harrow,Combined arts,"£30,000 and below",
surdce dance collective,Peperuda - a rain prayer,"£29,214",07-Jan-26,January,Q4,South East,Epping Forest,Dance,"£30,000 and below",
Feral Productions,NLPG O30 Oct25,"£81,680",08-Jan-26,January,Q4,Midlands,"Herefordshire, County of",Theatre,"Above £30,000",
Linden Dance Company CIC,NLPG O30 Oct25,"£55,216",08-Jan-26,January,Q4,Midlands,Birmingham,Dance,"Above £30,000",
Escape Arts,NLPG O30 Oct25,"£98,711",08-Jan-26,January,Q4,Midlands,Stratford-on-Avon,Not discipline specific,"Above £30,000",
Chronically ill Artists Network CIC,NLPG O30 Oct25,"£115,755",08-Jan-26,January,Q4,Midlands,Nottingham,Combined arts,"Above £30,000",
Bad Betty Press Limited,NLPG O30 Oct25,"£79,247",08-Jan-26,January,Q4,Midlands,Nottingham,Literature,"Above £30,000",
Centrala CIC,NLPG O30 Oct25,"£100,000",09-Jan-26,January,Q4,Midlands,Birmingham,Visual arts,"Above £30,000",
Derby Book Festival,NLPG O30 Oct25,"£67,420",09-Jan-26,January,Q4,Midlands,Derby,Literature,"Above £30,000",
Compass Dance,NLPG O30 Oct25,"£87,674",09-Jan-26,January,Q4,South East,Norwich,Dance,"Above £30,000",
Pedestrian Limited,NLPG O30 Oct25,"£78,640",09-Jan-26,January,Q4,Midlands,Leicester,Literature,"Above £30,000",
Little Green Pig,NLPG O30 Oct25,"£39,684",09-Jan-26,January,Q4,South East,Brighton and Hove,Literature,"Above £30,000",
Peterborough Sings!,NLPG O30 Oct25,"£38,650",09-Jan-26,January,Q4,South East,Peterborough,Music,"Above £30,000",
Lauren McCrostie,NLPG O30 Oct25,"£37,936",09-Jan-26,January,Q4,South East,Brighton and Hove,Theatre,"Above £30,000",
Charlie Mulliner,Obituary,"£8,000",13-Jan-26,January,Q4,London,Waltham Forest,Theatre,"£30,000 and below",
Kealy Whenray,Found Momentum R&D,"£18,360",13-Jan-26,January,Q4,South West,Dorset,Dance,"£30,000 and below",
Lavrak Circus,Shift to Producing Organisation and Circus Commissions,"£21,543",13-Jan-26,January,Q4,South West,"Bristol, City of",Theatre,"£30,000 and below",
Conor Dumbrell,'Sum of Our Parts': A devised promenade theatre piece about nationwide closure of community centres,"£33,956",13-Jan-26,January,Q4,London,Lambeth,Theatre,"£30,000 and below",
Gayle Chong Kwan,The Ancestral Fridge Project (resubmission),"£29,551",13-Jan-26,January,Q4,London,Waltham Forest,Digital Arts,"£30,000 and below",
Prodigal Theatre,"Kean, Lawrence, Legacy and Dance","£28,500",13-Jan-26,January,Q4,South West,Cornwall,Theatre,"£30,000 and below",
Openstorytellers,In Camera,"£30,560",13-Jan-26,January,Q4,South West,Somerset,Visual arts,"£30,000 and below",
Royal West of England Academy,Dance Out,"£29,559",13-Jan-26,January,Q4,South West,"Bristol, City of",Dance,"£30,000 and below",
Olivia Norris,"England, North America and European tour of TESTO: Acclaimed Solo Show from Wet Mess.","£36,682",13-Jan-26,January,Q4,London,Hackney,Theatre,"£30,000 and below",
Royal Northern College of Music,RNCM Children's Opera,"£16,100",13-Jan-26,January,Q4,North,Manchester,Music,"£30,000 and below",
Adrian Varela,Trio Uruguay Music Workshops 1,"£3,573",13-Jan-26,January,Q4,London,Lewisham,Music,"£30,000 and below",
Nii Parkes,The Violinists of Vienna,"£13,691",13-Jan-26,January,Q4,London,Lewisham,Literature,"£30,000 and below",
Haringey Shed,Showcase (Haringey Shed 25 years),"£29,736",13-Jan-26,January,Q4,London,Haringey,Combined arts,"£30,000 and below",
Sound Communities,Ocean Youth,"£29,700",13-Jan-26,January,Q4,South West,Torbay,Music,"£30,000 and below",
Felix Mufti-Wright,"Goths, Mings and Scruffs","£29,090",14-Jan-26,January,Q4,North,Liverpool,Literature,"£30,000 and below",
The Hub Arts Limited,Creative Incubator Tendring,"£25,449",14-Jan-26,January,Q4,South East,Tendring,Not discipline specific,"£30,000 and below",
Chiltern Arts,ListenUp: Inspiring a new generation of audiences,"£7,785",14-Jan-26,January,Q4,South East,Dacorum,Music,"£30,000 and below",
Kendal Pride,Kendal Pride 2026,"£30,800",14-Jan-26,January,Q4,North,Westmorland and Furness,Combined arts,"£30,000 and below",
HH Productions,R&D (test-show) - Cachés: clé à Dalí (Hidden: key to Dalí),"£30,000",14-Jan-26,January,Q4,London,Southwark,Theatre,"£30,000 and below",
James House,Space Between,"£14,762",14-Jan-26,January,Q4,North,Wakefield,Combined arts,"£30,000 and below",
liam gillies,An Absurdist Play Set On A Boat Research and Development,"£18,000",14-Jan-26,January,Q4,North,Liverpool,Theatre,"£30,000 and below",
anna tennant,Take a walk with me,"£26,771",14-Jan-26,January,Q4,North,North Yorkshire,Visual arts,"£30,000 and below",
Nick of Time Productions Ltd,Ukraine Unbroken,"£9,500",14-Jan-26,January,Q4,London,Westminster,Theatre,"£30,000 and below",
Mengting Zhuo,Still Noise,"£19,915",14-Jan-26,January,Q4,London,Hackney,Theatre,"£30,000 and below",
Steven Kasamba,Echoes of the Ancestors: Reawakening Memory & Wellness Through African Arts in Care,"£26,258",14-Jan-26,January,Q4,London,Hounslow,Combined arts,"£30,000 and below",
Kate Golledge,MISS MOORE THOUGHT OTHERWISE library & public spaces tour,"£26,850",14-Jan-26,January,Q4,South East,Hastings,Theatre,"£30,000 and below",
Alison Ray,TUPAC Hip Hop Opera R & D,"£31,049",14-Jan-26,January,Q4,London,Central Bedfordshire,Dance,"£30,000 and below",
Darren Henderson,Moving Imaginations: Clay Animation Workshops for Morecambe Youth,"£2,883",14-Jan-26,January,Q4,North,Lancaster,Visual arts,"£30,000 and below",
Hastings Traditional Jack in the Green,Hastings Traditional Jack In The Green 2026,"£30,000",14-Jan-26,January,Q4,South East,Hastings,Dance,"£30,000 and below",
Make & Mend Company,Make & Mend Festival 2026,"£28,756",14-Jan-26,January,Q4,North,Hartlepool,Visual arts,"£30,000 and below",
Mrs Bakers Medway Theatre Company Ltd,Sarah's Story,"£11,333",14-Jan-26,January,Q4,South East,Medway,Theatre,"£30,000 and below",
Sonia Hughes,"Lady Marmalade, Research & Development","£34,085",14-Jan-26,January,Q4,North,Kirklees,Theatre,"£30,000 and below",
Mudar Al-Khufash,Resubmission - Dialectics of Erasure,"£30,906",14-Jan-26,January,Q4,London,Islington,Theatre,"£30,000 and below",
Mariana Edurne Sequera Dorronsoro,Home and Away,"£5,829",14-Jan-26,January,Q4,North,Liverpool,Combined arts,"£30,000 and below",
Molly and Mango,Molly and Mango - Children's Makaton and Speech Support,"£26,000",14-Jan-26,January,Q4,South East,Bedford,Music,"£30,000 and below",
Claire Gebbett,Resubmission: R&D Project - Centring Disability in the East Anglian Arts Landscape,"£33,898",14-Jan-26,January,Q4,South East,Norwich,Visual arts,"£30,000 and below",
Edward Thompson,Apocalypse Remix,"£21,088",14-Jan-26,January,Q4,North,Leeds,Digital Arts,"£30,000 and below",
Deborah Hanna,Young People And Folk Music,"£16,673",14-Jan-26,January,Q4,South East,South Cambridgeshire,Music,"£30,000 and below",
Grzegorz Stefanski,No Bad Parts 2,"£14,250",14-Jan-26,January,Q4,London,Islington,Visual arts,"£30,000 and below",
HealthProm,Open Doors Project,"£20,000",14-Jan-26,January,Q4,London,Islington,Combined arts,"£30,000 and below",
SCANLON ARTS LTD,Attachment Theory,"£24,856",14-Jan-26,January,Q4,London,Haringey,Theatre,"£30,000 and below",
S.H.A.C.E (SIMON-HARTMAN ACADEMY OF CREATIVE EXCELLENCE) CIC,Transnational Threads - International Collaboration in Carnival Arts,"£29,975",14-Jan-26,January,Q4,South East,Luton,Combined arts,"£30,000 and below",
Amy Morvell,Resubmission 3: The Difference a Year Makes & Community Co-Creation,"£20,738",14-Jan-26,January,Q4,South East,Worthing,Dance,"£30,000 and below",
Debra Cowey,A Day in My Shoes,"£9,200",14-Jan-26,January,Q4,North,Gateshead,Literature,"£30,000 and below",
Michaela Cisarikova,Tractor Time!: community co-creation and tour,"£30,569",14-Jan-26,January,Q4,South East,Folkestone and Hythe,Dance,"£30,000 and below",
Finn Morrell,Temper Theatre: “LANDSLIDE” R&D,"£30,000",14-Jan-26,January,Q4,South East,East Cambridgeshire,Theatre,"£30,000 and below",
Gerrard Martin,"Ascension: an exploration of grief, vulnerability and care.","£26,699",15-Jan-26,January,Q4,Midlands,West Northamptonshire,Dance,"£30,000 and below",
Land and Leaf Collective Community Interest Company,Common Ground,"£27,000",15-Jan-26,January,Q4,Midlands,Lincoln,Visual arts,"£30,000 and below",
andrew dawson,the Bridge,"£29,980",15-Jan-26,January,Q4,Midlands,Mansfield,Combined arts,"£30,000 and below",
Alicia Gardener-Trejo,Home/Lands Tour,"£13,771",15-Jan-26,January,Q4,Midlands,Birmingham,Music,"£30,000 and below",
Daniel Lovatt,In the National Interest: Building community resilience against racism in Stoke-on-Trent,"£6,263",15-Jan-26,January,Q4,Midlands,Newcastle-under-Lyme,Theatre,"£30,000 and below",
Laura Ryder,The King Who Banned The Dark - R&D,"£20,900",15-Jan-26,January,Q4,Midlands,Erewash,Theatre,"£30,000 and below",
Dance Ascension CIC,Ascension - Company Development and Sustainablity.,"£28,185",15-Jan-26,January,Q4,Midlands,Coventry,Dance,"£30,000 and below",
Tori Drew,Move To Be Moved,"£26,096",15-Jan-26,January,Q4,Midlands,Dudley,Dance,"£30,000 and below",
Pardip Bhamrah,Sounds of the DES,"£3,100",15-Jan-26,January,Q4,Midlands,Solihull,Music,"£30,000 and below",
International Agatha Christie Festival,Agatha Christie Festival Learning Programme for Torbay Young People,"£29,000",19-Jan-26,January,Q4,South West,Torbay,Literature,"£30,000 and below",
FREESTYLE PERFORMING ARTS CIC,SEN Musical Theatre Pilot Scheme,"£16,226",19-Jan-26,January,Q4,South East,Tendring,Theatre,"£30,000 and below",
Katy Dye,Climate Grief Karaoke: Development + Outreach Phase,"£2,250",19-Jan-26,January,Q4,South East,Sevenoaks,Theatre,"£30,000 and below",
OffPiste Theatre,RANK - Theatre Tour,"£2,921",19-Jan-26,January,Q4,South West,Dorset,Theatre,"£30,000 and below",
Erica Grajner de Sá,‘Harmonic Journeys’ workshops linked to Classical music concert in Milton Keynes,"£9,248",19-Jan-26,January,Q4,South East,Central Bedfordshire,Music,"£30,000 and below",
Statuscreativecic,The Unity Project,"£26,711",19-Jan-26,January,Q4,South East,East Suffolk,Music,"£30,000 and below",
Alexander Merritt,Alex Merritt Quartet Tour- Improvising with Ecology for Inclusivity,"£13,346",19-Jan-26,January,Q4,London,"Bristol, City of",Music,"£30,000 and below",
Circa69 Ltd,Electric Dreaming AI Lab Development,"£29,962",19-Jan-26,January,Q4,South East,Brighton and Hove,Digital Arts,"£30,000 and below",
Natalie Thomas,In The Deep R&D,"£23,358",19-Jan-26,January,Q4,South East,Tonbridge and Malling,Theatre,"£30,000 and below",
Penned Up,Penned Up 2026: Stability and expansion through partnerships,"£27,000",19-Jan-26,January,Q4,South West,Wiltshire,Literature,"£30,000 and below",
Bandamonium Brass Band,Bandamonium 2026,"£17,825",19-Jan-26,January,Q4,South West,West Devon,Music,"£30,000 and below",
Rhys Williams,Everyone juggle,"£6,000",19-Jan-26,January,Q4,South West,Forest of Dean,Visual arts,"£30,000 and below",
Sam Massey,Beyond the Hills and Valleys - Steps to Success,"£18,992",19-Jan-26,January,Q4,South West,West Devon,Music,"£30,000 and below",
Divya Kasturi Company,MargaM 2nd Phase - a VR dance experience,"£30,598",19-Jan-26,January,Q4,South East,Stevenage,Dance,"£30,000 and below",
Tyresse Hare,In The Frame,"£19,800",19-Jan-26,January,Q4,South East,North Hertfordshire,Dance,"£30,000 and below",
Cerys Bradley,Queer Tales for Autistic Folk - Resubmission,"£19,775",20-Jan-26,January,Q4,London,Brent,Theatre,"£30,000 and below",
michael lord,The HeartShapes,"£7,450",20-Jan-26,January,Q4,London,Merton,Literature,"£30,000 and below",
emma + pj,The Shivers - UK National Tour,"£22,554",20-Jan-26,January,Q4,London,Camden,Theatre,"£30,000 and below",
Umi Ishihara,Nocturnal Melody,"£10,000",20-Jan-26,January,Q4,London,Greenwich,Visual arts,"£30,000 and below",
Julia Turpin,9a Projects Research & Development,"£12,800",20-Jan-26,January,Q4,North,Calderdale,Visual arts,"£30,000 and below",
Tim doyle,Chiminyo leverages NRG to launch a Young Musicians Development Programme,"£27,100",20-Jan-26,January,Q4,London,Haringey,Music,"£30,000 and below",
Quirk Theatre CIC,NLPG O30 Oct25,"£48,004",20-Jan-26,January,Q4,South West,Exeter,Theatre,"Above £30,000",
o-region,NLPG O30 Oct25,"£61,921",20-Jan-26,January,Q4,South West,Cornwall,Theatre,"Above £30,000",
Upfest,NLPG O30 Oct25,"£73,000",20-Jan-26,January,Q4,South West,"Bristol, City of",Visual arts,"Above £30,000",
Tom MacAndrew,Deptford Literature Festival 2026,"£31,636",20-Jan-26,January,Q4,London,Waltham Forest,Literature,"£30,000 and below",
In The Making CIC,NLPG O30 Oct25,"£45,107",20-Jan-26,January,Q4,London,Tower Hamlets,Music,"Above £30,000",
CRIPtic CIC,NLPG O30 Oct25,"£217,989",20-Jan-26,January,Q4,London,Lewisham,Theatre,"Above £30,000",
Theatre Royal & Royal Concert Hall Nottingham,NLPG O30 Oct25,"£99,500",20-Jan-26,January,Q4,Midlands,Nottingham,Theatre,"Above £30,000",
Lyra Bristol Poetry,NLPG O30 Oct25,"£46,733",20-Jan-26,January,Q4,South West,"Bristol, City of",Literature,"Above £30,000",
Koro Productions Ltd,NLPG O30 Oct25,"£47,500",20-Jan-26,January,Q4,London,Islington,Theatre,"Above £30,000",
Diverse Artists network,NLPG O30 Oct25,"£65,250",20-Jan-26,January,Q4,South West,"Bristol, City of",Not discipline specific,"Above £30,000",
Myrtle Theatre Company,NLPG O30 Oct25,"£71,546",20-Jan-26,January,Q4,South West,"Bristol, City of",Theatre,"Above £30,000",
SPUD,NLPG O30 Oct25,"£65,000",20-Jan-26,January,Q4,South West,New Forest,Combined arts,"Above £30,000",
Living Song CIC,Emerge,"£32,700",20-Jan-26,January,Q4,South East,Tower Hamlets,Music,"£30,000 and below",
BookTastic Network CIC,The Reading Spark: Delivering Transformative Creative Reading Experiences to Young People at Scale,"£24,150",21-Jan-26,January,Q4,South East,Bedford,Literature,"£30,000 and below",
Mukul and Ghetto Tigers,Cable Street - Resubmission: new theatre & new perspectives for touring (CS),"£26,333",21-Jan-26,January,Q4,London,Newham,Theatre,"£30,000 and below",
WingedChariot,Space Chariot R&D 2026,"£29,500",21-Jan-26,January,Q4,London,Harrow,Literature,"£30,000 and below",
St Michael's Hospice,Good Grief Hastings 2026,"£30,000",21-Jan-26,January,Q4,South East,Hastings,Combined arts,"£30,000 and below",
Skylight Circus Arts,Circus Routes,"£30,595",21-Jan-26,January,Q4,North,Rochdale,Theatre,"£30,000 and below",
Polite Rebellion,Polite Rebellion Organisational Development,"£39,480",21-Jan-26,January,Q4,North,Leeds,Not discipline specific,"£30,000 and below",
Croydon Makers & Creators,Together We Create,"£31,224",21-Jan-26,January,Q4,London,Croydon,Combined arts,"£30,000 and below",
Not a Duck Productions,Not a Duck Productions & Hart Gables Outreach Workshops,"£2,001",21-Jan-26,January,Q4,North,Hartlepool,Theatre,"£30,000 and below",
Enfield Libraries,Enfield Libraries - community outdoor spaces garden project,"£25,000",21-Jan-26,January,Q4,London,Enfield,Libraries,"£30,000 and below",Universal Library Offers
The HandleBards,Macbeth Schools Tour,"£9,950",21-Jan-26,January,Q4,North,Wigan,Theatre,"£30,000 and below",
TiME Technology in Music Education,Discover Careers in Music Tech!,"£25,900",21-Jan-26,January,Q4,South East,Spelthorne,Music,"£30,000 and below",
Broken Grey Wires Arts CIC,Broken Grey Wires - disability arts,"£28,650",21-Jan-26,January,Q4,North,Wigan,Visual arts,"£30,000 and below",
Audrey Cook,Bus Stop Goths - Tour 2026,"£25,850",21-Jan-26,January,Q4,North,Redcar and Cleveland,Theatre,"£30,000 and below",
Banner Repeater,"Meeting The Lough On It's Own Terms exhibition, live performance and talks programme","£15,828",21-Jan-26,January,Q4,London,Hackney,Visual arts,"£30,000 and below",
Stephen Fletcher,Beyond the Setback R&D,"£30,330",21-Jan-26,January,Q4,London,Lewisham,Theatre,"£30,000 and below",
Become United,BAME Womens Art Project,"£27,500",21-Jan-26,January,Q4,North,Rochdale,Visual arts,"£30,000 and below",
Carnival Cabaret,Bridging Culture Through Carnival,"£17,500",21-Jan-26,January,Q4,London,Hillingdon,Combined arts,"£30,000 and below",
TOMORROWS LEADERS NORTH EAST CIC,HISTORY REIMAGINED,"£14,300",21-Jan-26,January,Q4,North,Stockton-on-Tees,Combined arts,"£30,000 and below",
Angela Allaway,Legendary Creatures,"£31,223",21-Jan-26,January,Q4,North,Northumberland,Visual arts,"£30,000 and below",
Rcreatives,RCREATIVES ONLINE READS + LAB,"£13,890",21-Jan-26,January,Q4,London,Tower Hamlets,Theatre,"£30,000 and below",
Francesco Strocchi,The Blue Wall-dron project (working title),"£19,903",21-Jan-26,January,Q4,London,Lewisham,Visual arts,"£30,000 and below",
Hertfordshire Library Service,NLPG O30 Oct25,"£87,695",21-Jan-26,January,Q4,South East,Welwyn Hatfield,Libraries,"Above £30,000",Universal Library Offers
Daisy (Disability Arts in Surrey),NLPG O30 Oct25,"£73,615",21-Jan-26,January,Q4,South East,Reigate and Banstead,Visual arts,"Above £30,000",
Stoke-on-Trent Festival,NLPG O30 Oct25,"£96,000",21-Jan-26,January,Q4,Midlands,Stoke-on-Trent,Music,"Above £30,000",
Sasolo Arts and Development,NLPG O30 Oct25,"£43,168",21-Jan-26,January,Q4,Midlands,Warwick,Combined arts,"Above £30,000",
ARTS TRUST Productions,NLPG O30 Oct25,"£70,000",21-Jan-26,January,Q4,South East,Tendring,Combined arts,"Above £30,000",
Stryx,NLPG O30 Oct25,"£109,438",21-Jan-26,January,Q4,Midlands,Birmingham,Visual arts,"Above £30,000",
Tit for Tat Circus Ltd,NLPG O30 Oct25,"£62,694",21-Jan-26,January,Q4,South West,Eastbourne,Theatre,"Above £30,000",
Mark Grist,NLPG O30 Oct25,"£49,475",21-Jan-26,January,Q4,South East,Peterborough,Literature,"Above £30,000",
Hannah Conway,NLPG O30 Oct25,"£90,000",21-Jan-26,January,Q4,South East,Cambridge,Music,"Above £30,000",
Coventry University,NLPG O30 Oct25,"£49,573",21-Jan-26,January,Q4,Midlands,Coventry,Digital Arts,"Above £30,000",
Without Shape Without Form,NLPG O30 Oct25,"£47,261",21-Jan-26,January,Q4,South East,Slough,Combined arts,"Above £30,000",
Angela Nielsen,Angel Bear Magic,"£2,553",21-Jan-26,January,Q4,London,Hammersmith and Fulham,Literature,"£30,000 and below",
Elgar Festival,NLPG O30 Nov25,"£74,726",21-Jan-26,January,Q4,Midlands,Worcester,Music,"Above £30,000",
Susan Jamieson,Raising The Wreck Revisited,"£30,000",21-Jan-26,January,Q4,North,Calderdale,Theatre,"£30,000 and below",
Emily Ryalls,Barnsley Photo Festival,"£25,592",21-Jan-26,January,Q4,North,Wakefield,Visual arts,"£30,000 and below",
Katherine Hurley,RESUBMISSION 2: R&D Playing Pricey,"£26,450",21-Jan-26,January,Q4,London,Croydon,Theatre,"£30,000 and below",
Jean-Loup Pinson,A Moment of Deathlessness (Emily Dickinson R&D),"£14,526",21-Jan-26,January,Q4,London,Greenwich,Music,"£30,000 and below",
Bradford Active Dance,Bradford Active Dance - Cultural Steps Programme,"£29,555",21-Jan-26,January,Q4,North,Bradford,Dance,"£30,000 and below",
Dearne Culture Trust,Wath Community Festival,"£2,000",21-Jan-26,January,Q4,North,Rotherham,Combined arts,"£30,000 and below",
Gravesham Arts Salon,Gravesham Fringe Festival 2026,"£30,000",21-Jan-26,January,Q4,South East,Swale,Combined arts,"£30,000 and below",
Terraza Producciones,_JEEZUS!_ Scaling Latinx Queer Musical Theatre to Mid-Scale UK Touring,"£29,684",21-Jan-26,January,Q4,London,Southwark,Theatre,"£30,000 and below",
Jackdaw Media Limited,Shuggy Boats,"£19,634",21-Jan-26,January,Q4,North,Newcastle upon Tyne,Theatre,"£30,000 and below",
Amy Lever,Lost Girl,"£27,950",21-Jan-26,January,Q4,North,Trafford,Theatre,"£30,000 and below",
Paddy Gervers,Jonny & The Baptists’ Detective Agency: Development & preview tour of musical comedy play for childr,"£25,691",21-Jan-26,January,Q4,North,Sefton,Theatre,"£30,000 and below",
Victor Esses,Resubmission: Rage Trip R&D + Launch,"£28,742",21-Jan-26,January,Q4,London,Islington,Visual arts,"£30,000 and below",
English Chamber Orchestra,Seeds of Hope Calderdale 26,"£21,470",21-Jan-26,January,Q4,London,Westminster,Music,"£30,000 and below",
Danielle Henry,Full,"£14,397",21-Jan-26,January,Q4,North,Manchester,Theatre,"£30,000 and below",
Moving Art Management,MAM 10,"£28,530",21-Jan-26,January,Q4,North,North Tyneside,Dance,"£30,000 and below",
Joe Mallalieu,RUM: Regional Tour 2026,"£30,679",21-Jan-26,January,Q4,North,Stockport,Theatre,"£30,000 and below",
Quest Music Services,Disability Access to Urban Beats,"£27,454",21-Jan-26,January,Q4,South East,Thurrock,Music,"£30,000 and below",
formidAbility,"formidAbility Organisational Development: strategy, systems, stability, stand out rebrand & website","£35,939",22-Jan-26,January,Q4,Midlands,Birmingham,Music,"£30,000 and below",
Birmingham Gay Symphony Orchestra,"BGSO Spring Concert 2026 - Ney Rosauro Marimba Concerto No. 1, Sibelius Symphony No. 2 in D Major","£1,350",22-Jan-26,January,Q4,Midlands,Birmingham,Music,"£30,000 and below",
Karen Wicks,Out of The Box,"£15,142",22-Jan-26,January,Q4,Midlands,Tamworth,Visual arts,"£30,000 and below",
Jason Hall,Queering the Waterways: Artist Boat Residencies - R&D Phase 1 (October 2025 resubmission),"£29,557",22-Jan-26,January,Q4,Midlands,Nottingham,Combined arts,"£30,000 and below",
Patrick Toms,Full of Gas R&D,"£18,798",22-Jan-26,January,Q4,South East,Tendring,Theatre,"£30,000 and below",
Can't Sit Still,A Summer of Socks 2026,"£30,231",22-Jan-26,January,Q4,South West,South Gloucestershire,Theatre,"£30,000 and below",
Ian Billings,EUREKA!!!,"£28,400",22-Jan-26,January,Q4,Midlands,Wolverhampton,Literature,"£30,000 and below",
James Trevelyan,Chase R&D,"£12,836",22-Jan-26,January,Q4,Midlands,Birmingham,Theatre,"£30,000 and below",
Swindon Culture Collective CIC,Magic Swindon,"£600,000",26-Jan-26,January,Q4,South West,Swindon,Not discipline specific,"Above £30,000 - Place Partnership project",
o-region,White Horse Tour,"£81,312",27-Jan-26,January,Q4,South West,Cornwall,Theatre,"Above £30,000 - Over £30k Touring project",
John Webb,Fire Fire (Tour - Spring Summer 2026),"£55,509",27-Jan-26,January,Q4,South East,Thurrock,Theatre,"Above £30,000 - Over £30k Touring project",
Greenwich+Docklands Festivals,Global Streets 2026-2029,"£1,306,756",27-Jan-26,January,Q4,London,Greenwich,Combined arts,"Above £30,000 - Over £30k Touring project",
Jenni Lewin-Turner,"ENTANGLED COORDINATES (Phase 3) “This Is New Brighton"" Co-Created Theatre","£36,515",28-Jan-26,January,Q4,South East,Brighton and Hove,Theatre,"£30,000 and below",
Hannah Johper,Would You Rather?,"£16,800",28-Jan-26,January,Q4,Midlands,Mansfield,Theatre,"£30,000 and below",
Debbie Armour,Burd Ellen - Album 4,"£7,650",28-Jan-26,January,Q4,Midlands,Ashfield,Music,"£30,000 and below",
Jonathan Kaufman,Stag,"£27,355",28-Jan-26,January,Q4,London,Croydon,Theatre,"£30,000 and below",
Ross Millard,Sunderland Sunniside Nights,"£30,000",28-Jan-26,January,Q4,North,Newcastle upon Tyne,Combined arts,"£30,000 and below",
Charlotte Klein,Charli Taft Presents ULTRA: A UK–Korea Cross-Cultural R&B Performance Project,"£9,100",28-Jan-26,January,Q4,North,Knowsley,Music,"£30,000 and below",
Maria Pavledis,Jacket Women Exhibition,"£19,811",28-Jan-26,January,Q4,South East,Norwich,Visual arts,"£30,000 and below",Unlocking Collections
Aaron Simmonds,R+D Aaron Simmonds: Death,"£16,600",28-Jan-26,January,Q4,London,Harrow,Theatre,"£30,000 and below",
Divija Venkatesha Melally,One Foot/ A Dance,"£29,523",28-Jan-26,January,Q4,South West,"Bristol, City of",Dance,"£30,000 and below",
hilary jack,Expandin practice for solo exhibiton,"£12,000",28-Jan-26,January,Q4,North,Cheshire East,Visual arts,"£30,000 and below",
Clara Pais,Creative Lab Colchester,"£15,594",28-Jan-26,January,Q4,South East,Colchester,Combined arts,"£30,000 and below",
Louise Wildish,Create & Connect,"£31,800",28-Jan-26,January,Q4,Midlands,Rushcliffe,Theatre,"£30,000 and below",
Riverside Dance,These Stories We Tell,"£32,550",28-Jan-26,January,Q4,Midlands,Worcester,Dance,"£30,000 and below",
Carl Conway-Davis,The Things We Leave Behind,"£27,000",28-Jan-26,January,Q4,North,"Kingston upon Hull, City of",Combined arts,"£30,000 and below",
MWCREATIVES,The Producing Haus,"£14,734",28-Jan-26,January,Q4,North,North East Lincolnshire,Combined arts,"£30,000 and below",
Vinicius Salles,Residency for the Development of Immersive Ethics and Audience Agency for a New Show Rotten Meat at,"£13,800",28-Jan-26,January,Q4,London,Croydon,Theatre,"£30,000 and below",
Niche Artefact,Niche Artefact 2026,"£29,943",28-Jan-26,January,Q4,Midlands,Broxtowe,Combined arts,"£30,000 and below",
Frank Wurzinger,Don't Worry Be Happy,"£28,708",28-Jan-26,January,Q4,London,Haringey,Theatre,"£30,000 and below",
Ruth Spencer,Wanna Dance? Developing Our Dances,"£29,994",28-Jan-26,January,Q4,North,Cheshire West and Chester,Dance,"£30,000 and below",
Emile Clarke,Adventures in Hidden History,"£30,000",28-Jan-26,January,Q4,South West,Bath and North East Somerset,Combined arts,"£30,000 and below",
Space to Dream Gallery,Space to Dream Gallery: Empowering Young Artists aged 5-16,"£30,000",28-Jan-26,January,Q4,London,Lambeth,Visual arts,"£30,000 and below",
Theatre503 Ltd,Land Writes,"£16,660",28-Jan-26,January,Q4,London,Wandsworth,Theatre,"£30,000 and below",
Flotsam Sessions,"Flotsam Sessions: Community, Performance, Leadership.","£30,900",28-Jan-26,January,Q4,London,Newham,Music,"£30,000 and below",
Deal Music and Arts Limited,Deal Festival 2026,"£30,000",28-Jan-26,January,Q4,South East,Dover,Music,"£30,000 and below",
Abram Wilson Foundation for Creative Arts,RESUBMISSION Future Sound Music Education Programme 2026,"£30,000",28-Jan-26,January,Q4,North,Manchester,Music,"£30,000 and below",
WeAreCalatheaCIC,Level Up Calathea,"£30,073",28-Jan-26,January,Q4,Midlands,Birmingham,Theatre,"£30,000 and below",
We Are Not Saints,Change The Record,"£29,512",28-Jan-26,January,Q4,South East,Brighton and Hove,Music,"£30,000 and below",
Company Scheherazade,CROWN 2026,"£30,229",28-Jan-26,January,Q4,South West,South Hams,Dance,"£30,000 and below",
Mary Yelling,The Mary Yelling Songwriters' Incubator,"£20,682",28-Jan-26,January,Q4,South East,Tonbridge and Malling,Music,"£30,000 and below",
Newark Book Festival,Celebrate 10,"£31,250",28-Jan-26,January,Q4,Midlands,Newark and Sherwood,Combined arts,"£30,000 and below",
Joni-Rae Carrack,Pluck,"£4,916",28-Jan-26,January,Q4,South East,Brighton and Hove,Theatre,"£30,000 and below",
Ripon Theatre Festival,Ripon Theatre Festival 2026,"£22,500",28-Jan-26,January,Q4,North,North Yorkshire,Theatre,"£30,000 and below",
My Dog Sighs Limited,My Dog Sighs Treasure Hunt 2026,"£30,000",28-Jan-26,January,Q4,South West,Portsmouth,Visual arts,"£30,000 and below",
Community Music Cooperative CIC,Sanctuary in Song: Participatory Music for Critical Care,"£24,530",28-Jan-26,January,Q4,North,Manchester,Music,"£30,000 and below",
Ensemble Reza,Ensemble Reza School Programme 2026,"£30,000",28-Jan-26,January,Q4,South East,Mid Sussex,Music,"£30,000 and below",
Adedayo Adegbite-Sanusi,State of the Art: The Art of Storytelling,"£20,300",28-Jan-26,January,Q4,London,Hackney,Combined arts,"£30,000 and below",
Amy Wells,Collective Collab (Creative Development Programme),"£34,167",28-Jan-26,January,Q4,South East,Lewes,Combined arts,"£30,000 and below",
Blue Abyss Productions,BEN(d)S - R&D,"£38,741",28-Jan-26,January,Q4,South West,"Bournemouth, Christchurch and Poole",Theatre,"£30,000 and below",
Pete Letanka,Seven Dimensions of Hope,"£24,350",28-Jan-26,January,Q4,South East,St Albans,Music,"£30,000 and below",
Ribble Rivers Trust,Reading the River,"£29,512",28-Jan-26,January,Q4,North,Ribble Valley,Literature,"£30,000 and below",
Samuel Burt,Cultural Strings,"£19,940",28-Jan-26,January,Q4,North,County Durham,Music,"£30,000 and below",
Max Wallis,NLPG O30 Oct25,"£60,000",28-Jan-26,January,Q4,North,Chorley,Literature,"Above £30,000",
Hammond House Ltd,NLPG O30 Oct25,"£58,940",28-Jan-26,January,Q4,North,North East Lincolnshire,Literature,"Above £30,000",
Tees Music Alliance,NLPG O30 Oct25,"£39,639",28-Jan-26,January,Q4,North,Stockton-on-Tees,Music,"Above £30,000",
WigLe Dance CIC,NLPG O30 Oct25,"£45,000",28-Jan-26,January,Q4,North,Wigan,Dance,"Above £30,000",
Nuneaton & Bedworth Borough Council,Giant Dreams,"£750,000",30-Jan-26,January,Q4,Midlands,Nuneaton and Bedworth,Combined arts,"Above £30,000 - Major Project",
Artworx,Bridging The Water Art Project,"£13,026",03-Feb-26,February,Q4,South West,Fareham,Visual arts,"£30,000 and below",
Brigitte Voutsa,NLPG O30 Oct25,"£85,953",03-Feb-26,February,Q4,South East,Thanet,Combined arts,"Above £30,000",
The Barns Lamledra CIC,NLPG O30 Nov25,"£69,252",03-Feb-26,February,Q4,South West,Cornwall,Theatre,"Above £30,000",
JAM,NLPG O30 Nov25,"£42,000",03-Feb-26,February,Q4,South East,Ashford,Combined arts,"Above £30,000",
Gursimran Singh Saki,"Desi Futurism:Making Space, Nurturing Next-Gen, & Advancing Asian Representation in South West (SW)","£29,500",03-Feb-26,February,Q4,South West,"Bristol, City of",Music,"£30,000 and below",
Acrobatic Adventures CIC,Mother Deer Tour,"£26,981",03-Feb-26,February,Q4,South West,Bath and North East Somerset,Theatre,"£30,000 and below",
Tewkesbury Museum CIO,"RRR (Rationalise, Rivers, Reach)","£19,389",03-Feb-26,February,Q4,South West,Tewkesbury,Museums,"£30,000 and below",Unlocking Collections
Geraldine Garner,The Visitor R&D,"£3,407",03-Feb-26,February,Q4,South West,Havant,Theatre,"£30,000 and below",
Katie Lusby,Creative Rise Cornwall,"£27,451",03-Feb-26,February,Q4,South West,Cornwall,Theatre,"£30,000 and below",
Julia Mosley,‘Ghosts - the Virtuoso Voices of those as yet unheard',"£17,650",04-Feb-26,February,Q4,Midlands,Stoke-on-Trent,Music,"£30,000 and below",
Mohit Mathur,Are You Even Indian?,"£19,128",04-Feb-26,February,Q4,London,Lambeth,Theatre,"£30,000 and below",
Roxanne de Bastion,Here Lies Human - album research & development with Tony Visconti mentorship,"£11,000",04-Feb-26,February,Q4,London,Haringey,Music,"£30,000 and below",
Kathryn McGarr,Stardust,"£31,421",04-Feb-26,February,Q4,London,Croydon,Theatre,"£30,000 and below",
James Lee Brown,Shoveit! Studio's,"£25,975",04-Feb-26,February,Q4,North,Wakefield,Music,"£30,000 and below",
Kate Cooper,The Farm: Workshops and Rehearsals with Gypsy and Traveller Communities,"£23,866",04-Feb-26,February,Q4,South East,Chelmsford,Theatre,"£30,000 and below",
Oonagh Pennington-Wilson,MYTH TODAY: ECHOES,"£13,493",04-Feb-26,February,Q4,Midlands,Birmingham,Combined arts,"£30,000 and below",
Knowsley Library Service,"Knowsley Literature Festival—celebrating reading, writing & creativity for all ages","£26,131",04-Feb-26,February,Q4,North,Knowsley,Literature,"£30,000 and below",Universal Library Offers
Pocket Of Light Theatre Company,Untitled Doug Lucie Play (R&D),"£19,828",04-Feb-26,February,Q4,South East,Brighton and Hove,Theatre,"£30,000 and below",
Emily Moore,Another Sky 2026 season,"£32,000",04-Feb-26,February,Q4,London,Lewisham,Music,"£30,000 and below",
Katharine Collins,A Nightmare is Witchwork,"£29,381",04-Feb-26,February,Q4,North,Manchester,Theatre,"£30,000 and below",
Stanwell Events,Stanwell Events Festival of Arts,"£25,000",04-Feb-26,February,Q4,South East,Spelthorne,Combined arts,"£30,000 and below",
Head2Head Theatre,The Myths of Greece,"£18,572",04-Feb-26,February,Q4,South East,Tandridge,Theatre,"£30,000 and below",
Roxana Gibescu,Archival Silences: Paul Neagu’s British Uncatalogued Archives and Diasporic Narratives,"£9,850",04-Feb-26,February,Q4,South East,Darlington,Museums,"£30,000 and below",Unlocking Collections
Insaafi CIC,Rukhsati play and Community Workshops,"£15,000",04-Feb-26,February,Q4,London,Westminster,Theatre,"£30,000 and below",
201 Dance Company,Pride in Motion: LGBTQ+ Immersive Dance Production and Youth Workshop programme,"£27,313",04-Feb-26,February,Q4,South East,Brighton and Hove,Dance,"£30,000 and below",
Andreea Padurariu,Ariadne,"£24,390",04-Feb-26,February,Q4,London,Islington,Theatre,"£30,000 and below",
High Barnet Chamber Music Festival,High Barnet Chamber Music Festival 2026,"£2,000",04-Feb-26,February,Q4,London,Barnet,Music,"£30,000 and below",
Gemma Smith,MAM R&D (resubmission),"£24,447",04-Feb-26,February,Q4,North,Doncaster,Theatre,"£30,000 and below",
Hocus Pocus Theatre CIC,Over the Moon - Hospital Programme Lift Off,"£32,000",04-Feb-26,February,Q4,South East,Great Yarmouth,Theatre,"£30,000 and below",
Ensonglopedia,Co-creation with disabled & neurodivergent artists,"£37,205",04-Feb-26,February,Q4,South East,Brighton and Hove,Theatre,"£30,000 and below",
Ipswich Community Media and Learning,South Street Kids In Motion,"£29,945",04-Feb-26,February,Q4,South East,Ipswich,Combined arts,"£30,000 and below",
Tomorrow Projects,INVENTORS! The Joy Lab,"£30,000",04-Feb-26,February,Q4,North,North Tyneside,Visual arts,"£30,000 and below",
Elysium Creative Arts CIC,Long Day's Journey Into Night - Northern Tour 2026,"£30,000",04-Feb-26,February,Q4,North,County Durham,Theatre,"£30,000 and below",
Curious Directive,Heartwood,"£30,995",04-Feb-26,February,Q4,South East,South Norfolk,Theatre,"£30,000 and below",
Sophie Loosemore,'Seedlings' Early Years Dance R&D,"£29,999",04-Feb-26,February,Q4,Midlands,North Northamptonshire,Dance,"£30,000 and below",
Jez Dolan,POTBANK,"£29,799",04-Feb-26,February,Q4,North,Trafford,Visual arts,"£30,000 and below",
Fiona Bearman,Fini Bearman 'Last Night of the World' Album Tour with accompanying Songwriting Workshops,"£15,984",04-Feb-26,February,Q4,London,Lewisham,Music,"£30,000 and below",
Kate Taylor,Pigeon,"£29,948",04-Feb-26,February,Q4,Midlands,Stratford-on-Avon,Dance,"£30,000 and below",
Munotida Chinyanga,Co-creating An Interactive City,"£33,000",04-Feb-26,February,Q4,London,Newham,Combined arts,"£30,000 and below",
Joanna Bird Foundation,Michael OBrien: The Unsung Hero –Documentary,"£21,000",04-Feb-26,February,Q4,London,Hounslow,Visual arts,"£30,000 and below",
Seema Mattu,Local Superstar,"£29,800",04-Feb-26,February,Q4,Midlands,Birmingham,Visual arts,"£30,000 and below",
Chloe Charody Creations LTD,The Delightfully Disorderly Orchestra,"£29,980",04-Feb-26,February,Q4,Midlands,Rushcliffe,Combined arts,"£30,000 and below",
Newham Poetry Group,NLPG O30 Nov25,"£74,000",04-Feb-26,February,Q4,London,Newham,Literature,"Above £30,000",
Root 73 LTD,NLPG O30 Nov25,"£49,775",04-Feb-26,February,Q4,London,Hackney,Music,"Above £30,000",
Newcastle Libraries,NLPG O30 Nov25,"£46,540",04-Feb-26,February,Q4,North,Newcastle upon Tyne,Libraries,"Above £30,000",Universal Library Offers
Umar Butt,NLPG O30 Oct25,"£50,920",04-Feb-26,February,Q4,North,Stockton-on-Tees,Theatre,"Above £30,000",
The Knotted Project,NLPG O30 Oct25,"£49,200",04-Feb-26,February,Q4,North,Westmorland and Furness,Combined arts,"Above £30,000",
Redcar Borough Council Events Team,NLPG O30 Oct25,"£78,000",04-Feb-26,February,Q4,North,Redcar and Cleveland,Combined arts,"Above £30,000",
Electric Pink Voices,NLPG O30 Oct25,"£56,468",04-Feb-26,February,Q4,North,Wyre,Music,"Above £30,000",
Mafwa Theatre CIC,NLPG O30 Oct25,"£46,047",04-Feb-26,February,Q4,North,Leeds,Dance,"Above £30,000",
Rotherham Music,NLPG O30 Oct25,"£68,906",04-Feb-26,February,Q4,North,Rotherham,Music,"Above £30,000",
Holocaust Centre North,NLPG O30 Oct25,"£64,800",04-Feb-26,February,Q4,North,Kirklees,Museums,"Above £30,000",Unlocking Collections
Compass Festival,NLPG O30 Oct25,"£101,849",04-Feb-26,February,Q4,North,Leeds,Combined arts,"Above £30,000",
Gabriela Cala-Lesina,Gushing to Perform,"£18,097",04-Feb-26,February,Q4,London,Hackney,Visual arts,"£30,000 and below",
Adam Wadey,NLPG O30 Nov25,"£50,695",04-Feb-26,February,Q4,London,Islington,Visual arts,"Above £30,000",
Feel the Rhythm Productions Limited,NLPG O30 Nov25,"£68,141",04-Feb-26,February,Q4,London,Hammersmith and Fulham,Dance,"Above £30,000",
Our Father - Imagiphoria Productions,Our Father,"£21,971",04-Feb-26,February,Q4,London,Southwark,Theatre,"£30,000 and below",
Teesside University,MIMA Tees Valley The Next Wave,"£353,205",04-Feb-26,February,Q4,North,Middlesbrough,Visual arts,"Above £30,000 - Major Project",
The Yard Theatre Ltd.,THIS IS IT,"£289,250",04-Feb-26,February,Q4,London,Tower Hamlets,Combined arts,"Above £30,000 - Major Project",
Crying Out Loud,The Point is Portsmouth,"£105,500",04-Feb-26,February,Q4,South West,Fareham,Combined arts,"Above £30,000 - Major Project",
Athac,NLPG O30 Oct25,"£83,886",05-Feb-26,February,Q4,Midlands,Birmingham,Combined arts,"Above £30,000",
Theatre Porto,Ellesmere Port Place Partnership,"£203,000",09-Feb-26,February,Q4,North,Cheshire West and Chester,Not discipline specific,"Above £30,000 - Place Partnership project",
Commando Jugendstil,Star Chart for New Journeys,"£30,000",10-Feb-26,February,Q4,South East,Reading,Visual arts,"£30,000 and below",
Ben SantaMaria,Lulla,"£29,958",10-Feb-26,February,Q4,South East,Epping Forest,Theatre,"£30,000 and below",
RARE Communities CIC,That Amazing Thing,"£14,055",10-Feb-26,February,Q4,South East,South Cambridgeshire,Not discipline specific,"£30,000 and below",
Linos Magaya,Chaminuka Mbira School,"£26,881",10-Feb-26,February,Q4,South East,Brighton and Hove,Not discipline specific,"£30,000 and below",
Lisa Logan Opera Projects Limited,Battlefield (New Opera),"£30,000",10-Feb-26,February,Q4,London,Tower Hamlets,Music,"£30,000 and below",
Hippodrome Circus,Hippodrome Circus receiving house development,"£29,999",10-Feb-26,February,Q4,South East,Great Yarmouth,Theatre,"£30,000 and below",
Hive Curates,Light Up Kilburn 2026 Community Co-Creation Wraparound Activity,"£10,800",10-Feb-26,February,Q4,London,City of London,Combined arts,"£30,000 and below",
Sally Orr,R&D: Finding Our Voice,"£16,496",10-Feb-26,February,Q4,South East,Brighton and Hove,Theatre,"£30,000 and below",
Pina Magazine,Pina Magazine Issue 3,"£24,945",10-Feb-26,February,Q4,London,Hackney,Combined arts,"£30,000 and below",
Sharp Shots Photo Club,Lens on the Landscape: The young eyes of Crawley and Arun,"£9,363",10-Feb-26,February,Q4,South East,Guildford,Visual arts,"£30,000 and below",
Susanne Mojisola Adebayo,resisters,"£10,600",10-Feb-26,February,Q4,London,Greenwich,Theatre,"£30,000 and below",
Diana Feng,Don’t Call Me China Doll 2026 UK Tour,"£27,927",10-Feb-26,February,Q4,London,Lewisham,Theatre,"£30,000 and below",
Kelly Reynolds,Musical Foundations,"£16,050",10-Feb-26,February,Q4,South East,Gravesham,Music,"£30,000 and below",
Soledad Zarate,The Bear that Wasn't - R&D,"£27,169",10-Feb-26,February,Q4,London,Ealing,Theatre,"£30,000 and below",
Powell-Cotton Museum,PCT100,"£30,000",10-Feb-26,February,Q4,South East,Thanet,Museums,"£30,000 and below",Unlocking Collections
Emma Pallett,The Curiosity Shop,"£12,782",10-Feb-26,February,Q4,South East,Brentwood,Theatre,"£30,000 and below",
Juliette Burton,ExperiMental,"£31,609",10-Feb-26,February,Q4,South East,North Hertfordshire,Theatre,"£30,000 and below",
Leon Bosch,Championing diversity and celebrating creativity through Black classical music,"£30,000",10-Feb-26,February,Q4,South East,Dacorum,Music,"£30,000 and below",
Eastbourne Carnival CIC,Eastbourne Carnival 2026,"£19,119",10-Feb-26,February,Q4,South East,Eastbourne,Combined arts,"£30,000 and below",
Little People Big Noise,LCS: Growing Seeds & Delivering Needs,"£19,313",10-Feb-26,February,Q4,London,Wandsworth,Music,"£30,000 and below",
Lewes Live Literature,Supporting new writing for theatre • Supporting grassroots live literature production,"£26,111",10-Feb-26,February,Q4,South East,Lewes,Literature,"£30,000 and below",
Spun Glass Theatre,Pizza and Plays - stories rooted in Hastings history at a time of great political unrest and change,"£31,350",10-Feb-26,February,Q4,South East,Hastings,Theatre,"£30,000 and below",
Dormouse Books CIC,Authors and Audience: Belper Conversations,"£11,400",11-Feb-26,February,Q4,Midlands,Amber Valley,Literature,"£30,000 and below",
Heritage Trust for the North West,Pendle Heritage Enhancement,"£21,725",11-Feb-26,February,Q4,North,Pendle,Museums,"£30,000 and below",Unlocking Collections
Felicity Hammond,Research and development for bringing live performance into established installation practice,"£11,200",11-Feb-26,February,Q4,London,Lewisham,Visual arts,"£30,000 and below",Research and Development for Individuals
Pieter Mammes,Entropy Studies: Experimental Sculptural Methods Using Recycled Materials,"£15,000",11-Feb-26,February,Q4,London,Tower Hamlets,Visual arts,"£30,000 and below",Research and Development for Individuals
Lottie Dance,Theatre Research & Development,"£7,000",11-Feb-26,February,Q4,South West,Bath and North East Somerset,Theatre,"£30,000 and below",Research and Development for Individuals
Sara Borrington,Researching Sound Design and Analog Production,"£22,000",11-Feb-26,February,Q4,South West,Southampton,Music,"£30,000 and below",Research and Development for Individuals
Tafadzwa Gapara,The Overloaded Mind: Finding the Voice Within,"£30,000",11-Feb-26,February,Q4,Midlands,Oadby and Wigston,Music,"£30,000 and below",Research and Development for Individuals
Natalia Harrison,R&D Developing Inclusive Project Producing & Programme Design Practice,"£12,970",11-Feb-26,February,Q4,South East,Lewes,Not discipline specific,"£30,000 and below",Research and Development for Individuals
Tommi Bryson,technical and musical indie project R&D,"£22,416",11-Feb-26,February,Q4,North,Sheffield,Theatre,"£30,000 and below",Research and Development for Individuals
Elizabeth Johnstone,'Go See' Project: International Screendance Festival,"£1,500",11-Feb-26,February,Q4,London,Camden,Dance,"£30,000 and below",Research and Development for Individuals
Mark Nixon,Research and Development into Kinetic Systems,"£15,000",11-Feb-26,February,Q4,North,Northumberland,Visual arts,"£30,000 and below",Research and Development for Individuals
Cromer ArtSpace,Cromer Artspace Autumn Symposium,"£14,700",11-Feb-26,February,Q4,South East,North Norfolk,Combined arts,"£30,000 and below",
Helen Stead,Nottingham Comedy Festival 2026,"£33,647",11-Feb-26,February,Q4,Midlands,Gedling,Theatre,"£30,000 and below",
Iole La Sala,Madama - Woman Body’s Stories,"£19,085",11-Feb-26,February,Q4,London,Tower Hamlets,Dance,"£30,000 and below",
Philip Hancock,On the Tools - R&D regional dialect project from poetry to prose,"£18,800",11-Feb-26,February,Q4,Midlands,Newcastle-under-Lyme,Literature,"£30,000 and below",
Linda Eerdmans,Star Girl,"£17,640",11-Feb-26,February,Q4,London,Richmond upon Thames,Theatre,"£30,000 and below",
Steven Fowler,European Poetry Festival 2026,"£13,780",11-Feb-26,February,Q4,London,Camden,Literature,"£30,000 and below",
Our Creative Connection,Art Of Connection,"£31,300",11-Feb-26,February,Q4,North,Kirklees,Visual arts,"£30,000 and below",
We Are The Unheard CIC,We Are The Unheard Academy,"£30,000",11-Feb-26,February,Q4,London,Greenwich,Music,"£30,000 and below",
SIXTH HOUSE THEATRE LTD,COW - R&D and Organisational Development,"£23,810",11-Feb-26,February,Q4,North,Salford,Theatre,"£30,000 and below",
MENT4,Mirror Mirror Project (Year 3-5),"£29,000",11-Feb-26,February,Q4,South East,Croydon,Music,"£30,000 and below",
PRXLUDES,"PRX.LIVE Touring Series / ""5 for 5"" Commissions - 2026","£9,789",11-Feb-26,February,Q4,London,Wandsworth,Music,"£30,000 and below",
Misfits Music Foundation,"The Wednesday Boys - Creative Music for Gay, Bi, Trans and Queer Men in Birmingham","£12,746",11-Feb-26,February,Q4,Midlands,Birmingham,Music,"£30,000 and below",
Flute Theatre,Neurodivergent artists create new King Lear,"£29,950",11-Feb-26,February,Q4,London,Hammersmith and Fulham,Theatre,"£30,000 and below",
&Piano,&Piano Music Festival 2026,"£10,000",11-Feb-26,February,Q4,North,Kirklees,Music,"£30,000 and below",
Julie Burrow,"Phase 2: An Evening with Me, Rosy Maple - Production Development","£18,213",11-Feb-26,February,Q4,North,Manchester,Theatre,"£30,000 and below",
Caleb Staples,Squawk Spoken Word,"£9,941",11-Feb-26,February,Q4,North,Westmorland and Furness,Literature,"£30,000 and below",
Paul Digby,Fish & Chips,"£21,850",11-Feb-26,February,Q4,North,Leeds,Combined arts,"£30,000 and below",
A City in Frames,A City in Frames,"£29,500",11-Feb-26,February,Q4,North,Bradford,Visual arts,"£30,000 and below",
Rotherham Metropolitan Borough Council Events,WOW Festival 2026,"£29,500",11-Feb-26,February,Q4,North,Rotherham,Combined arts,"£30,000 and below",
KIN Culture CIC,Pathways@Kelham Jazz Festival,"£9,385",11-Feb-26,February,Q4,North,Sheffield,Music,"£30,000 and below",
Georgina Stone,Where is the Fun?,"£22,000",11-Feb-26,February,Q4,North,Sheffield,Theatre,"£30,000 and below",
Aziz Ibrahim,Desi Sonix DJs vs DesiGuitR,"£29,950",11-Feb-26,February,Q4,North,Manchester,Music,"£30,000 and below",Unlocking Collections
Stevie Ronnie,Somewhere Places,"£32,098",11-Feb-26,February,Q4,North,Northumberland,Visual arts,"£30,000 and below",
Highfield Hall Primary School and Nursery,Impactful Education through Theatre: Our Relationship with the Internet,"£1,680",11-Feb-26,February,Q4,Midlands,Chesterfield,Theatre,"£30,000 and below",
Fiona Boothby,NLPG O30 Nov25,"£77,540",16-Feb-26,February,Q4,South East,Norwich,Theatre,"Above £30,000",
Free Range,NLPG O30 Nov25,"£44,604",16-Feb-26,February,Q4,South East,Canterbury,Combined arts,"Above £30,000",
MÓTUS,NLPG O30 Nov25,"£76,673",16-Feb-26,February,Q4,South East,Milton Keynes,Dance,"Above £30,000",
Divya Ravi,NLPG O30 Nov25,"£48,890",16-Feb-26,February,Q4,South East,Watford,Dance,"Above £30,000",
Soul and Sound,Jus Jammin - mentoring & performance opportunities for under-represented young artists,"£15,382",17-Feb-26,February,Q4,London,Barking and Dagenham,Music,"£30,000 and below",
TOTFest Festival Ltd,The Rainbow Crew Sensory Story Lab,"£12,200",17-Feb-26,February,Q4,London,Islington,Theatre,"£30,000 and below",
Richard Chappell Dance CIC,Us Folk Creation and Premiere Final Resubmission,"£29,890",17-Feb-26,February,Q4,South West,Exeter,Combined arts,"£30,000 and below",
Karl Murphy,As I Said,"£29,083",17-Feb-26,February,Q4,London,Haringey,Combined arts,"£30,000 and below",
Liam Fallon,Stiff Upper Lip- Resubmission,"£25,615",17-Feb-26,February,Q4,London,Lambeth,Visual arts,"£30,000 and below",
Sadie Harrison,POETRY TO SONG,"£9,000",17-Feb-26,February,Q4,South West,Dorset,Music,"£30,000 and below",
Daniel Lipton,Dybbuk - R&D,"£28,180",17-Feb-26,February,Q4,London,Harrow,Theatre,"£30,000 and below",
Christine Sandford,Apples and Mangoes: Filipinos in Narrative Non-Fiction,"£29,612",17-Feb-26,February,Q4,London,Redbridge,Literature,"£30,000 and below",
The Other Way Works,A Rainbow for Amala - Engagement & Book Distribution,"£29,880",17-Feb-26,February,Q4,Midlands,Birmingham,Literature,"£30,000 and below",
Mooville Theatre,Don't Forget the Rush -Developing a tour,"£32,000",17-Feb-26,February,Q4,Midlands,Birmingham,Theatre,"£30,000 and below",
Lazarus Outdoor Limited,Creative Trainee Scheme,"£18,433",17-Feb-26,February,Q4,London,Greenwich,Combined arts,"£30,000 and below",
Amanda Louise Hose-Hawley,IMPulse Inclusive Movement Practice for Change,"£29,950",17-Feb-26,February,Q4,Midlands,Nottingham,Dance,"£30,000 and below",
Patricia Weaver,Box of Frogs 2,"£17,373",17-Feb-26,February,Q4,South West,"Bristol, City of",Theatre,"£30,000 and below",
That! Dance,Building Foundations: Growing Inclusive Dance in Burton,"£29,895",17-Feb-26,February,Q4,Midlands,East Staffordshire,Dance,"£30,000 and below",
Louise Orwin and Company,OPERA FOR A DYING WORLD - PHASE 2,"£31,593",17-Feb-26,February,Q4,South East,Wealden,Music,"£30,000 and below",
Katie Holtom,"Our Words, Our Walls","£28,864",17-Feb-26,February,Q4,Midlands,Bromsgrove,Combined arts,"£30,000 and below",
West Midlands Readers' Network,Reading for Pleasure in Libraries & Bookshops 2026-27,"£29,730",17-Feb-26,February,Q4,Midlands,Birmingham,Literature,"£30,000 and below",Universal Library Offers
James Wilton Dance Limited,RESUBMISSION Spring 2026 tour BACH Reimagined and The Four Seasons,"£30,000",17-Feb-26,February,Q4,South West,Cornwall,Dance,"£30,000 and below",
Jonah Corren,SOUND: Plymouth Poetry Festival,"£15,000",17-Feb-26,February,Q4,South West,Exeter,Literature,"£30,000 and below",
Teign Heritage Limited,New pathways and better access for wider audiences,"£30,000",17-Feb-26,February,Q4,South West,Teignbridge,Museums,"£30,000 and below",Unlocking Collections
The Brickworks Museum,Unearthing our history - phase 1,"£21,250",17-Feb-26,February,Q4,South West,Fareham,Museums,"£30,000 and below",Unlocking Collections
Blackbridge Charitable Community Benefit Society,Podsmead in Portrait,"£25,457",17-Feb-26,February,Q4,South West,Gloucester,Combined arts,"£30,000 and below",
David Kendall,Inside Take expansion across 15 prisons,"£5,900",17-Feb-26,February,Q4,South West,Wiltshire,Literature,"£30,000 and below",
Haynes Motor Museum,Red Room Inspired,"£30,000",17-Feb-26,February,Q4,South West,Somerset,Museums,"£30,000 and below",Unlocking Collections
The Nimbus Group,Underworld - immersive AR storytelling,"£28,792",18-Feb-26,February,Q4,South East,Adur,Digital Arts,"£30,000 and below",
Komola Collective,R&D for The Elephant in the Room and Strengthening an Inclusive Komola Collective,"£27,297",18-Feb-26,February,Q4,London,Redbridge,Combined arts,"£30,000 and below",
Josephine Rogers,The Anchoress R&D Phase 2,"£17,595",18-Feb-26,February,Q4,South East,Wealden,Not discipline specific,"£30,000 and below",
Electro Studios Project Space,Drowning in a sea of you,"£22,906",18-Feb-26,February,Q4,South East,Hastings,Not discipline specific,"£30,000 and below",
Sharon Sinclair,Worlds Apart,"£24,450",18-Feb-26,February,Q4,North,Blackpool,Theatre,"£30,000 and below",
Adam Glover,Land Of The Lost Presents: Acid House In The Town Hall,"£2,065",18-Feb-26,February,Q4,North,Westmorland and Furness,Music,"£30,000 and below",
Victoria Oldman,Hastings Queer Underground Live,"£18,817",18-Feb-26,February,Q4,South East,Hastings,Combined arts,"£30,000 and below",
Terehas Kelly,Notting Nill Carnival 2026: The 60th Year of Love and Community,"£30,000",18-Feb-26,February,Q4,London,Haringey,Combined arts,"£30,000 and below",
Sheila Hill,My Home,"£30,200",18-Feb-26,February,Q4,London,Kensington and Chelsea,Combined arts,"£30,000 and below",
Lila Bhattacherjee,Free to Create,"£14,963",18-Feb-26,February,Q4,London,Waltham Forest,Music,"£30,000 and below",
Jessica Edwards,Taliesin,"£27,463",18-Feb-26,February,Q4,North,Manchester,Theatre,"£30,000 and below",
Jennifer Kelley,Supporting vulnerable families through music,"£7,404",18-Feb-26,February,Q4,North,Warrington,Music,"£30,000 and below",
Every Life Matters,A Moment Of Connection,"£14,980",18-Feb-26,February,Q4,North,Westmorland and Furness,Visual arts,"£30,000 and below",
CAMERON FORRESTER,Another VU,"£10,977",18-Feb-26,February,Q4,South East,Tendring,Combined arts,"£30,000 and below",
Drum and Brass CIC,Brass at the Castle 2026,"£23,888",18-Feb-26,February,Q4,Midlands,Westmorland and Furness,Music,"£30,000 and below",
Eleanor Hyde,R&D on the play Burnout by Ellie Hyde,"£18,492",18-Feb-26,February,Q4,South East,Colchester,Theatre,"£30,000 and below",
Karla Shacklock,"Niplash - a solo performance, participatory arts and social activism project","£29,990",18-Feb-26,February,Q4,South West,"Bristol, City of",Dance,"£30,000 and below",
Deanna Rodger,Creative Facilitation Training (Nationwide),"£29,707",18-Feb-26,February,Q4,South West,"Bristol, City of",Combined arts,"£30,000 and below",
Holme Valley Sharing Memories,Creatures of the Walk,"£13,950",18-Feb-26,February,Q4,North,Kirklees,Visual arts,"£30,000 and below",
Dickson Mbi Company,Lost R&D + Fiya Works artist development,"£31,795",18-Feb-26,February,Q4,London,Barking and Dagenham,Dance,"£30,000 and below",
Project Auske Ltd,"Immersive, participatory, and co-creative choreography with and for audiences and communities","£25,465",18-Feb-26,February,Q4,North,Manchester,Dance,"£30,000 and below",
JanFirst Productions,CRUSH,"£32,681",18-Feb-26,February,Q4,London,Islington,Theatre,"£30,000 and below",
Marie-Louise Flexen,Bird Nerd & The Red List Part 2,"£14,975",18-Feb-26,February,Q4,South West,Stroud,Combined arts,"£30,000 and below",
kirris riviere,Pieces Of My Life,"£37,078",18-Feb-26,February,Q4,South West,"Bristol, City of",Theatre,"£30,000 and below",
Harriet Ashton,Resubmission 3: Writing a children’s book with child survivors of domestic abuse,"£17,950",18-Feb-26,February,Q4,South East,West Suffolk,Literature,"£30,000 and below",
Aidan Moesby,Taking The Air,"£29,424",18-Feb-26,February,Q4,North,Gateshead,Visual arts,"£30,000 and below",
Contra Productions,Raving R&D,"£25,658",18-Feb-26,February,Q4,South West,"Bristol, City of",Combined arts,"£30,000 and below",
Making Space,A Craft Centre for the Village,"£23,000",18-Feb-26,February,Q4,South West,Havant,Visual arts,"£30,000 and below",
BIG TEAM CIC,Open Mic Sessions,"£29,846",18-Feb-26,February,Q4,South West,"Bristol, City of",Music,"£30,000 and below",
Jill Brewster,Wood Works,"£22,000",18-Feb-26,February,Q4,North,Darlington,Visual arts,"£30,000 and below",
Pushback Theatre,HER OWN WORDS,"£24,536",18-Feb-26,February,Q4,London,Westminster,Theatre,"£30,000 and below",
Michele O'Brien,The Dippers,"£30,000",18-Feb-26,February,Q4,South West,"Bournemouth, Christchurch and Poole",Theatre,"£30,000 and below",
Jamil Ahmed,Jamz Song in a Day,"£29,848",18-Feb-26,February,Q4,South East,Buckinghamshire,Music,"£30,000 and below",
Rebecca Fidler,MotherSong,"£30,000",18-Feb-26,February,Q4,South East,Brighton and Hove,Music,"£30,000 and below",
Bayard Bryan,Queen Bayard Cabaret: Phase 1 Development,"£11,957",18-Feb-26,February,Q4,North,Trafford,Theatre,"£30,000 and below",
Goofus Theatre CIC,Tale of Nobody Nose Tour,"£16,210",18-Feb-26,February,Q4,North,Wigan,Theatre,"£30,000 and below",
Cheshire West and Chester Library Service,Story Joy,"£25,876",18-Feb-26,February,Q4,North,Cheshire West and Chester,Libraries,"£30,000 and below",Universal Library Offers
Epoque Press,Publishing an Underrepresented Author,"£12,120",18-Feb-26,February,Q4,South East,Brighton and Hove,Literature,"£30,000 and below",
Steven Blackshaw,The Mighty Booth R&D: Interactive theatre experience co-created with communities in County Durham,"£30,600",18-Feb-26,February,Q4,North,Newcastle upon Tyne,Theatre,"£30,000 and below",
Whispered Tales,NLPG O30 Nov25,"£63,196",18-Feb-26,February,Q4,North,Liverpool,Dance,"Above £30,000",
Things That Go On Things,NLPG O30 Nov25,"£92,000",18-Feb-26,February,Q4,North,Manchester,Combined arts,"Above £30,000",
Breach LLP,NLPG O30 Nov25,"£46,088",18-Feb-26,February,Q4,London,Camden,Theatre,"Above £30,000",
Front Room WSM,NLPG O30 Nov25,"£80,000",18-Feb-26,February,Q4,South West,North Somerset,Theatre,"Above £30,000",
Fluid Motion Theatre Company,NLPG O30 Oct25,"£75,500",18-Feb-26,February,Q4,South West,New Forest,Theatre,"Above £30,000",
Salford City Council,Salford 100,"£149,406",18-Feb-26,February,Q4,North,Salford,Combined arts,"Above £30,000 - Over £100k application",
Jasmin Vardimon Company Limited,The Touring Project,"£95,644",18-Feb-26,February,Q4,South East,Ashford,Dance,"Above £30,000 - Over £30k Touring project",
Play Ground Proms,Playground Proms,"£226,113",18-Feb-26,February,Q4,London,Kingston upon Thames,Music,"Above £30,000 - Over £30k Touring project",
Autin Dance Theatre CIO,2026 Outdoor Arts Programme - Touring Performance works in and with local communities,"£95,000",18-Feb-26,February,Q4,Midlands,Walsall,Dance,"Above £30,000 - Over £30k Touring project",
Devonshire Collective,Where We Touch the Archive,"£42,500",18-Feb-26,February,Q4,South East,Eastbourne,Visual arts,"Above £30,000 - Over £30k Touring project",
Wrongsemble,Rapunzel 2026 Tour,"£52,725",18-Feb-26,February,Q4,North,Leeds,Theatre,"Above £30,000 - Over £30k Touring project",
Salto Arts,NLPG O30 Oct25,"£49,500",18-Feb-26,February,Q4,North,North Tyneside,Combined arts,"Above £30,000",
Arts on the Run: The Arts & Refugees Hub for Yorkshire & Humberside,NLPG O30 Oct25,"£100,000",18-Feb-26,February,Q4,North,Sheffield,Combined arts,"Above £30,000",
Great Northern Events (NW) Ltd,NLPG O30 Oct25,"£66,308",18-Feb-26,February,Q4,North,Stockport,Visual arts,"Above £30,000",
The Revel Pucks Ltd,Revel Puck Circus audience development tour 2026,"£99,674",18-Feb-26,February,Q4,London,Newham,Theatre,"Above £30,000 - Over £30k Touring project",
Wild Arts,Summer Opera Tour 2026,"£91,662",18-Feb-26,February,Q4,South East,Colchester,Music,"Above £30,000 - Over £30k Touring project",
Creative Arts East,Create King's Lynn,"£242,489",19-Feb-26,February,Q4,South East,Norwich,Combined arts,"Above £30,000 - Place Partnership project",
Manuela Schwarz,HIGH VIBE: THE WRITER’S ROOM,"£30,732",19-Feb-26,February,Q4,Midlands,Nottingham,Literature,"£30,000 and below",
Paul Stringer,Crate Poetry,"£32,785",19-Feb-26,February,Q4,Midlands,Sandwell,Literature,"£30,000 and below",
Nikki Charlesworth,"Puppetry, Health and Young Audiences: International development","£55,444",19-Feb-26,February,Q4,Midlands,Broxtowe,Theatre,"£30,000 and below",
Julie Bagshaw,Community Theatre R&D,"£35,400",19-Feb-26,February,Q4,Midlands,Mansfield,Theatre,"£30,000 and below",
The Story Forge Project,Story Fest - Grantham 2026,"£2,599",19-Feb-26,February,Q4,Midlands,Melton,Visual arts,"£30,000 and below",
Boston Hanse Group,Boston Hanse Festival 2026,"£30,000",19-Feb-26,February,Q4,Midlands,Boston,Combined arts,"£30,000 and below",
Danny Pandolfi,Raise the Bar: Artist Development Programme 2026,"£29,995",24-Feb-26,February,Q4,South West,"Bristol, City of",Literature,"£30,000 and below",
Torbay Virtual School,Art On Your Doorstep,"£15,440",24-Feb-26,February,Q4,South West,Torbay,Combined arts,"£30,000 and below",
Sarah Lloyd-Winder,East Anglian Storytelling Festival 2026,"£30,788",24-Feb-26,February,Q4,South East,Hertsmere,Literature,"£30,000 and below",
Claire Barrett,Island of Weirdhope,"£29,930",24-Feb-26,February,Q4,South East,Brighton and Hove,Visual arts,"£30,000 and below",
Art of the Puppet,Liquid Histories 2,"£25,000",24-Feb-26,February,Q4,London,Hackney,Theatre,"£30,000 and below",
Synergy Theatre Project,Providers Revival Tour & Engagement Programme,"£30,000",24-Feb-26,February,Q4,London,Lambeth,Theatre,"£30,000 and below",
Life Brooks International,Dare to Achieve: Walls that speak,"£30,000",24-Feb-26,February,Q4,South West,"Bournemouth, Christchurch and Poole",Visual arts,"£30,000 and below",
TG WORKS,The Uncontainable Nausea of Alec Baldwin,"£21,180",24-Feb-26,February,Q4,South East,Brighton and Hove,Theatre,"£30,000 and below",
And We Move (Threads Radio Ltd),And We Move launches at Ten87’s new container village in Tottenham,"£29,829",24-Feb-26,February,Q4,London,Newham,Not discipline specific,"£30,000 and below",
Darren Irving,Electroniq 26,"£10,000",24-Feb-26,February,Q4,London,Merton,Music,"£30,000 and below",
Matilda McCarthy,BROS: What Kind of Masculinity does the UK need now?,"£13,107",24-Feb-26,February,Q4,London,Hounslow,Theatre,"£30,000 and below",
Shapeshifter Productions,Singing for Health & Happiness with The Smiling Sessions,"£29,245",24-Feb-26,February,Q4,London,Waltham Forest,Music,"£30,000 and below",
Grace Watkins,The Telephone - Opera in Schools and Workspaces,"£19,943",24-Feb-26,February,Q4,London,Wandsworth,Music,"£30,000 and below",
Shahaduz Zaman,AND THE MYNA BIRD SPEAKS,"£25,866",24-Feb-26,February,Q4,South East,Crawley,Theatre,"£30,000 and below",
Sarah Choudhrey,ELEMENTS - A Continuing Legacy,"£20,945",24-Feb-26,February,Q4,London,Hammersmith and Fulham,Visual arts,"£30,000 and below",
Lucy Havard,Wood Wide Web; a theatre R&D for a new immersive children's show about community and sustainability,"£20,428",24-Feb-26,February,Q4,London,Hammersmith and Fulham,Theatre,"£30,000 and below",
Michaela Nettell,Encounters with Kazuo Shinohara's Umbrella House,"£2,545",24-Feb-26,February,Q4,London,Southwark,Visual arts,"£30,000 and below",
Joseph Poulton,Eliza: A Bloomin' new Ballet,"£28,000",24-Feb-26,February,Q4,London,Tower Hamlets,Dance,"£30,000 and below",
Drew Gardner,Diverse World War One Descendants,"£28,577",24-Feb-26,February,Q4,South West,Somerset,Visual arts,"£30,000 and below",
Show Pony,The Souvenir Shop,"£29,181",24-Feb-26,February,Q4,London,Waltham Forest,Theatre,"£30,000 and below",
Nicola Streeten,Yield graphic novel,"£14,652",24-Feb-26,February,Q4,Midlands,Breckland,Literature,"£30,000 and below",
Becoming Mums,The Beacon - fostering shared understanding of the role of the arts in perinatal mental health,"£32,730",24-Feb-26,February,Q4,South East,Wokingham,Visual arts,"£30,000 and below",
imPOSSIBLE Producing,The South West End - Resubmission,"£34,500",24-Feb-26,February,Q4,South West,Cornwall,Combined arts,"£30,000 and below",
Smoking Apples Theatre Limited,Spectrum Youth Theatre Residencies 2026,"£41,831",24-Feb-26,February,Q4,South East,Folkestone and Hythe,Theatre,"£30,000 and below",
Creative Mile Arts Trail,Creative Mile with National Gallery Art on your Doorstep 2026/27,"£14,550",24-Feb-26,February,Q4,London,Hounslow,Visual arts,"£30,000 and below",
Rosie Jones,Enclosures Programme (Resubmission),"£25,000",24-Feb-26,February,Q4,South East,Runnymede,Combined arts,"£30,000 and below",
The Social Society,Accessibility For Outdoor Arts Spaces,"£24,210",24-Feb-26,February,Q4,South East,Brighton and Hove,Combined arts,"£30,000 and below",
Charlotte Eyres,DANI'S INFERNO - FINAL DEVELOPMENT AND FIRST PUBLIC PERFORMANCE,"£20,347",24-Feb-26,February,Q4,South West,North Somerset,Theatre,"£30,000 and below",
Voices Gloucester,Threads,"£29,950",24-Feb-26,February,Q4,South West,Gloucester,Visual arts,"£30,000 and below",
Henry,Beast on the Moon R&D and Performances,"£20,652",24-Feb-26,February,Q4,London,Bexley,Theatre,"£30,000 and below",
Animate Puppet Co CIC,Puppetry for Wellbeing workshop tour,"£24,644",24-Feb-26,February,Q4,South West,Winchester,Theatre,"£30,000 and below",
The Lyric Theatre Hammersmith Limited,H&F Young People's Borough of Culture,"£350,000",24-Feb-26,February,Q4,London,Hammersmith and Fulham,Combined arts,"Above £30,000 - Place Partnership project",
George Jenkins,Stories in Song,"£22,926",25-Feb-26,February,Q4,North,Liverpool,Music,"£30,000 and below",
Spinning Wheel Theatre,Shared Spaces - An Active Research Project,"£29,900",25-Feb-26,February,Q4,South East,Mid Suffolk,Theatre,"£30,000 and below",
Permindar Lundh Von Leithner,Market Stalls,"£31,908",25-Feb-26,February,Q4,South East,St Albans,Visual arts,"£30,000 and below",
Unbound Dance Theatre CIC,Unbound Echoes: Inclusive Dance Project for Blind and Visually Impaired People,"£36,802",25-Feb-26,February,Q4,North,Leeds,Dance,"£30,000 and below",
Kamila Kessler,The Circle of Everything- Performance and Exhibition,"£27,380",25-Feb-26,February,Q4,Midlands,North Kesteven,Combined arts,"£30,000 and below",
Big Human Theatre Ltd,Mama Time Project,"£34,099",25-Feb-26,February,Q4,Midlands,West Northamptonshire,Theatre,"£30,000 and below",
University of Sheffield,Enable US Dance Festival 2026,"£28,550",25-Feb-26,February,Q4,North,Sheffield,Dance,"£30,000 and below",
Together Culture,What Does It Mean to Be a Gardener? - An Immersive Theatre Experience,"£18,845",25-Feb-26,February,Q4,South East,East Cambridgeshire,Theatre,"£30,000 and below",
Seethrough Theatre Company,CarnivALL,"£27,995",25-Feb-26,February,Q4,London,Camden,Combined arts,"£30,000 and below",
Apollo Music Projects,Apollo Concerts for Children's Creativity and Wellbeing,"£24,000",25-Feb-26,February,Q4,London,Hackney,Music,"£30,000 and below",
Robert Heath,Cacophany Arkestra presents; Crow and the Oak Tree,"£28,600",25-Feb-26,February,Q4,North,Fylde,Combined arts,"£30,000 and below",
Durham Singers,St Mark Passion,"£2,000",25-Feb-26,February,Q4,North,County Durham,Music,"£30,000 and below",
Justwin cic,Homeless but not heArtless,"£22,261",25-Feb-26,February,Q4,North,Rotherham,Visual arts,"£30,000 and below",
Richmond Arts Service,Ronald Moody exhibition and associated programme,"£23,000",25-Feb-26,February,Q4,London,Richmond upon Thames,Visual arts,"£30,000 and below",
Roxanne Carney,Producer Lab: Creative Practice Training Series in East Anglia,"£21,292",25-Feb-26,February,Q4,South East,Colchester,Not discipline specific,"£30,000 and below",
The Brockley Jack Theatre Limited,SE FEST 2026,"£21,585",25-Feb-26,February,Q4,London,Lewisham,Theatre,"£30,000 and below",
Mash Academy CIC,Pro Track,"£10,569",25-Feb-26,February,Q4,Midlands,Birmingham,Combined arts,"£30,000 and below",
University of Chester,"Our City, Our Story: Deva Victrix in VR","£29,500",25-Feb-26,February,Q4,North,Cheshire West and Chester,Visual arts,"£30,000 and below",Unlocking Collections
Sam Keelan,Curtain,"£17,206",25-Feb-26,February,Q4,London,Barnsley,Visual arts,"£30,000 and below",
Lewis G. Burton's INFERNO,INFERNO 11 Year Anniversary & Future Proofing the Organisation,"£33,330",25-Feb-26,February,Q4,London,Birmingham,Music,"£30,000 and below",
lisa watts,The Wonderful After,"£12,959",25-Feb-26,February,Q4,North,Sheffield,Visual arts,"£30,000 and below",
Animate Arts Company,The Paper Allotment,"£29,646",25-Feb-26,February,Q4,South East,Swale,Theatre,"£30,000 and below",
Victoria Hayward,Fair Realms: New Fantasies for New Readers,"£20,340",25-Feb-26,February,Q4,Midlands,Nottingham,Literature,"£30,000 and below",
Benjamin Elliott,Slugageddon! Tour & Outreach,"£27,580",25-Feb-26,February,Q4,Midlands,Ashfield,Theatre,"£30,000 and below",
Greta Gauhe,Superpower Seaweed Research and Development,"£29,974",25-Feb-26,February,Q4,London,Bromley,Dance,"£30,000 and below",
Marcus Dove,PyroLab Residency: Creation Through Collaboration,"£29,454",25-Feb-26,February,Q4,Midlands,Leicester,Visual arts,"£30,000 and below",
Chatteris Town Council,Around The World In 80 Days,"£27,000",25-Feb-26,February,Q4,South East,Fenland,Combined arts,"£30,000 and below",
East Midlands Dance Artist Network C.I.C.,East Midlands Dance Artist Network C.I.C CPD and Mentoring Programme,"£30,000",25-Feb-26,February,Q4,Midlands,South Derbyshire,Dance,"£30,000 and below",
Anthony Ekundayo Lennon,Mistaken Identity,"£15,937",25-Feb-26,February,Q4,Midlands,Leicester,Theatre,"£30,000 and below",
Jessica Milnes,Tales As Old As Time,"£4,000",25-Feb-26,February,Q4,North,Cheshire West and Chester,Visual arts,"£30,000 and below",
Lauren Ash,Cabinet of Curiosity,"£19,550",25-Feb-26,February,Q4,North,Sheffield,Combined arts,"£30,000 and below",
Wendy Benefer,Creative music programme for neurodivergent young artists in rural Norfolk,"£12,614",25-Feb-26,February,Q4,South East,Breckland,Music,"£30,000 and below",
Hannah Greenstreet,Four Letter Words - Liverpool Playhouse studio production,"£41,678",25-Feb-26,February,Q4,North,Liverpool,Theatre,"£30,000 and below",
Vanessa Grasse,Elysia co-creation-Production-Premiere (2nd resubmission),"£33,600",25-Feb-26,February,Q4,North,Leeds,Combined arts,"£30,000 and below",
Culture Community CIC,Culture Community Carnival,"£30,000",25-Feb-26,February,Q4,South East,Peterborough,Combined arts,"£30,000 and below",
Toby Campion,UniSlam 2026,"£29,500",25-Feb-26,February,Q4,Midlands,Leicester,Literature,"£30,000 and below",
Molly Wright,A Day of Dance 2026,"£8,045",25-Feb-26,February,Q4,Midlands,Lichfield,Dance,"£30,000 and below",
Hayley Cartwright,Don't Judge Me,"£5,000",25-Feb-26,February,Q4,North,Salford,Theatre,"£30,000 and below",
Forge Local Cultural Education Partnership,"Creative Futures. Creative Today, Creative Tomorrow.","£29,300",25-Feb-26,February,Q4,North,Salford,Not discipline specific,"£30,000 and below",
Jonathan Enright,Orchestra Mambo International:  Album and Tour,"£30,000",25-Feb-26,February,Q4,North,Bradford,Music,"£30,000 and below",
Sam Harrison,69 Cities,"£25,821",25-Feb-26,February,Q4,Midlands,Lincoln,Music,"£30,000 and below",
Michael Mulvihill,Memories of Sputnik and the Evolving Space Age in the North East of England,"£30,000",25-Feb-26,February,Q4,North,North Tyneside,Visual arts,"£30,000 and below",
Amy Scott-Samuel,Go Gently,"£13,847",25-Feb-26,February,Q4,North,Liverpool,Music,"£30,000 and below",
Caroline Murray,Knitting the Air: The Exhibition,"£17,133",25-Feb-26,February,Q4,London,Haringey,Visual arts,"£30,000 and below",
MANAV SEVA COMMUNITY CENTRE CIC,"Memory, Song and Me: musical memory interventions for South Asian elders","£29,810",25-Feb-26,February,Q4,Midlands,Leicester,Music,"£30,000 and below",
Debbie Adele Cooper,Icons of Nature,"£27,660",25-Feb-26,February,Q4,Midlands,Derbyshire Dales,Visual arts,"£30,000 and below",
EMPOWER POETRY CIC,Insight to Impact: Empower Poetry Development Project,"£33,688",25-Feb-26,February,Q4,Midlands,Birmingham,Literature,"£30,000 and below",
The Atkinson,Southport 2026,"£475,000",26-Feb-26,February,Q4,North,Sefton,Combined arts,"Above £30,000 - Place Partnership project",
Stephen Wadcock,Horizon Protocols: Seasonal Research across Urban and Rural Thresholds,"£10,275",02-Mar-26,March,Q4,London,Wandsworth,Visual arts,"£30,000 and below",Research and Development for Individuals
Rajandeep Sebastian Bharj,From stage to score: compositional development with under-represented voices,"£13,610",02-Mar-26,March,Q4,London,Waltham Forest,Music,"£30,000 and below",Research and Development for Individuals
Mateus De Oliveira Domingos,Critical Creative Technologies Arts Workshops,"£11,900",02-Mar-26,March,Q4,Midlands,Leicester,Visual arts,"£30,000 and below",Research and Development for Individuals
Sophie van Well Groeneveld,Development for Nonfiction Essay Collection on community and connection in public spaces,"£11,340",02-Mar-26,March,Q4,London,Croydon,Literature,"£30,000 and below",Research and Development for Individuals
Helen Leaf,"Japan/ply-split braiding, R&D project","£11,986",02-Mar-26,March,Q4,Midlands,Ashfield,Visual arts,"£30,000 and below",Research and Development for Individuals
Benjamin Mastericks,Individual R&D - Redesigning Access for Immersive Work,"£11,968",02-Mar-26,March,Q4,Midlands,Charnwood,Visual arts,"£30,000 and below",Research and Development for Individuals
Sharyn Wortman,How Can I Begin to Tell You? Unpacking the Arctic,"£11,599",02-Mar-26,March,Q4,London,Merton,Visual arts,"£30,000 and below",Research and Development for Individuals
Anna Jefferson,Women over 50- imagined v reality R and D,"£8,290",02-Mar-26,March,Q4,South East,Brighton and Hove,Literature,"£30,000 and below",Research and Development for Individuals
Thomas Heath-Harvey,COMMUNE,"£8,000",02-Mar-26,March,Q4,Midlands,Newark and Sherwood,Theatre,"£30,000 and below",Research and Development for Individuals
Rachel Spungin,The Gaze Interrupted,"£12,034",02-Mar-26,March,Q4,London,Haringey,Visual arts,"£30,000 and below",Research and Development for Individuals
Nathan Britton,Soho Music Land,"£12,000",02-Mar-26,March,Q4,London,Merton,Digital Arts,"£30,000 and below",Research and Development for Individuals
Pamela Glintenkamp,R&D: Experimentation and skills development: archive-inspired generative AI sound and image,"£10,000",02-Mar-26,March,Q4,London,Tower Hamlets,Digital Arts,"£30,000 and below",Research and Development for Individuals
Amanda Haran,Irregular Thread,"£12,559",02-Mar-26,March,Q4,Midlands,Amber Valley,Visual arts,"£30,000 and below",Research and Development for Individuals
Holly Stevenson,"Messages In Mud: An R&D exploration into clay, performance and British cordwainers' folklore.","£8,000",02-Mar-26,March,Q4,London,Greenwich,Visual arts,"£30,000 and below",Research and Development for Individuals
Nilupa Yasmin,"R&D: Weaving Sculpture, Image, and Material Practice","£12,000",02-Mar-26,March,Q4,Midlands,Birmingham,Not discipline specific,"£30,000 and below",Research and Development for Individuals
Flywheel Productions,The Emperor 2,"£29,878",03-Mar-26,March,Q4,London,Southwark,Theatre,"£30,000 and below",
Libraries Unlimited South West,Devon Digital Skills Framework in Libraries,"£28,852",03-Mar-26,March,Q4,South West,Exeter,Libraries,"£30,000 and below",Universal Library Offers
Inkandescent,Bold,"£29,983",03-Mar-26,March,Q4,London,Kensington and Chelsea,Literature,"£30,000 and below",
Moving Memory Dance Theatre,"We'll Take It From Here, Dear","£29,850",03-Mar-26,March,Q4,South East,Folkestone and Hythe,Dance,"£30,000 and below",
Chloe Langlois,Hot Snakes,"£24,722",03-Mar-26,March,Q4,London,Southwark,Visual arts,"£30,000 and below",
Grooveschool,Grooveschool Re-Engage: Inclusive Music & Digital Arts,"£24,500",03-Mar-26,March,Q4,London,Lambeth,Music,"£30,000 and below",
Samara Langham,Who Are Your Eyes: dance work creation and premiere,"£22,626",03-Mar-26,March,Q4,London,Southwark,Dance,"£30,000 and below",
OxygenArts,Into the Light exhibition tour,"£29,700",03-Mar-26,March,Q4,London,Lambeth,Dance,"£30,000 and below",
Alexander Dennis,Building an Innovative and Sustainable Practice,"£24,775",03-Mar-26,March,Q4,South East,Luton,Visual arts,"£30,000 and below",
Gold & Silver Interprises CIC,‘Voices of River Moselle’ engages Haringey’s Supported Housing Community,"£32,920",03-Mar-26,March,Q4,London,Enfield,Combined arts,"£30,000 and below",
The Black Art Hub,Medway Lens,"£28,500",03-Mar-26,March,Q4,South East,Medway,Visual arts,"£30,000 and below",
African Activities CIC,The Nightjar Project,"£21,655",03-Mar-26,March,Q4,South West,New Forest,Theatre,"£30,000 and below",
Scott Peacock,On Track,"£35,549",03-Mar-26,March,Q4,South West,Tewkesbury,Theatre,"£30,000 and below",
David Whitaker,Saving Britney Revival 4th Resubmission,"£25,120",03-Mar-26,March,Q4,London,Croydon,Theatre,"£30,000 and below",
Abdoulaye Seck,"Simb of Senegal at South East Dance, Brighton","£23,740",03-Mar-26,March,Q4,South East,Brighton and Hove,Dance,"£30,000 and below",
Clarke Reynolds,Mr Dots Dot Shop,"£34,000",03-Mar-26,March,Q4,South West,Havant,Visual arts,"£30,000 and below",
Amritha Jayakrishnan,London Margazhi 2026,"£20,000",03-Mar-26,March,Q4,London,Ealing,Dance,"£30,000 and below",
Edward Hopkins,WYRD SISTER,"£26,520",03-Mar-26,March,Q4,South East,North Norfolk,Theatre,"£30,000 and below",
Thenix Sound Foundation,The Unlimited Dream Company,"£25,000",03-Mar-26,March,Q4,South East,Canterbury,Visual arts,"£30,000 and below",
Jane Hayes Greenwood,A Complex Entanglement,"£14,685",03-Mar-26,March,Q4,London,Greenwich,Visual arts,"£30,000 and below",
John Houston,The Romney Flock and Tide Tales Part 1,"£29,952",03-Mar-26,March,Q4,South East,Folkestone and Hythe,Visual arts,"£30,000 and below",
Ipswich Windrush Society,"Windrush 78 – Heritage, Unity & Legacy","£32,549",03-Mar-26,March,Q4,South East,Ipswich,Combined arts,"£30,000 and below",
Abigail Parkes,Transcribe,"£9,338",03-Mar-26,March,Q4,South West,Southampton,Literature,"£30,000 and below",
Harun Cehovic,Evo Evo R&D,"£24,739",03-Mar-26,March,Q4,London,Haringey,Theatre,"£30,000 and below",
Jam Nice CIC,Sound Futures: A Tiered Training Course Developing the Next Generation of Live Engineers,"£29,957",03-Mar-26,March,Q4,South West,"Bristol, City of",Music,"£30,000 and below",
Groundswell,Look Out! Newquay Festival 2026,"£32,800",03-Mar-26,March,Q4,South West,Cornwall,Combined arts,"£30,000 and below",
The Cholmondeleys,Bugs,"£7,982",03-Mar-26,March,Q4,South West,North Devon,Dance,"£30,000 and below",
Asian Pirate Musical Collective,NLPG O30 Nov25,"£56,731",03-Mar-26,March,Q4,London,Westminster,Theatre,"Above £30,000",
Sadler's Wells,Elevating Dance Talent: A National Talent Development Pipeline for the Future of Dance in England,"£1,000,000",03-Mar-26,March,Q4,London,Islington,Dance,"Above £30,000 - Major Project",
The Bank of Dreams and Nightmares,NLPG O30 Nov25,"£88,231",03-Mar-26,March,Q4,South West,Dorset,Literature,"Above £30,000",
Council of the Isles of Scilly,NLPG O30 Nov25,"£87,072",03-Mar-26,March,Q4,South West,Isles of Scilly,Combined arts,"Above £30,000",
National Literacy Trust,Growing Lifelong Readers,"£300,000",03-Mar-26,March,Q4,London,Lambeth,Literature,"Above £30,000 - Major Project",
Southampton Forward,NLPG O30 Oct25,"£100,000",03-Mar-26,March,Q4,South West,Southampton,Combined arts,"Above £30,000",
Cultural Services - Portsmouth City Council,NLPG O30 Oct25,"£99,495",03-Mar-26,March,Q4,South West,Portsmouth,Combined arts,"Above £30,000",
Artbox London,NLPG O30 Oct25,"£81,958",03-Mar-26,March,Q4,London,Greenwich,Visual arts,"Above £30,000",
Dance Umbrella,Diversifying Curatorial Stewardship,"£350,000",03-Mar-26,March,Q4,London,Westminster,Dance,"Above £30,000 - Major Project",
Migration Museum Project,REMIX,"£405,931",03-Mar-26,March,Q4,London,Lewisham,Museums,"Above £30,000 - Major Project",
We Are Unlimited Arts,Unlimited Symposium,"£300,000",03-Mar-26,March,Q4,North,Wakefield,Not discipline specific,"Above £30,000 - Major Project",
Junction CDC Ltd,DISRUPT,"£241,123",03-Mar-26,March,Q4,South East,Cambridge,Combined arts,"Above £30,000 - Major Project",
Finborough Theatre,NLPG O30 Oct25,"£39,740",03-Mar-26,March,Q4,London,Kensington and Chelsea,Theatre,"Above £30,000",
Gren Bartley,NLPG O30 Oct25,"£90,000",04-Mar-26,March,Q4,Midlands,Dudley,Combined arts,"Above £30,000",
Sarah Saeed,NLPG O30 Oct25,"£55,307",04-Mar-26,March,Q4,South East,Brighton and Hove,Theatre,"Above £30,000",
Folkestone Museum,NLPG O30 Oct25,"£49,000",04-Mar-26,March,Q4,South East,Folkestone and Hythe,Museums,"Above £30,000",Unlocking Collections
Rachel Stockdale-Cook,NLPG O30 Oct25,"£65,890",04-Mar-26,March,Q4,North,North Tyneside,Theatre,"Above £30,000",
Samia Malik,NLPG O30 Oct25,"£39,915",04-Mar-26,March,Q4,South East,Norwich,Combined arts,"Above £30,000",
Red Robin Productions,NLPG O30 Oct25,"£99,999",04-Mar-26,March,Q4,North,Sheffield,Dance,"Above £30,000",
Museum of Royal Worcester CIO,NLPG O30 Oct25,"£99,999",04-Mar-26,March,Q4,Midlands,Worcester,Museums,"Above £30,000",Unlocking Collections
The Henry Moore Foundation,NLPG O30 Oct25,"£105,680",04-Mar-26,March,Q4,North,Leeds,Visual arts,"Above £30,000",
Culture Warrington,NLPG O30 Oct25,"£78,847",04-Mar-26,March,Q4,North,Warrington,Combined arts,"Above £30,000",
Little Seeds Music,NLPG O30 Oct25,"£76,483",04-Mar-26,March,Q4,South East,Cherwell,Theatre,"Above £30,000",
Studio Spectroscope,NLPG O30 Oct25,"£127,000",04-Mar-26,March,Q4,South West,"Bristol, City of",Combined arts,"Above £30,000",
Fun Guy Theatre Productions,NLPG O30 Oct25,"£51,490",04-Mar-26,March,Q4,South East,Woking,Theatre,"Above £30,000",
SV2G,NLPG O30 Oct25,"£98,010",04-Mar-26,March,Q4,South East,Buckinghamshire,Music,"Above £30,000",
Sandwell Library and Information Service,NLPG O30 Oct25,"£99,908",04-Mar-26,March,Q4,Midlands,Sandwell,Libraries,"Above £30,000",Universal Library Offers
Black Country Dance Hub,NLPG O30 Oct25,"£100,000",04-Mar-26,March,Q4,Midlands,Walsall,Dance,"Above £30,000",
Adam Carver,NLPG O30 Oct25,"£107,378",04-Mar-26,March,Q4,Midlands,Birmingham,Music,"Above £30,000",
Hay Festival Foundation Ltd,NLPG O30 Oct25,"£99,652",04-Mar-26,March,Q4,Midlands,Powys,Combined arts,"Above £30,000",
Craig Brown,NLPG O30 Nov25,"£71,827",04-Mar-26,March,Q4,South East,West Oxfordshire,Theatre,"Above £30,000",
Tim and Barry,NLPG O30 Nov25,"£71,645",04-Mar-26,March,Q4,South East,Hastings,Music,"Above £30,000",
BRILLIANT BAMBOO CIC,NLPG O30 Nov25,"£50,000",04-Mar-26,March,Q4,Midlands,Stafford,Visual arts,"Above £30,000",
Roots Mbili Theatre,Never Look Back: A cultural and historical experience honouring the forgotten heroes of World War II,"£125,000",04-Mar-26,March,Q4,North,Sheffield,Theatre,"Above £30,000 - Over £100k application",
Holmfirth Arts Festival,Holmfirth Arts Festival - Flow year 3,"£30,000",04-Mar-26,March,Q4,North,Kirklees,Combined arts,"£30,000 and below",
YESYESNONO Productions,See Me Waving - new touring show & integrated youth engagement programme,"£24,184",04-Mar-26,March,Q4,London,Islington,Theatre,"£30,000 and below",
The Thomas-Ferdinand Gallery,The Artist Accelerator R&D,"£32,452",04-Mar-26,March,Q4,London,Barnet,Visual arts,"£30,000 and below",
Unsettled Theatre,'The Untold Fable of Fritz' 2026 Tour,"£10,754",04-Mar-26,March,Q4,South East,Bedford,Theatre,"£30,000 and below",
Concrete Youth,Blueprint 2026 R&D,"£50,137",04-Mar-26,March,Q4,North,"Kingston upon Hull, City of",Theatre,"£30,000 and below",
Rosemary Barrett,Sounding Out – Unlocking Museum Collections Through Music and Making,"£23,400",04-Mar-26,March,Q4,North,North Yorkshire,Museums,"£30,000 and below",Unlocking Collections
Sensong Workshops CIC,SENSONG: SEND Songwriting & Music-Making Workshops,"£29,995",04-Mar-26,March,Q4,South East,Brighton and Hove,Music,"£30,000 and below",
Stuart Waters,Queer:mess R&D and building partnerships,"£30,540",04-Mar-26,March,Q4,South East,Eastbourne,Dance,"£30,000 and below",
Skedaddle Theatre Limited,Levelling up of Talent via A Brief Case of Crazy Show,"£33,693",04-Mar-26,March,Q4,North,Sheffield,Theatre,"£30,000 and below",
NorthCare Charity,Creative Crotchets,"£29,376",04-Mar-26,March,Q4,North,Salford,Theatre,"£30,000 and below",
THIRUNARAYAN PRODUCTIONS LTD,Holy Dirt-Community engagement and Touring ambitions,"£28,800",04-Mar-26,March,Q4,South East,Arun,Dance,"£30,000 and below",
Colum Findlay,Others: a new musical - development and public performances,"£34,960",04-Mar-26,March,Q4,London,Enfield,Theatre,"£30,000 and below",
Lancashire County Council Libraries,Culture Hacks Rishton Library,"£26,781",04-Mar-26,March,Q4,North,Preston,Libraries,"£30,000 and below",Universal Library Offers
catherine barr,Big Walk to Little Schools Phase 2,"£11,000",04-Mar-26,March,Q4,Midlands,"Herefordshire, County of",Literature,"£30,000 and below",
Isabel Brittain,The Smalls - Creation and Testing for Community Touring,"£29,620",04-Mar-26,March,Q4,North,Leeds,Theatre,"£30,000 and below",
Madelaine Noddings,GET BETTER,"£25,923",04-Mar-26,March,Q4,South East,Brighton and Hove,Theatre,"£30,000 and below",
Abda Khan,The See-SAWW Project,"£22,400",04-Mar-26,March,Q4,Midlands,Solihull,Literature,"£30,000 and below",
Hunter Millington,Trans Joy on Tour: A Strategic Tour and Creative Outreach Programme,"£33,562",04-Mar-26,March,Q4,North,Bury,Theatre,"£30,000 and below",
Oliver Sutherland,Gorthyp Seni: Hidden Spaces Heard,"£12,328",04-Mar-26,March,Q4,South West,Plymouth,Visual arts,"£30,000 and below",Research and Development for Individuals
Nanette Brimble,Documenting Bradford's Jazz Heritage,"£9,000",04-Mar-26,March,Q4,North,Bradford,Music,"£30,000 and below",Research and Development for Individuals
Iman Sultan West,Iman Sultan West,"£11,904",04-Mar-26,March,Q4,South West,"Bristol, City of",Museums,"£30,000 and below",Research and Development for Individuals
Ben Simpson,Wythenshawe Multi-sensory Archive: A Working-Class Town Centre at the Edge of Regeneration,"£11,928",04-Mar-26,March,Q4,North,Manchester,Visual arts,"£30,000 and below",Research and Development for Individuals
Helen Kara,Creative Writing for Late-Diagnosed Neurodivergent Adults,"£25,354",04-Mar-26,March,Q4,Midlands,East Staffordshire,Literature,"£30,000 and below",
NCUH Charitable Funds,Unfold Further,"£29,625",04-Mar-26,March,Q4,North,Cumberland,Combined arts,"£30,000 and below",
Brighton Early Music Festival,Dream Lab: support for emerging artists to increase skills & to ‘dream big’ when developing new work,"£28,382",04-Mar-26,March,Q4,South East,Mid Sussex,Music,"£30,000 and below",
Pianka Maria Pärna,"Curtain Call - a queer, post-soviet Live Art ballet","£27,000",04-Mar-26,March,Q4,London,Newham,Dance,"£30,000 and below",
Mohammed Siddique Akbar,Khandan Tour,"£35,382",04-Mar-26,March,Q4,North,Manchester,Theatre,"£30,000 and below",
The Centre for Processional Culture in the UK,The Centre for Processional Culture in the UK,"£29,600",04-Mar-26,March,Q4,North,Rossendale,Combined arts,"£30,000 and below",
Grace Oon Hooi Ng Ralph,Creatives House,"£33,792",04-Mar-26,March,Q4,North,Manchester,Combined arts,"£30,000 and below",
Intra Community Trust,IntraFest,"£29,665",04-Mar-26,March,Q4,South East,Medway,Combined arts,"£30,000 and below",
Nottingham City Council Library Service,Nottingham City & County Libraries: Joining and Celebrating the Living Knowledge Network,"£30,000",04-Mar-26,March,Q4,Midlands,Nottingham,Libraries,"£30,000 and below",Universal Library Offers
"Centre of Wellbeing, Training & Culture",The Qawwali Connection,"£24,661",04-Mar-26,March,Q4,North,Oldham,Music,"£30,000 and below",
Speak Volumes Festival 2025,Speak Volumes Festival 2026,"£18,646",04-Mar-26,March,Q4,Midlands,Worcester,Combined arts,"£30,000 and below",
Orange Tree,Orange Tree Theatre – Richmond Myths,"£30,000",04-Mar-26,March,Q4,London,Richmond upon Thames,Theatre,"£30,000 and below",
Edward Hurst,Dream Park: creating the world’s greatest theme park R&D,"£25,355",04-Mar-26,March,Q4,North,Trafford,Theatre,"£30,000 and below",
Emily Cropton,Hefted,"£26,149",04-Mar-26,March,Q4,North,Scottish Borders,Visual arts,"£30,000 and below",
Three Score Dance Company,"Betwixt - Develop, Perform, Engage","£29,220",04-Mar-26,March,Q4,South East,Brighton and Hove,Dance,"£30,000 and below",
Beverley Harling,Hey Good Lookin' Phase 1,"£29,286",04-Mar-26,March,Q4,South East,Hastings,Theatre,"£30,000 and below",
Mahamadou Kanoute,Jaliyaa Kumbengo: From West African Griot Traditions to Western Music & Improv,"£31,902",04-Mar-26,March,Q4,South East,Tameside,Music,"£30,000 and below",
Tyler Cunningham,Speak Up,"£30,000",04-Mar-26,March,Q4,Midlands,Stafford,Literature,"£30,000 and below",
James Baldwin,Sound Stories: a creative libraries project in prisons,"£31,988",04-Mar-26,March,Q4,London,"Herefordshire, County of",Literature,"£30,000 and below",
Ouseburn Trust,Ouseburn Festival 2026 - Local Artist Commissions,"£15,089",04-Mar-26,March,Q4,North,Newcastle upon Tyne,Combined arts,"£30,000 and below",
Matthew Denham,Threshold Ecologies,"£11,997",04-Mar-26,March,Q4,North,Newcastle upon Tyne,Digital Arts,"£30,000 and below",Research and Development for Individuals
Tim Etchells,Individual R&D,"£15,455",04-Mar-26,March,Q4,North,Sheffield,Combined arts,"£30,000 and below",Research and Development for Individuals
Annie Chapter,"Living Kinetics: R&D of Wind-Powered, Habitat-Integrated Eco-Sculpture","£12,000",04-Mar-26,March,Q4,South West,"Bristol, City of",Visual arts,"£30,000 and below",Research and Development for Individuals
Flora Parrott,Metalwork and Network,"£10,900",04-Mar-26,March,Q4,South East,Thanet,Visual arts,"£30,000 and below",Research and Development for Individuals
Elizabeth Lanfear,Ferus Pigment: a project of regenerative and reciprocal colour,"£9,454",04-Mar-26,March,Q4,South West,Mid Devon,Visual arts,"£30,000 and below",Research and Development for Individuals
Jessica Hitchman,Storytelling Research for 9 - 12s,"£11,400",04-Mar-26,March,Q4,North,York,Literature,"£30,000 and below",Research and Development for Individuals
Emily McLennan,Radiating Connections,"£10,850",04-Mar-26,March,Q4,North,Stirling,Visual arts,"£30,000 and below",Research and Development for Individuals
Pete Codling,Dust to Data,"£25,000",04-Mar-26,March,Q4,South West,Portsmouth,Visual arts,"£30,000 and below",Research and Development for Individuals
Arty-Folks,Hand on Heart,"£32,790",05-Mar-26,March,Q4,Midlands,Coventry,Visual arts,"£30,000 and below",
Ruth Singer,Hand & Heart,"£41,326",05-Mar-26,March,Q4,Midlands,Charnwood,Visual arts,"£30,000 and below",
Samantha Peberdy,Tales in Textiles: Folklore of Leicester,"£24,000",05-Mar-26,March,Q4,Midlands,Leicester,Visual arts,"£30,000 and below",Universal Library Offers
Assunta Ruocco,Assunta and Lou Spring Summer 26 programme,"£11,800",05-Mar-26,March,Q4,Midlands,Nottingham,Visual arts,"£30,000 and below",
Gather Create Grow CIC,Cosby Yarn Bomb 2026,"£29,989",05-Mar-26,March,Q4,Midlands,Blaby,Visual arts,"£30,000 and below",
Small Talk Productions Ltd,Allardici's (The Big Sam Musical) Phase 1: Community Engagement & Creative Development,"£18,774",05-Mar-26,March,Q4,Midlands,Lincoln,Theatre,"£30,000 and below",
The Emma Press,Beyond the Book - Primary & SEND 2026,"£28,246",05-Mar-26,March,Q4,Midlands,Birmingham,Literature,"£30,000 and below",
Jo-anne Cox,Enter the Dragon's Cave pre tour Research and Development,"£38,216",10-Mar-26,March,Q4,London,Waltham Forest,Theatre,"£30,000 and below",
Joe Sellman-Leava,COPYCAT - Research and Development,"£12,300",10-Mar-26,March,Q4,South West,Mid Devon,Theatre,"£30,000 and below",Research and Development for Individuals
Daisy Dooks,Songwriting & Vocal R&D Residency (Fiskars AiR),"£30,937",10-Mar-26,March,Q4,North,Newcastle upon Tyne,Music,"£30,000 and below",Research and Development for Individuals
Rose London,Artist Development in Heritage Blacksmithing,"£11,862",10-Mar-26,March,Q4,North,Manchester,Visual arts,"£30,000 and below",Research and Development for Individuals
Jack Smith,"Atmospheric Firing for Today: Research into Accessible, Sustainable Methods","£12,000",10-Mar-26,March,Q4,South East,Brighton and Hove,Visual arts,"£30,000 and below",Research and Development for Individuals
Debbie Sharp,Beyond The Frame,"£23,905",10-Mar-26,March,Q4,South West,Cornwall,Combined arts,"£30,000 and below",Research and Development for Individuals
April Key,Enduring Neon: Pennine Editions,"£12,500",10-Mar-26,March,Q4,North,Wakefield,Visual arts,"£30,000 and below",Research and Development for Individuals
Alastair Knowles Lenoir,Ali R&D,"£14,370",10-Mar-26,March,Q4,South East,Thanet,Visual arts,"£30,000 and below",Research and Development for Individuals
Suad Kamardeen,Writing My Father and Me Back to Health,"£11,980",10-Mar-26,March,Q4,London,South Cambridgeshire,Literature,"£30,000 and below",Research and Development for Individuals
MINE KAPLANGI,Queering the Ends of the World: A Curatorial R&D Project,"£8,200",10-Mar-26,March,Q4,London,Folkestone and Hythe,Combined arts,"£30,000 and below",Research and Development for Individuals
Jiahao Ji,Healing Panels: Co-create Comics as Self-care Approach,"£8,861",10-Mar-26,March,Q4,London,Richmond upon Thames,Visual arts,"£30,000 and below",
PRONK!,BIRTH: The Musical,"£27,626",10-Mar-26,March,Q4,London,Waltham Forest,Theatre,"£30,000 and below",
Wyatt Sinfonia,The Planets: Beyond Earth,"£20,000",10-Mar-26,March,Q4,London,Tower Hamlets,Music,"£30,000 and below",
Lake Space CIC,Lake Public Programme 2026,"£29,850",10-Mar-26,March,Q4,London,Lewisham,Visual arts,"£30,000 and below",
Cineatre,Merry Mubarak Resubmission,"£27,940",10-Mar-26,March,Q4,London,Tower Hamlets,Theatre,"£30,000 and below",
Eek & Wild,Under One Sky,"£14,189",10-Mar-26,March,Q4,London,Wandsworth,Dance,"£30,000 and below",
Emma Taylor,NewsRevue - Levelling Up,"£29,540",10-Mar-26,March,Q4,London,Westminster,Combined arts,"£30,000 and below",
The Spitz,Reaching Out 2026,"£29,995",10-Mar-26,March,Q4,London,Islington,Music,"£30,000 and below",
JUST INCARNIVAL Arts and Culture CIC,JUST INCARNIVAL - Carnival 360 Barnet: Mas | Pan | Community,"£27,000",10-Mar-26,March,Q4,London,Barnet,Combined arts,"£30,000 and below",
Tanya Truman,How To Make a Mess - New Musical,"£31,647",10-Mar-26,March,Q4,London,Islington,Theatre,"£30,000 and below",
Dervish Productions,PUNK DAYS,"£29,792",10-Mar-26,March,Q4,London,Bexley,Theatre,"£30,000 and below",
Yeovil Art Space,Yeovil Reimagine,"£203,500",10-Mar-26,March,Q4,South West,Somerset,Combined arts,"Above £30,000 - Place Partnership project",
Read Now Write Now,Knowsley Novels: Creative Writing Project for Adult Beginners in Knowsley,"£21,564",11-Mar-26,March,Q4,North,Wirral,Libraries,"£30,000 and below",Universal Library Offers
Patrick Swain,Drone Play R&D,"£18,240",11-Mar-26,March,Q4,North,Cheshire East,Theatre,"£30,000 and below",
Margate Pride CIC,Margate Pride 2026: 10-year anniversary,"£30,000",11-Mar-26,March,Q4,South East,Thanet,Combined arts,"£30,000 and below",
Hannah Maxwell,"TURN YOUR F***ING PHONES OFF: R&D, workshops & presentation","£29,679",11-Mar-26,March,Q4,South East,North Hertfordshire,Theatre,"£30,000 and below",
LW Arts CIC,CommuniTree Participatory Festival of Global Music and Dance 2026,"£29,480",11-Mar-26,March,Q4,Midlands,Rushcliffe,Combined arts,"£30,000 and below",
originalprojects,"By Doing, Together: Shared Stewardship in Practice","£28,590",11-Mar-26,March,Q4,South East,Great Yarmouth,Combined arts,"£30,000 and below",
Victoria Moran,Life Before The Line - R&D,"£32,335",11-Mar-26,March,Q4,South East,Windsor and Maidenhead,Theatre,"£30,000 and below",
Silent Uproar Productions,Silent Uproar's 2026 Queer Community Programme,"£30,850",11-Mar-26,March,Q4,North,"Kingston upon Hull, City of",Theatre,"£30,000 and below",
Sarnai Byambadorj,Dance for healthier aging,"£7,500",11-Mar-26,March,Q4,North,Blackpool,Dance,"£30,000 and below",
frank prazer,Black Country Multicultural Weekend,"£29,500",11-Mar-26,March,Q4,South East,Luton,Combined arts,"£30,000 and below",
-,-,"£27,394",11-Mar-26,March,Q4,South East,Brighton and Hove,Visual arts,"£30,000 and below",
Circle 101,Leicester Mela Festival (LMF) 2026,"£30,000",11-Mar-26,March,Q4,Midlands,Leicester,Combined arts,"£30,000 and below",
Creative Workshop Coaches,Creative Workshop Coaches : Making it Happen,"£29,695",11-Mar-26,March,Q4,Midlands,Warwick,Not discipline specific,"£30,000 and below",
In Between Time,Breathe,"£30,000",11-Mar-26,March,Q4,South West,North Somerset,Visual arts,"£30,000 and below",
Bruce Ncube,Cultural Creatives - Bruce Ncube meets Mr Will,"£29,400",11-Mar-26,March,Q4,Midlands,Lichfield,Music,"£30,000 and below",
Osun Arts Foundation,Exploring Culture From The Root,"£28,500",11-Mar-26,March,Q4,North,Liverpool,Combined arts,"£30,000 and below",
The Krazy Kat Theatre Company,Visible Voices a Communication Workshop,"£27,265",11-Mar-26,March,Q4,South East,Brighton and Hove,Theatre,"£30,000 and below",
Patchwork Community Music,Patchwork Music Performance Programme in Sunderland,"£10,855",11-Mar-26,March,Q4,North,Newcastle upon Tyne,Music,"£30,000 and below",
Monika Johnson,EARTH CALLING BEAR-STRONAUT!,"£24,960",11-Mar-26,March,Q4,Midlands,Rushcliffe,Theatre,"£30,000 and below",
GIFT,GIFT 2026,"£30,000",11-Mar-26,March,Q4,North,Gateshead,Combined arts,"£30,000 and below",
Olana Light,Between Land and Tide,"£30,000",11-Mar-26,March,Q4,South West,Havant,Combined arts,"£30,000 and below",
Pauline Giacomelli Harris,Warwick Children's Literary Festival,"£5,850",11-Mar-26,March,Q4,Midlands,Warwick,Literature,"£30,000 and below",
Ashley Dilks,Drink and Draw Bakewell,"£2,596",11-Mar-26,March,Q4,Midlands,Derbyshire Dales,Visual arts,"£30,000 and below",
Joe Strickland,Horrorshow: Gig Theatre Development,"£29,962",11-Mar-26,March,Q4,Midlands,Nottingham,Theatre,"£30,000 and below",
Solid Purpose Community Change CIC,Shared Frequencies,"£8,500",11-Mar-26,March,Q4,North,Trafford,Music,"£30,000 and below",
Sarah Maple,Mixed Heritage Photography,"£22,120",11-Mar-26,March,Q4,South East,Crawley,Visual arts,"£30,000 and below",
David J Shaw,Jaywick Youth Visual Storytelling Project,"£19,952",11-Mar-26,March,Q4,South East,Hastings,Visual arts,"£30,000 and below",
The butterfly effected,The Big Heart Projects Blackpool,"£12,500",11-Mar-26,March,Q4,North,Blackpool,Visual arts,"£30,000 and below",
Alex Modiano,The Divine Trinity Immersive Experience,"£26,731",11-Mar-26,March,Q4,South East,Buckinghamshire,Music,"£30,000 and below",
Hollie Notman,The Pop-up Cardboard Museum of Natural History from the Future - 2.0,"£32,500",11-Mar-26,March,Q4,North,Redcar and Cleveland,Visual arts,"£30,000 and below",
Bradford Culture Company Ltd,Beyond Bradford 2025,"£1,500,000",11-Mar-26,March,Q4,North,Bradford,Combined arts,"Above £30,000 - Place Partnership project",
Phoebe Rowell John,Developing an International Theatre Practice and Network,"£5,020",11-Mar-26,March,Q4,London,Islington,Theatre,"£30,000 and below",Research and Development for Individuals
Tom Mence,New Knowledge via Visual Stuttering,"£11,336",11-Mar-26,March,Q4,Midlands,Malvern Hills,Visual arts,"£30,000 and below",Research and Development for Individuals
Yuliya Trishkeu,Sunflowers: World Premiere of Chamber Vocal Work by Adam Gorb,"£1,100",11-Mar-26,March,Q4,North,Manchester,Music,"£30,000 and below",
Andrew Cameron,Documentary & Film Photography,"£3,715",11-Mar-26,March,Q4,South West,Basingstoke and Deane,Visual arts,"£30,000 and below",Research and Development for Individuals
Juliet Brown,Exploring My Songwriting Identity (R&D),"£7,548",11-Mar-26,March,Q4,South East,Windsor and Maidenhead,Music,"£30,000 and below",Research and Development for Individuals
Phillip Jaype Omotosho,To My Art I Must Be True,"£15,000",11-Mar-26,March,Q4,London,Enfield,Theatre,"£30,000 and below",Research and Development for Individuals
Suleiman Suleiman,Kabuki–Film–Dance Hybrid Language: Research & Development,"£12,000",11-Mar-26,March,Q4,London,Camden,Theatre,"£30,000 and below",Research and Development for Individuals
Rebecca Skinner,Stitched into History,"£12,998",11-Mar-26,March,Q4,North,Cumberland,Museums,"£30,000 and below",Research and Development for Individuals
Rose Attridge,Soul in Cyan: Visualising the Emotional Power of Live Music,"£11,500",11-Mar-26,March,Q4,Midlands,North Northamptonshire,Combined arts,"£30,000 and below",Research and Development for Individuals
Tayla Kenyon,Tell Me Where It Hurts,"£29,971",11-Mar-26,March,Q4,South East,Birmingham,Theatre,"£30,000 and below",
Sarah Taylor,"SOLSTICE, creation and tour","£30,000",11-Mar-26,March,Q4,South West,Cornwall,Dance,"£30,000 and below",
Aimi Jayne Donnelly,Hidden Places,"£13,823",12-Mar-26,March,Q4,Midlands,Coventry,Visual arts,"£30,000 and below",Research and Development for Individuals
M Gallego,Inclusive Ballroom Dance: Developing an Accessible Teaching Framework,"£10,000",12-Mar-26,March,Q4,London,Wandsworth,Dance,"£30,000 and below",Research and Development for Individuals
Hannah Rolley,Unearthed,"£19,060",12-Mar-26,March,Q4,Midlands,West Northamptonshire,Literature,"£30,000 and below",Research and Development for Individuals
Hazel Sealeaf,The Universal*-Ish Declaration of Human Rights,"£11,560",12-Mar-26,March,Q4,Midlands,Birmingham,Visual arts,"£30,000 and below",Research and Development for Individuals
Sam Williams,The Disorderly Garden R&D,"£10,976",12-Mar-26,March,Q4,London,Hackney,Visual arts,"£30,000 and below",Research and Development for Individuals
Pablo Herrera Trujillo,The Music Lab Training & Testing,"£13,000",12-Mar-26,March,Q4,London,Waltham Forest,Music,"£30,000 and below",Research and Development for Individuals
Melissa Addey,The Regency Outsiders,"£11,978",12-Mar-26,March,Q4,London,Merton,Literature,"£30,000 and below",Research and Development for Individuals
Emma Bentley Fox,Safelight R&D,"£25,076",12-Mar-26,March,Q4,London,Lambeth,Combined arts,"£30,000 and below",Research and Development for Individuals
David Goodenough,The Multimedia Producer: Digital Upskilling & Remote Collaboration R&D,"£12,000",12-Mar-26,March,Q4,London,Camden,Music,"£30,000 and below",Research and Development for Individuals
Kate Chapman,Ears Wide Open,"£12,000",12-Mar-26,March,Q4,Midlands,Broxtowe,Not discipline specific,"£30,000 and below",Research and Development for Individuals
Susannah Weiland,Expanded Drawing,"£5,220",12-Mar-26,March,Q4,London,Richmond upon Thames,Visual arts,"£30,000 and below",Research and Development for Individuals
Longfield Hall Trust,Longfield Hall Theatre's Young Company production of The Trials,"£29,525",17-Mar-26,March,Q4,London,Lambeth,Theatre,"£30,000 and below",
Compass Collective,Next Stage,"£30,000",17-Mar-26,March,Q4,London,Lambeth,Theatre,"£30,000 and below",
Jenny Witzel,WORK WHILE THEY $LEEP! resubmission,"£27,168",17-Mar-26,March,Q4,South West,"Bristol, City of",Theatre,"£30,000 and below",
Jackson Rouse,Jackson Rouse - The Live Series/EP,"£3,700",17-Mar-26,March,Q4,London,Wandsworth,Visual arts,"£30,000 and below",
Ted Tinkler,"Tactility, mosaics & lace - exhibition & workshop series in SE London","£10,788",17-Mar-26,March,Q4,London,Greenwich,Visual arts,"£30,000 and below",
Play Nicely Theatre,There is a Light and a Whistle for Attracting Attention festival tour,"£23,839",17-Mar-26,March,Q4,South East,Cornwall,Theatre,"£30,000 and below",
The Vandens Karta Ensemble,Magdalena: Embedded BSL Development and Premiere,"£16,610",17-Mar-26,March,Q4,London,Islington,Theatre,"£30,000 and below",
Sebastian Mayer,Hannibaby,"£29,992",18-Mar-26,March,Q4,London,Haringey,Theatre,"£30,000 and below",
Ridiculusmus Theatre Company,Alas! Poor Yorick tour April 2026,"£3,628",18-Mar-26,March,Q4,London,Barnet,Theatre,"£30,000 and below",
Tmesis Theatre,Physical Fest 26/ R&D,"£29,905",18-Mar-26,March,Q4,North,Liverpool,Theatre,"£30,000 and below",
Sunderland Literacy Aid,Creative Compass,"£29,750",18-Mar-26,March,Q4,North,Sunderland,Not discipline specific,"£30,000 and below",
Charlie Baylis,Anthropocene writing workshops,"£4,079",18-Mar-26,March,Q4,Midlands,Nottingham,Literature,"£30,000 and below",
Maximilian Hombach,libiversary #03,"£26,390",18-Mar-26,March,Q4,South East,Thanet,Combined arts,"£30,000 and below",
Philip Pearson,DJ IN LIBRARIES EXPERIENCE 26,"£18,200",18-Mar-26,March,Q4,Midlands,Gedling,Theatre,"£30,000 and below",
Veritas Theatre Company,Blindfolded,"£29,901",18-Mar-26,March,Q4,South East,Vale of White Horse,Theatre,"£30,000 and below",
Arts 2 Heal,Made by Many Hands,"£28,500",18-Mar-26,March,Q4,North,Blackburn with Darwen,Visual arts,"£30,000 and below",
RAWD CIO,Write to Thrive: RAWD x Tip Tray Co-Devised Collaboration 2026,"£34,833",18-Mar-26,March,Q4,North,Liverpool,Theatre,"£30,000 and below",
Melodramatic Productions Ltd,Romeo & Juliet New Production R&D,"£29,212",18-Mar-26,March,Q4,South East,Milton Keynes,Theatre,"£30,000 and below",
Essex County Council,Jaywick’s Creative Library Project,"£28,500",18-Mar-26,March,Q4,South East,Chelmsford,Combined arts,"£30,000 and below",Universal Library Offers
Scala Worcester,Scala Launch Party: Fire and Folk,"£29,950",18-Mar-26,March,Q4,Midlands,Worcester,Combined arts,"£30,000 and below",
OSR Projects,NLPG O30 Jan26,"£49,845",18-Mar-26,March,Q4,South West,Somerset,Visual arts,"Above £30,000",
International Documentary Festival Sheffield,NLPG O30 Jan26,"£107,775",18-Mar-26,March,Q4,North,Sheffield,Digital Arts,"Above £30,000",
Relish Theatre,NLPG O30 Jan26,"£102,460",18-Mar-26,March,Q4,London,Haringey,Theatre,"Above £30,000",
Misty Dampier,Music is for Everyone,"£2,600",18-Mar-26,March,Q4,London,Newham,Music,"£30,000 and below",
Wimbledon BookFest,Wimbledon Bookfest 2026,"£30,000",18-Mar-26,March,Q4,London,Merton,Literature,"£30,000 and below",
Counterminers CIC,As Yet UnScene,"£30,000",18-Mar-26,March,Q4,South East,Hertsmere,Theatre,"£30,000 and below",
Leicester City Council (Festivals & Events),Riverside Festival 2026,"£29,500",18-Mar-26,March,Q4,Midlands,Leicester,Combined arts,"£30,000 and below",
Sutton on Sea & Trusthorpe Carnival,Sutton-on-Sea Carnival 2026,"£29,989",18-Mar-26,March,Q4,Midlands,East Lindsey,Combined arts,"£30,000 and below",
INDUS ARTS FESTIVAL LIMITED,MYSTIC TRADITION SERIES,"£30,000",18-Mar-26,March,Q4,South East,Fenland,Music,"£30,000 and below",
Edrahil Lucifer,Carnival Creed 2026: The Legacy of 60,"£30,000",18-Mar-26,March,Q4,South East,Reading,Combined arts,"£30,000 and below",
Ashbourne Arts Ltd,Night Watch Ashbourne,"£29,976",18-Mar-26,March,Q4,Midlands,Derbyshire Dales,Combined arts,"£30,000 and below",
Brit Seaton,Quiet Time,"£22,705",18-Mar-26,March,Q4,North,Manchester,Visual arts,"£30,000 and below",
Karma Dance (Mental Health & Trauma) CIC,Boot Polish,"£29,654",18-Mar-26,March,Q4,North,Leeds,Dance,"£30,000 and below",
Tina Hagger,A Woman's Place Is....,"£9,000",18-Mar-26,March,Q4,South East,Swale,Visual arts,"£30,000 and below",
Nikki & JD,NLPG O30 Jan26,"£64,679",18-Mar-26,March,Q4,London,Hackney,Theatre,"Above £30,000",
Let's Go Yorkshire,NLPG O30 Jan26,"£74,000",18-Mar-26,March,Q4,North,Kirklees,Visual arts,"Above £30,000",
Wimborne Minster Town Council,NLPG O30 Dec25,"£76,993",18-Mar-26,March,Q4,South West,Dorset,Combined arts,"Above £30,000",
Wac Arts,NLPG O30 Dec25,"£60,000",18-Mar-26,March,Q4,London,Camden,Combined arts,"Above £30,000",
GL4 CIC,NLPG O30 Dec25,"£103,137",18-Mar-26,March,Q4,South West,Gloucester,Combined arts,"Above £30,000",
Roustabout Theatre,NLPG O30 Dec25,"£99,294",18-Mar-26,March,Q4,South West,"Bristol, City of",Theatre,"Above £30,000",
Preston City Council,NLPG O30 Dec25,"£79,000",18-Mar-26,March,Q4,North,Preston,Combined arts,"Above £30,000",
Collective Encounters,NLPG O30 Dec25,"£109,360",18-Mar-26,March,Q4,North,Liverpool,Theatre,"Above £30,000",
Caboclos Ltd,Catapluf Dreamweavers - Building Bridges Through Music and Stories,"£29,186",18-Mar-26,March,Q4,London,Lewisham,Combined arts,"£30,000 and below",
The Untold Orchestra,NLPG O30 Dec25,"£37,500",18-Mar-26,March,Q4,North,Manchester,Music,"Above £30,000",
Wentworth Woodhouse Preservation Trust,NLPG O30 Dec25,"£56,500",18-Mar-26,March,Q4,North,Rotherham,Combined arts,"Above £30,000",
DreamArts,NLPG O30 Dec25,"£90,000",18-Mar-26,March,Q4,London,Westminster,Theatre,"Above £30,000",
Rebecca Johnson,NLPG O30 Dec25,"£41,592",18-Mar-26,March,Q4,South West,New Forest,Literature,"Above £30,000",
Adam Henry Kammerling,NLPG O30 Dec25,"£36,910",18-Mar-26,March,Q4,London,Waltham Forest,Literature,"Above £30,000",
Mudbelly Teaches,NLPG O30 Dec25,"£100,000",18-Mar-26,March,Q4,London,Redbridge,Visual arts,"Above £30,000",
D6 Culture Ltd,NLPG O30 Dec25,"£57,565",18-Mar-26,March,Q4,North,Newcastle upon Tyne,Visual arts,"Above £30,000",
Erica Mulkern,NLPG O30 Dec25,"£36,360",18-Mar-26,March,Q4,North,Bradford,Dance,"Above £30,000",
Jonluke McKie,NLPG O30 Dec25,"£40,850",18-Mar-26,March,Q4,North,North Tyneside,Theatre,"Above £30,000",
Bloc Projects,NLPG O30 Dec25,"£69,556",18-Mar-26,March,Q4,North,Sheffield,Visual arts,"Above £30,000",
Pirates of the Carabina,NLPG O30 Dec25,"£89,090",18-Mar-26,March,Q4,South West,Somerset,Theatre,"Above £30,000",
New Diorama,NLPG O30 Nov25,"£75,000",18-Mar-26,March,Q4,London,Camden,Theatre,"Above £30,000",
REDRUTH FORMER LIBRARY,NLPG O30 Dec25,"£37,393",18-Mar-26,March,Q4,South West,Cornwall,Theatre,"Above £30,000",
Royal Shakespeare Company,RSC Touring 2026-2029,"£2,019,149",18-Mar-26,March,Q4,Midlands,Stratford-on-Avon,Theatre,"Above £30,000 - Over £30k Touring project",
ECH,NLPG O30 Dec25,"£64,424",18-Mar-26,March,Q4,London,Newham,Visual arts,"Above £30,000",
Black Gold Arts Festival,NLPG O30 Dec25,"£42,650",18-Mar-26,March,Q4,North,Manchester,Combined arts,"Above £30,000",
Tuba Dance Theatre LTD,NLPG O30 Nov25,"£43,084",18-Mar-26,March,Q4,London,Newham,Combined arts,"Above £30,000",
Reach Inclusive Arts,NLPG O30 Nov25,"£92,579",18-Mar-26,March,Q4,South West,Swindon,Theatre,"Above £30,000",
Ukon Careers,NLPG O30 Nov25,"£76,748",18-Mar-26,March,Q4,London,Barking and Dagenham,Combined arts,"Above £30,000",
Equal Arts,NLPG O30 Nov25,"£74,400",18-Mar-26,March,Q4,North,Newcastle upon Tyne,Visual arts,"Above £30,000",
Sunderland Music Arts and Culture Trust,NLPG O30 Nov25,"£72,500",18-Mar-26,March,Q4,North,Sunderland,Combined arts,"Above £30,000",
Exmouth Festival,NLPG O30 Nov25,"£39,500",18-Mar-26,March,Q4,South West,East Devon,Combined arts,"Above £30,000",
ArtichokePrintWorkshop,NLPG O30 Nov25,"£59,815",18-Mar-26,March,Q4,London,Lambeth,Visual arts,"Above £30,000",
Preston City Mela,NLPG O30 Nov25,"£66,602",18-Mar-26,March,Q4,North,Preston,Combined arts,"Above £30,000",
Playing ON,NLPG O30 Nov25,"£59,589",18-Mar-26,March,Q4,London,Lewisham,Theatre,"Above £30,000",
Stephanie Singer,NLPG O30 Nov 2025,"£73,320",18-Mar-26,March,Q4,London,Lambeth,Music,"Above £30,000",
Jessica Wright,NLPG O30 Nov 2025,"£82,370",18-Mar-26,March,Q4,London,Newham,Dance,"Above £30,000",
In Bed With My Brother,Philosophy of the World,"£104,926",18-Mar-26,March,Q4,South West,Exeter,Theatre,"Above £30,000 - Over £30k Touring project",
Luca Rutherford,NLPG O30 Nov25,"£72,466",18-Mar-26,March,Q4,North,Newcastle upon Tyne,Theatre,"Above £30,000",
The Habbit Factory,NLPG O30 Nov25,"£63,500",18-Mar-26,March,Q4,London,Havering,Theatre,"Above £30,000",
Mahogany Opera Group,NLPG O30 Nov25,"£69,390",18-Mar-26,March,Q4,North,Cumberland,Music,"Above £30,000",
Joseph Morgan Schofield,NLPG O30 Oct25,"£80,000",18-Mar-26,March,Q4,London,Lewisham,Combined arts,"Above £30,000",
JW3 Trust Ltd,NLPG O30 Oct25,"£64,456",18-Mar-26,March,Q4,London,Camden,Combined arts,"Above £30,000",
Blue Cabin CIO,NLPG O30 Oct25,"£54,115",18-Mar-26,March,Q4,North,Gateshead,Visual arts,"Above £30,000",
SI Leeds Literary Prize,NLPG O30 Oct25,"£55,165",18-Mar-26,March,Q4,North,Calderdale,Literature,"Above £30,000",
Neon Dance,NLPG O30 Oct25,"£85,850",18-Mar-26,March,Q4,South West,Swindon,Dance,"Above £30,000",
The Firebird Theatre,NLPG O30 Oct25,"£75,875",18-Mar-26,March,Q4,South West,"Bristol, City of",Theatre,"Above £30,000",
The Future is Ours,NLPG O30 Oct25,"£71,255",18-Mar-26,March,Q4,North,Manchester,Visual arts,"Above £30,000",
Rian Treanor,NLPG O30 Nov25,"£60,000",18-Mar-26,March,Q4,North,Rotherham,Music,"Above £30,000",
Small Things Dance Collective,NLPG O30 Nov25,"£56,000",18-Mar-26,March,Q4,North,St. Helens,Dance,"Above £30,000",
Collage Arts,NLPG O30 Nov25,"£63,910",18-Mar-26,March,Q4,London,Haringey,Combined arts,"Above £30,000",
Room 13 Hareclive,NLPG O30 Nov25,"£44,700",18-Mar-26,March,Q4,South West,"Bristol, City of",Visual arts,"Above £30,000",
Basingstoke and Deane Borough Council,NLPG O30 Nov25,"£40,393",18-Mar-26,March,Q4,South West,Basingstoke and Deane,Combined arts,"Above £30,000",
The Mowlem Theatre,NLPG O30 Oct25,"£35,208",18-Mar-26,March,Q4,South West,Dorset,Combined arts,"Above £30,000",
MACFEST UK,NLPG O30 Oct25,"£100,000",18-Mar-26,March,Q4,North,Manchester,Combined arts,"Above £30,000",
Somerset Libraries (Somerset Council),NLPG O30 Oct25,"£75,674",18-Mar-26,March,Q4,South West,Somerset,Libraries,"Above £30,000",Universal Library Offers
La Petite Mort Theatre,NLPG O30 Oct25,"£59,256",18-Mar-26,March,Q4,North,Wyre,Dance,"Above £30,000",
Blackpool Arts Service,NLPG O30 Oct25,"£96,500",18-Mar-26,March,Q4,North,Blackpool,Visual arts,"Above £30,000",
National Poetry Centre,NLPG O30 Oct25,"£99,945",18-Mar-26,March,Q4,North,Leeds,Literature,"Above £30,000",
Fallen Angels Dance Theatre,NLPG O30 Oct25,"£45,736",18-Mar-26,March,Q4,North,Cheshire West and Chester,Dance,"Above £30,000",
Leeds Lieder,NLPG O30 Oct25,"£59,500",18-Mar-26,March,Q4,North,Leeds,Music,"Above £30,000",
Ri Ri's Dance Academy,The Magic Stick Tour 2026,"£52,785",19-Mar-26,March,Q4,North,Tameside,Combined arts,"Above £30,000 - Over £30k Touring project",
Rhum & Clay Theatre Company,Technicolor regional midscale tour,"£99,000",19-Mar-26,March,Q4,London,Camden,Theatre,"Above £30,000 - Over £30k Touring project",
Sonrisa Arts CIC,Dance in the Dark - National Tour,"£99,930",19-Mar-26,March,Q4,Midlands,Warwick,Theatre,"Above £30,000 - Over £30k Touring project",
Ramshacklicious Ltd,Truth - Inclusive accesible touring 2026,"£67,023",19-Mar-26,March,Q4,South West,Bath and North East Somerset,Combined arts,"Above £30,000 - Over £30k Touring project",
Kadir Karababa,One Song,"£67,733",19-Mar-26,March,Q4,London,Hackney,Combined arts,"Above £30,000 - Over £30k Touring project",
Unicorn Theatre London Ltd,Tim Crouch's Toto Kerblammo!,"£48,740",19-Mar-26,March,Q4,London,Southwark,Theatre,"Above £30,000 - Over £30k Touring project",
On The Wire Prodcutions CIC,Fell 2026 - Community tour and workshop programme,"£35,000",19-Mar-26,March,Q4,South West,East Devon,Theatre,"Above £30,000 - Over £30k Touring project",
Zoe Hopper,NLPG O30 Nov25,"£83,498",19-Mar-26,March,Q4,South East,Tendring,Theatre,"Above £30,000",
Arts Melbourne CIC,NLPG O30 Oct25,"£53,706",19-Mar-26,March,Q4,Midlands,South Derbyshire,Combined arts,"Above £30,000",
The Sixteen,The Sixteen: Choral Pilgrimage 2026,"£65,000",19-Mar-26,March,Q4,London,Westminster,Music,"Above £30,000 - Over £30k Touring project",
Platform Thirty1 Limited,NLPG O30 Oct25,"£104,000",19-Mar-26,March,Q4,Midlands,Bolsover,Combined arts,"Above £30,000",
Brixton Chamber Orchestra,Estates Tours 2025/26,"£57,566",19-Mar-26,March,Q4,London,Lambeth,Music,"Above £30,000 - Over £30k Touring project",
ZoieLogic Dance Theatre,ZoieLogic Touring Programme: Ride & The Ostentatious Ball,"£72,887",19-Mar-26,March,Q4,South West,Southampton,Dance,"Above £30,000 - Over £30k Touring project",
Dylan Faye,NLPG O30 Nov 2025,"£42,233",19-Mar-26,March,Q4,South East,Gravesham,Not discipline specific,"Above £30,000",
"Museum of Oxford, Oxford City Council",NLPG O30 Nov25,"£84,409",19-Mar-26,March,Q4,South East,Oxford,Music,"Above £30,000",
Art Voyage Biennial CIC,NLPG O30 Dec25,"£49,175",19-Mar-26,March,Q4,South East,Mole Valley,Visual arts,"Above £30,000",
Yes/No Productions,NLPG O30 Dec25,"£49,165",19-Mar-26,March,Q4,South East,Brighton and Hove,Theatre,"Above £30,000",
LIT THEATRE COMPANY LTD,NLPG O30 Dec25,"£45,000",19-Mar-26,March,Q4,Midlands,Nottingham,Theatre,"Above £30,000",
Open University,NLPG O30 Dec25,"£59,775",19-Mar-26,March,Q4,South East,Milton Keynes,Literature,"Above £30,000",
GreenHouse Theatre Project,NLPG O30 Dec25,"£99,689",19-Mar-26,March,Q4,Midlands,Stoke-on-Trent,Theatre,"Above £30,000",
Vanhulle Dance Theatre,NLPG O30 Dec25,"£54,853",19-Mar-26,March,Q4,South East,East Cambridgeshire,Dance,"Above £30,000",
Thaxted Festival Foundation,NLPG O30 Dec25,"£46,500",19-Mar-26,March,Q4,South East,Uttlesford,Music,"Above £30,000",
TOAST Poetry,NLPG O30 Dec25,"£64,344",19-Mar-26,March,Q4,South East,Norwich,Literature,"Above £30,000",
Nottingham Poetry Festival,NLPG O30 Dec25,"£72,713",19-Mar-26,March,Q4,Midlands,Rushcliffe,Literature,"Above £30,000",
soundLINCS,NLPG O30 Dec25,"£97,524",19-Mar-26,March,Q4,Midlands,Lincoln,Music,"Above £30,000",
RACHAEL MAINWARING,Bright Places 2026 Tour,"£97,337",19-Mar-26,March,Q4,Midlands,Birmingham,Theatre,"Above £30,000 - Over £30k Touring project",
DanceEast,The Region of Creative Health,"£350,000",20-Mar-26,March,Q4,South East,Ipswich,Dance,"Above £30,000 - Place Partnership project",
London Borough of Waltham Forest – Culture & Heritage Department,Creative Pathways Waltham Forest,"£279,000",20-Mar-26,March,Q4,London,Waltham Forest,Not discipline specific,"Above £30,000 - Place Partnership project",
Citizens of the World Choir,Leading with Song: Refugee-led creativity building stronger creative communities,"£31,120",24-Mar-26,March,Q4,London,Greenwich,Music,"£30,000 and below",
Camille Dawson,Body Odyssey Book series Development,"£19,762",24-Mar-26,March,Q4,London,Lewisham,Literature,"£30,000 and below",
Artspace Lifespace,FutureVille Bristol: Who Builds This City?,"£27,336",24-Mar-26,March,Q4,South West,"Bristol, City of",Combined arts,"£30,000 and below",
Bola Akeji,Sonder R&D,"£32,691",24-Mar-26,March,Q4,London,Enfield,Theatre,"£30,000 and below",
Ellie Barrett,Embedding socially-engaged sculpture: new programmes for children's engagement with making,"£12,285",24-Mar-26,March,Q4,North,Lancaster,Visual arts,"£30,000 and below",
Julia Moore,Arts In Care Homes Swindon,"£2,000",24-Mar-26,March,Q4,South West,Swindon,Visual arts,"£30,000 and below",
Lloyd Balatongan,Filipino Culture Live,"£13,500",24-Mar-26,March,Q4,Midlands,Derby,Combined arts,"£30,000 and below",
Yawning Dog Productions Ltd,The SCALES,"£29,722",24-Mar-26,March,Q4,South West,New Forest,Theatre,"£30,000 and below",
Lee Benson,Poetry-athon,"£29,495",24-Mar-26,March,Q4,Midlands,Dudley,Literature,"£30,000 and below",
The Common Press CIC,The Common Press - printing press and events pilot,"£32,700",24-Mar-26,March,Q4,London,Tower Hamlets,Literature,"£30,000 and below",
University of Nottingham,Young carers storytelling,"£28,415",24-Mar-26,March,Q4,Midlands,Nottingham,Literature,"£30,000 and below",
Elliot Liburd,A Murder Most Foley,"£32,657",24-Mar-26,March,Q4,London,Haringey,Theatre,"£30,000 and below",
Barnaby Joseph Gibbons,Travel Reminiscence,"£1,440",24-Mar-26,March,Q4,London,Lewisham,Combined arts,"£30,000 and below",
Orli Ivanov,Ceramics for Confidence: Creative Skills and Community Engagement,"£30,000",24-Mar-26,March,Q4,London,Greenwich,Visual arts,"£30,000 and below",
SHEWOLVES,Development and Showcase of VAMP & Phoenix Theatre Youth Project,"£30,956",24-Mar-26,March,Q4,Midlands,Nottingham,Theatre,"£30,000 and below",
Springbok Production House,BokFest,£0,24-Mar-26,March,Q4,London,Wandsworth,Theatre,"£30,000 and below",
AcrobaticArts Circus Entertainment,CIRCUS PARADE,"£27,752",24-Mar-26,March,Q4,North,Brent,Theatre,"£30,000 and below",
HandMade Theatre,The Butterfly House,"£28,300",24-Mar-26,March,Q4,Midlands,Gedling,Theatre,"£30,000 and below",
Christof R Davis,Re:Verse,"£7,516",24-Mar-26,March,Q4,Midlands,Solihull,Combined arts,"£30,000 and below",
Elizabeth Treece,Peter and the Wolf: An early childhood adventure through dance & music,"£28,529",24-Mar-26,March,Q4,London,Sutton,Dance,"£30,000 and below",
Gabrielle de la Puente,Where the Devil lost his poncho,"£22,823",25-Mar-26,March,Q4,North,Liverpool,Literature,"£30,000 and below",
Clare Gibbons,Finding Our Voices - Storytelling Arts for Young People with Autism and DLD,"£22,500",25-Mar-26,March,Q4,South East,Brighton and Hove,Not discipline specific,"£30,000 and below",
Kelly Hoye,Staring At The Walls -2,"£28,479",25-Mar-26,March,Q4,North,Salford,Theatre,"£30,000 and below",
Ryan Mackenzie Limited,"Em Sintonia - a day of Brazilian music, culture and collaboration","£17,394",25-Mar-26,March,Q4,London,Reigate and Banstead,Music,"£30,000 and below",
Damian Appleby,Sex and Disability: The Musical,"£31,174",25-Mar-26,March,Q4,South East,Brighton and Hove,Theatre,"£30,000 and below",
Junction 7 Creatives C.I.C.,Urban Arts Festival 2026,"£9,690",25-Mar-26,March,Q4,South East,Stevenage,Combined arts,"£30,000 and below",
Ascendance,Fuse Forward (FF),"£29,754",25-Mar-26,March,Q4,North,Leeds,Dance,"£30,000 and below",
Redcar and Cleveland Borough Council Cultural Services,Kite Festival 2026,"£27,050",25-Mar-26,March,Q4,North,Redcar and Cleveland,Combined arts,"£30,000 and below",
Active Communities Teesside CIC,Eid Fusion Festival,"£20,000",25-Mar-26,March,Q4,North,Stockton-on-Tees,Combined arts,"£30,000 and below",
Harry Clayton-Wright,Mr Blackpool 2026,"£25,214",25-Mar-26,March,Q4,North,Wyre,Theatre,"£30,000 and below",
Antonello Apicella,Blue Passport,"£20,395",25-Mar-26,March,Q4,North,Salford,Dance,"£30,000 and below",
Choir Boys Productions,An Adequate Abridgement of Boarding School Life as a Homo,"£4,586",25-Mar-26,March,Q4,North,Manchester,Theatre,"£30,000 and below",
ruby kitching,Still Life With Mangos R&D - Resubmission,"£31,630",25-Mar-26,March,Q4,South East,Reigate and Banstead,Theatre,"£30,000 and below",
James Stenhouse,R&D - Stage Fright - Performing without a safety net,"£12,925",25-Mar-26,March,Q4,South West,"Bristol, City of",Theatre,"£30,000 and below",Research and Development for Individuals
Nicola Hills,The Spell Garden,"£29,750",25-Mar-26,March,Q4,North,Westmorland and Furness,Combined arts,"£30,000 and below",
HurlyBurly,NLPG O30 Jan26,"£51,975",25-Mar-26,March,Q4,South East,Brighton and Hove,Music,"Above £30,000",
The Long Goodbye,Until The Room Was Empty,"£8,500",25-Mar-26,March,Q4,South East,Broadland,Combined arts,"£30,000 and below",
Photo Hub North CIC,Creative Earth Eco Fest,"£24,975",25-Mar-26,March,Q4,North,Bradford,Combined arts,"£30,000 and below",
Figs in Wigs Ltd,"Figs in Wigs Activity 2026: Little Wimmin, Astrology Bingo, SISTER R&D","£29,995",25-Mar-26,March,Q4,South East,Cambridge,Theatre,"£30,000 and below",
Iain Chambers,The Waste Symphony,"£11,445",25-Mar-26,March,Q4,South East,Peterborough,Music,"£30,000 and below",Research and Development for Individuals
Preston Jazz Fest,Jazz Festival 2026,"£29,798",25-Mar-26,March,Q4,North,Preston,Music,"£30,000 and below",
Richard Orasinski,From Digital Space to Machine Output: Advanced 3D Fabrication Research,"£9,000",25-Mar-26,March,Q4,South East,Folkestone and Hythe,Visual arts,"£30,000 and below",Research and Development for Individuals
Georgia Rowan,Developing my socially engaged dance theatre practice,"£13,952",25-Mar-26,March,Q4,North,Sheffield,Dance,"£30,000 and below",Research and Development for Individuals
Oladimeji Benson Mawanomi,"Developing My Practice in Immersive Audio, Spatial Mixing and Digital Sound Innovation","£4,500",25-Mar-26,March,Q4,North,Newcastle upon Tyne,Visual arts,"£30,000 and below",Research and Development for Individuals
John Antony Lyons,"Hidden Sounds, Voices, Echoes - R&D for new sonic art projects","£10,925",25-Mar-26,March,Q4,South West,"Bristol, City of",Visual arts,"£30,000 and below",Research and Development for Individuals
Barbara Santi,Material Memory: Exploring Cultural Heritage Through Experimental Moving Image,"£12,700",25-Mar-26,March,Q4,South West,Cornwall,Visual arts,"£30,000 and below",Research and Development for Individuals
Preston Caribbean Carnival Ltd.,NLPG O30 Jan26,"£58,900",25-Mar-26,March,Q4,North,Preston,Combined arts,"Above £30,000",
Ryan Margaret Hay,R&D: Pinocchio,"£12,998",25-Mar-26,March,Q4,North,North Tyneside,Theatre,"£30,000 and below",Research and Development for Individuals
Maraid Mcewan,Ephemerality R&D,"£12,095",25-Mar-26,March,Q4,London,East Hertfordshire,Visual arts,"£30,000 and below",Research and Development for Individuals
Gravity & Levity,NLPG O30 Jan26,"£95,841",25-Mar-26,March,Q4,South East,Brighton and Hove,Combined arts,"Above £30,000",
Matthew E Myer,QOW Trio celebrates Spike Wells' contribution to jazz music with 21 date UK tour,"£14,735",25-Mar-26,March,Q4,South East,Brighton and Hove,Music,"£30,000 and below",
Slaget Theatre,NLPG O30 Dec25,"£70,340",25-Mar-26,March,Q4,South East,Tendring,Theatre,"Above £30,000",
Worthing Festival C.I.C,NLPG O30 Dec25,"£98,906",25-Mar-26,March,Q4,South East,Worthing,Combined arts,"Above £30,000",
Alistair Walsh,NLPG O30 Dec25,"£49,305",25-Mar-26,March,Q4,Midlands,North Kesteven,Theatre,"Above £30,000",
Hubbub Theatre Company,NLPG O30 Dec25,"£61,722",25-Mar-26,March,Q4,Midlands,Derby,Theatre,"Above £30,000",
Resurgence Productions,NLPG O30 Dec25,"£75,885",25-Mar-26,March,Q4,Midlands,Nottingham,Theatre,"Above £30,000",
Hikapee,NLPG O30 Dec25,"£59,111",25-Mar-26,March,Q4,South East,Epsom and Ewell,Theatre,"Above £30,000",
Blueprint Arts Foundation Limited,NLPG O30 Oct25,"£60,000",25-Mar-26,March,Q4,South East,Gravesham,Combined arts,"Above £30,000",
Concerteenies,NLPG O30 Oct25,"£95,196",25-Mar-26,March,Q4,North,Sheffield,Music,"Above £30,000",
Daniel Canham,NLPG O30 Oct25,"£52,230",25-Mar-26,March,Q4,South West,South Cambridgeshire,Dance,"Above £30,000",
Buckinghamshire Libraries,NLPG O30 Oct25,"£47,827",25-Mar-26,March,Q4,South East,Buckinghamshire,Libraries,"Above £30,000",Universal Library Offers
People's Theatre Collective,NLPG O30 Nov25,"£102,517",25-Mar-26,March,Q4,South East,Cherwell,Theatre,"Above £30,000",
Hockley Hustle,NLPG O30 Nov25,"£100,650",25-Mar-26,March,Q4,Midlands,Rushcliffe,Music,"Above £30,000",
Armonico Consort Limited,NLPG O30 Nov25,"£50,000",25-Mar-26,March,Q4,Midlands,Warwick,Music,"Above £30,000",
Libraries & Communities - Staffordshire County Council,NLPG O30 Nov25,"£69,600",25-Mar-26,March,Q4,Midlands,Stafford,Libraries,"Above £30,000",Universal Library Offers
Leamington Art in the Park Festival,NLPG O30 Nov25,"£48,500",25-Mar-26,March,Q4,Midlands,Warwick,Combined arts,"Above £30,000",
Anjali Dance Company,NLPG O30 Nov25,"£69,746",25-Mar-26,March,Q4,Midlands,Nottingham,Dance,"Above £30,000",
Glass Art Society UK,International Festival of Glass,"£194,511",26-Mar-26,March,Q4,Midlands,Dudley,Visual arts,"Above £30,000 - Major Project",
The Hepworth Wakefield Trust,Museum AI: Pilot,"£166,184",26-Mar-26,March,Q4,North,Wakefield,Museums,"Above £30,000 - Major Project",Unlocking Collections
Inpress Ltd,Poetry Book Society - Next Generation Poets,"£145,000",26-Mar-26,March,Q4,North,Newcastle upon Tyne,Literature,"Above £30,000 - Major Project",
Vicky Streater,"Exit Hazardous Acid Dyes, Hello Food Waste Dyes","£7,902",26-Mar-26,March,Q4,London,Merton,Visual arts,"£30,000 and below",Research and Development for Individuals
Christopher Roberts,Cerdd Dant as Compositional Method,"£11,900",26-Mar-26,March,Q4,London,Barnet,Music,"£30,000 and below",Research and Development for Individuals
Eliza Jean Scott,Research and Development in Sonic Practice: Building an Embodied Sound Language,"£11,978",26-Mar-26,March,Q4,London,Islington,Theatre,"£30,000 and below",Research and Development for Individuals
Roo Dhissou,returning sound to soul,"£14,496",26-Mar-26,March,Q4,Midlands,South Staffordshire,Music,"£30,000 and below",Research and Development for Individuals
Owen Craven-Griffiths,Last Chance,"£17,550",26-Mar-26,March,Q4,Midlands,Leicester,Literature,"£30,000 and below",Research and Development for Individuals
Christopher Hutchings,Research and development for ADHD-led choreographic publishing,"£15,944",26-Mar-26,March,Q4,London,Camden,Dance,"£30,000 and below",Research and Development for Individuals
Viviana Rocha,A K.R.U.M.P. and Flameenco Choreographic Practice,"£11,409",26-Mar-26,March,Q4,London,Hackney,Dance,"£30,000 and below",Research and Development for Individuals
Rosemary Cronin,Rosemary Jane Cronin Research & Development Activity,"£20,000",26-Mar-26,March,Q4,London,Camden,Visual arts,"£30,000 and below",Research and Development for Individuals